5dede5f3fce0f3f0deff0c1fdf2eea1e1211d03f204d1f2f22e0b0bdf10f10cd
24bd64e4cef1f1eeffe2110dcc010cf2d120b01cf1fc1fff111012cbf1f325fb
4b1f40200f0fe25fcc1dee019f24c3dece1de01e2b3e0b22e22060ddefcc10c1
ee0fece2bd30140fdd1fe112d013d1d40f4cc10be362e0ef143121ff1a3b01d0
3ade24110f3302d30efe3c2bd13fbe4edf40c05e203d04e01131be1fde1cf0fb
22bf14e30d32e2ef0efee130db0f0d20ce52ddce92ed0edfb0ef02dd22c147dc
4c035f0d1cff214f1b21a4ff913122eed12011d2506ddc4ff1324f1df21221e1
cb20c2fead31520e11ef0243ce36dec2bc0dd0efed713ee1f111fded0d31f2c0
f12fc610ef0f10f1021033cddff1dd0f2353e231013df2abc0b0c2210cf102fb
62c210edeec102e00fee2513ef10ac33fe01cecfc30c0eccbfad03fe11a2f3eb
e0e1131bbbef235d31f3fef0ac1d13fd2d13dfc1104f2f13f2e2402003c2ffde
cee31ac091010c2c01125314b0e3c3d5d901d9edc06ffc221effdfcc712ed0c0
00f0e303fe5e2300e2e04101d0f0dc012b020d02325ccebdff4ff4e1fcef0fdc
6fde610dff1ece0f1fcfd60ecd240c02003dafa2a40eccfa0fbed3006ddff3ee
3de0cceaacefd1504ef3e0f3ddad34debb01edd11f6c1bff2f022be1c1d40ed1
ff3f20afb1f4300e1f114223a1f1c2e6be44dcffdd5d2c235c2ffcfe2135efc0
4303d1020bef101e1cf1c00ce2fdb91130212122031cb1cddfdebe216ef314fd
f2214fefd0d202202dfdd6f3ef41ebc41df09cdfa2f0ef9dd0bc17fe1c9404bc
feffefefd040ea1e2f126503bcbae2cf1effcd2f033e2e3f2131213001f01bdc
6040329daf312e3d1d3031ffce3e02d3ba22fbfe0e2131033ddead1e244edcbf
33ffbcf2fd30f15021e13edcc0eecb2de1141020e2fcc1eee46de2f22ff4dfcb
52024bf11c32e10f1fbee00eeed0dc41f1d1e01f211f12c9010de50020cfe4eb
ef0ea2dbcd300cec4ce050d0cfe93ff02d31eefb2b0f1eee1f1029df2f131bab
035fd2dffe233030d042029fefee042101040d0f1d3154203d3a9dfff32eefd0
edbf141e1c321fe01ccf2e41fc102011b24df102df39e02fc1d0f31df21d00cd
52cf75e2ce50ce10ded0d61debd2ef20a344fe0bf4effc1c10c00f2ef2d115bf
db211f212d4f3c7fbd0eb3d003e1effec3cb2e1e19001024d120011bcd1f21d2
fc0e420001ff32deee3e1d00e41303d0cd0bde5cf342ef0f21723ed039500ff0
0afd43ff2be003034cdf1cfbfe400d20fd30f01f6239ff2000f0e310cd0c02de
05fc4fd2bf02a100febfe631ecb1fc22cfe4f1eece0df0eebfb0f41c50e42fbb
e0120e2bfdff03601b1fc2adc1e32ecd2e201fef2e5ffe2fb2c24f1f22240dde
eff2bee091e22010dc41213fde24e3c2ceffe210fc2201014100fedc1e50efc2
ef0f531cec20dd324ee01e0f00d3d0b0b131daf4512bb0e0f1c0e3f13d0d13ce
eec165edccdfcee02b90e1300c330b11fd41eabe033ecc2cccded2d070af15cb
5d2e011befef012f0f2ecec2e22c00fff2211fe1ff612c1f0013404fe403dfd1
33f0e1ae92530c40ec2024f4b0d3e005b9500c009d610cf32f2f0ffe312fc0ee
f02344323d4f03213ebd043effdefaf10c110be53d2bb2bdc1a1f2011cc2f4db
3fe000002010f3f2e0ade302c931a9d42e029bc1c7decedd01afe33f3eb103ab
211034ffb03e105e422d1f13f10d2fdefc1dfef1423e0e3223415d320304e1ef
3eff10abf0024d2024316102df0202c30ff21bf1f132fc03fc4eac1d4335bcb0
2f315c02ef2fd10e0ab0301020dfda2d51f20b15e0fa92f00f00f0315fef03d9
202111f00cc1d203fdb014020e1fbe013e42eeb3e4fe0ea9af1e040fffcfe5bd
3c30e4ef0eeeeb2f001e26d3df9b1fdddf22c92c2d50ed20ee424fb2c2f30cb1
722dc3bdcf522f5e032224cecff0b3f30ce5ef031103e0020bfcabcef511dfff
33f12c01eb3013fe10df14fd0fdfcbeee121d113e3ecfe0e23fdd42f13010099
20024fe1d023c22ddbbff001ef01091001bffbefd30ebfdb3cec05305ff4f6c9
2c0cb4eabdde00ec40f141d0e0c904cefc11fc1dcf3f2dde1ece10cf2ce113b0
ff4ea2cdc3222f111e40d0bade1ce213dbd2ddfcd1f441d3fde9acf1d010ed0e
4cec200e400ff1d1f3b11e30edfe022da4fcfeee133bc031d1c0c21bf11b13ff
21de6feef1521dee0aef0f2e12af103f013111c9e3c11901c0c0b2ebe0e01fdf
3c5e4d0c41ed023ea00fbccc101323cda00c414eff1f1ae2d3e10d0b30e32e0e
2dfe01fad1d1e1e0bd11123fffe01de1ac0b014aad2229e0205230ce1b5d1311
eafc5d2d2931d3032dc20f1efb1ffec0f0ee22af103bd4e0ffd1e33f1ffc15bf
560d34ee0e010e304df02f1100e1cdd0d2d4dfd0eee1f30faf90f2ec12c2100f
22222d1b0f3d022ea13ed0ddf0c14fed0fee1142fb204ef123e01d4cc44f1f02
1c03ef01ce020efed0006df200c4d1a2ecb1005ffb02f22e413250db104df232
de2e302e3b5fd21201cfe2210b110e0ee13220d153eacf04e103f10e3b9f21ce
7f1054e1c1f2fce009df00211e11d02fff0001dcdd30ad0ebdafc2e20fe104dd
1320ee3012ef1c3e0ffd140d0f1d72dee3ce223f221122f2ef313210e244f0ef
f2d02ddfdf130920040f4001fec2f0d4a0423f5ebe501f2f2f5fff4ce004dde1
ff125d104b6dee3f0491d4124c9ed2ff3fd3ffe6400bb0d5d2e313337dc113ab
4bc12e100fce01e0fdfc1232fc32ecb3da0ff101c2121bfdce0d130e3cf0f5dc
ce20ed3cf02e1c4dec2e111101ca1d1df01c011ded423241f0e2fce3b051fbcf
ff1e2defa021ff4e130f0f00f0b313041af35032bc41fe011b1e1ad12302cd3f
42135032f94ede3d31a2dff10bf0202df0f00bb6f3fbb2f1ef00d1e351c1fec9
111209ed1fdf0db15dcbd1340c11ff240a2fef14f413bccc10cce3ef6d15d70b
fe1e302ed22e2d2d4b1f35d4e0db2eeece21ec3eee2e1f10d2124d11cffe01e1
2f1f31c0db132a21d04fe02d10d0ef04c9b30e1100f01b3e1bddfec2e412d02e
1101eef3eb21e11e02c3e30b2d9ce20f22e11dd100eb110402beeee223e5000a
0242b0e2f122d10f1aceac01ebf1fdffcf0e01f012112f2d0eccf30033eed21e
ae4d3ed0cf3e2a2c4b1dfe1cf2bb4feeefc2fe0ccc01f1f10f311cc1cb0e1f0f
b02fe2c0ebe04b20ff20c1c9f3db1f11ba05f162c2c223cdbc1cecffa0d0fb3d
0ddb2f004ce1d2fec1b1d030ed2f30ffa0fc1c9430f00ef2e0001f0d1fc923fd
f3fd0ed215f140f0cdf00121f1d22d5edf0011eb0d132fe1b001c10de2033010
2e21602e223dfd30b23eca1e02f4fbae1fad5e43ed413fde325f0f3cf103030f
30ff0201fbd0f01090205ce122e2eecebd0e145cc30ceeef60d1e03d3c5bf222
d91f1b214dffce12d4e3f22ffefe4fe101d02fd0140ed5f4d1e0ee1efed22120
152d331f333f3ef12bdef32011b0ff0302f211f2ec32f0ef1f1fefcb3d1e2f3f
f352422b104c203ddf1debdb1110f1ebcf1a52613f3321304110fdfef4252e22
e0e0ceecfeefeffdf14030d300e20e91f0e33f13cb10de00fed1400ae114f32f
b01f001beceff21132c1b11f2c0e23ddeff220b21e3ec0e6b1a20ff05cae040f
50022deea1f22b003eed221effd21fc11000d21db0d51ee11d1f2cf0fd20e21d
1e4f432c302e3030f22b42f1e2102f2eb0de2f6e4d21003d03d20d01d3301d10
2202dfe9bd22ec4ef02cde121fb351d5fb013f43ff300c0fe0d11ce0e200ecf0
0114503d20f90f2033c3e2313bbf031bf00249952ef0e314efc2b0421de4f312
01210f0c03df30121bdf1f3fe0d4c0e2fe12124fd114202020ced0403d14c13e
3e2fce1d5d5d201f0c3c34e21f1a21ed021ce22b4042301c411201f2b0650c22
e1fe451c0df1eb1e2d1c02f102b020152b0f314e101eff011e2f11c13312d101
00003122124ca0fbe3f2f4313c0d310132d21e94330d3d27f1a1bfe330c4e202
d2033f0fefe121df2e0de23f1f2ffdd220e2011223f3edc22cdee3120d13a2fd
ea0ff211fc1f3f3f2f3d42f31eda2fede33d0e4e0052203cf14202d0fe011b2f
d0e03df0ff41da5e3efddf1e01af40120d0f2f3fe20dfcff29dfff21e1f501f2
3013d502010fb01cf4d6430d3cfbf4fa22d11b9ec1cff00542fdaf1213c515e0
c3f1fcd1edfe3e0e3f00003f00c2d23f0d0dfe2fffc3fe0241dbfcff0122d3ee
9e2fe20dfe4f4e1e4e2afefd22bc10df33e02d5c1af0cdfd0e310fcfea202c01
0f00e1e2f0f2e0402f2e0eef301d0de2dff2101033e2f2f1aecee121fe0dff02
e1fa421bd3e1fd20c2f0e01fe230d1ebc2fa11b10223d1f0e230003d1eee2420
61ec2eeff4e22e0fcee304312111030f0f12e00bafe43325301012ed51263022
032e442d2e3f00f0b04d4aae043230fc212c3e531efe201f72fff42ff15e22f3
4bcf23fdef0eccfef41129e501a13edecefe0401efbd221c423250501e0f232d
3e0d5e2050d022fea2f4033122c001c19fbc0eb1f4e51fc1e2f201fd2fe13403
50cd35fed5313aefdee11f3c20a2f303eed3232ef0f41fd2de01d1db0d042403
451f43125f5c0e3efd1d3a00f3110d0dc5ea34300d6f2230503ff020f35e200f
b2a13f1cfdefed001df10d211ef130b10dce12f4de1b0c3e40014f4f33ccfe2e
132f1d1c1f0d1f010f24c31e0f1fe44d0000fdd164d423f0ffc11e001c1e1211
33f2fc0ff4004bd2001f315f22e10221aeb12f00f332fee4ff5f1e404f06d343
2d11423e3e20e10fe00d10b0142d0d0db42a214c4e20522f23610ddf22630d10
02de34eccce2fa20dc1df20101125b022d000dd2edec4052fef02ae122efff1e
ce021f2c2f2bfff2053402322ee0030a32e13fe313d20303eef2e2132fefee32
01dfe3ff140e23f35fff0f4d12c11300dc23e2f1ee2213b5ec4fd3e00c109322
5cfe2201eb1133f1fffe3f13112cf10dde1b002d5b610d0c3463f121f1200000
5eb0edefed31bb3fd00dd001fff02c011ef23fc1ff0c2f3f1e01fd11f4d1f0f2
03f3e02fcfde010c1215200c2dcce0cffdf04cf5fe031af11101add212c1ee12
c5f2f01dd53f2f212df11d4f21f103c1ea3302030101fa133fddcb02003fa230
0e4fdf1d0f6d1ef002fc00e213fbbe0fdffcff0d2a20e020be01fcbfde2e0132
ccefdf1dfe20e14103ecb2f2111d5c342d2d0ee13e0d0d2e0cef3e1fe1f3f011
1320b3141f20effc061612fb1e3cf1fb14232d0ac4c0e31310cdc1ce220e0420
f3e010e0c5014c0b00e0ecfe22d0c2c01db140febeb231f44fec109f24240332
fc2f310ffd0f512c5cff04ce23fa01fa42def04efc01012ecf31eee31b1fee00
ec412001fd510e403d0f93ff0fcd3ed210d1cf1c2b2df2e1ab3e420edfb0fe00
f0fb5f2cf4112d1104042decf1bfd1f0c3daf0f235d51ecefd311efdce224332
45a9f1ecc3210e21e315e05c301101d0e2f13ed01fe01c02dc31f3f91fd34341
730fe3210dcf12efafff5cb100efedd0f19b5f411c2d5d4072ef0fef43251202
3ebe011e2e90b0e0b4110d1512f00ddedfd910ce1bfcfc0d00512e4e40dc21f0
cfce3b10f6df0121a3f3d202ff0023b9cdde0f2145e1dfec00d10f401cf32222
31d0d30e1212fa1f1f121f1c31a0f0cebf0231d0bfffcc131d42fc1c0cdf03f2
730045125d4df12ecf1debff0121e0cb02cb301d3d0e10315161fe0fe5444e01
31914e1ef0b19d2fe0000f0001ef4ddf3cab01d31fef0c3f0fd13f1e02b02eef
d3e0d029341a0031b213e23200f0203c20c0ed14e203efcece22edf12e1321f2
01e3cd0c010c2b1332171b2e32b0140fcab42200e4fff2d5cf11ff205cf3df11
3b31e11d3d0df22ff1001ed1201efd3cf1eb110e1150e142f151110e00400f21
43e1020dee1fbfe1d3fdd42122e30e022b2ef2bf2f1c2b6cece13fd115d2ee12
21f2fd2c04f91c2ef2f300ff221c32ec0ec3f1133fe1f12c10c1dd01ff16e0f0
b1bf2f1ed3fc22000514412322d0e1e2ece224b2d03ff0040e5ff3203ef1b101
dfe001100f1fd20ff10105e532ecdeeeee3feedd5e1ff0f0e16201c01f2c0132
1ed02310bd10cc1e0f0de1212fe05c112a214eb122ebed1d00d02ee242cef002
34233f1e114f314c2222fe1f10ecf3baf135100cb4e3ef31e000d2f0e104f410
d3d2a211f31eeff02006d22120c103d130123ec1c2e0ebd53f5e0bbf0fd29f20
bdf0dc12f04d1e3e2c1ef5e212fefcfde1ebd0ec1d0ebd2fd1210db20d4d0e34
dfff210ddb3fdb113ddd0edf40e00d13fed001eb3c0e0f2eed1f1111c2b210e0
1301f3e4121cfee90e01e43d12f021fbd513ebeb02c33eff00eeb0c0f20202f0
cfd1c1c20131ecea3323fc100f40d2eeb21222c911d332463deba0a2f3cee242
0c104d021fee0d2f5c1ef2ee013ef0fee03dde2febf0ee211e3111110c0e1303
0cf241ff2c52cf1d4bced40f501d2ddfd22eee0e4f1acfeeab3f12efeea3ff2e
0e0a0203000b010f0b000e0000020e02020b0d0b0c020d020300000f01090d02
0100000f010e040e0b0f020c01020100030f020b0c020f00030f030a0f00000d
010109000d0d020b0e0e0c02040300010e030700010e0e0f000d010d040b0d02
060e0c03090d0e000f020b01020601030b030f0c0a0e0e0e0601020c060b0f0f
020a02010e0d030e000d090d0f000000010f0f000f00000400030f0e040b0f02
000b000d000e000c0002030c0002000e010c0e010a0f0000040c040e030f0c02
01060b01010d000c0d020e0f000000000103020205000f0f0c0e030e050b0101
040a0e030b0b020c0e02020201030d040e00000f0c0f010e0e0d040e0f0d030e
0e040e0e020f0f000c020a0b0100000d0f0f03030e040c030e04020d010a0d01
01000f0f00020f0d0d0201090f02020c030e0e0e00000e00010d0f0f0d000d0e
0f0f0000010b040c0c0c0f00030f01030201010f040d0e0d0f0d040e020b0f07
040200040f0e030b0e0100030c020f000101020d0d0a000e0d0e0600010d010e
00010e0d0f0c0c0d0c020e0b010e000f010d0e010e0f0d0203030f0e030c0e00
0b00000d020f000c0903050a0901030e0e000f0e0f0d010f0d0e030b0b000e0c
01030001020e020f0f0e0d00030f03000f0d010c040d0e010d0d030c02090204
0502010502090d0d00050d0303010e00030e0e0c0e0000000c0d050e000e0303
03050e00000f0a000a010e0c0d0c010e0d0d0b0f0f0e0c040202040d020d0b04
0d04000a0f0b0f020b02050c0902010e000100010c000e010e00050a0b0f0e03
0f0e03020f0c0c010e000d0f000d010204010f0303010b00000e0e0200090f05
04010204030a020e00010e04000d000104010b0003010c0d0f00030f0f0d0100
03030f0f000b000f0c0e000d0c0c01010c00000f04010c010302050c0e0d0a05
0201040d0f00010d0d03010d0e0e010e0e010902000302010c0d030f0f010c03
0d0c020f0f0c0e000d0f0d01050d0100020c02040300090e000d0e000d0c020f
010b010e030b030f01010e000f0d010e020c0d0302010d00020f0f050f0e0001
0a0b03010103050d0e0d030c010f0e02040c050c0f0f0e0e010f0e0f040a040f
010d020e0101040c0d0004000f020e0d0302050d0a02000b010b030f040f0c0d
030e0b0f0b0c0b0d0e0e0e02030101030c04030d04000c0d040f030a070e0f06
00010c0f0a0c00010d000d03060403030902030c0b0f0f010400030006000f00
0b01030e0f000c0c02000e0f0f020f0f030c0f0f000d0c0f0e0102000f0d0104
0201030c0200000c0002030002020e0d030004010e0c040b030b040d00010b01
03000904010b000d0f010f04050100010d03060101010d0f030f0500030d0e04
000c0f010c0d030c0004000f0e0500030c0304010d00010e0500050e04000301
0c06040f0e0d0e0d000c020c00000c0e0f0e0e0300000101000f030e010a000e
020e000f0100010d0c0c000c0e030e000200040d010f020a020b03090e030900
0f030e01000f0d0b000c0902060f030f0e010d01020b0d0f040f020d070a0f06
0f0b0f030f0b030a000503030101000101030d0d0c0c010e04000102060f0f03
0f060302010e010c0103000a03000e0d010f0e020d010b01010e0d010f0d0e01
0e0301090f00000b0f00030f0003000d0f0c04000c0f000a0f0d040001030c01
030c0f00010f0400000b0d03040d0100000e0f0201000e000e01000f010c0f0f
000f0007020c020b01010d010300010f02040c000f0c0d0d0002050107010101
0d05000d0f0d0d0b0003020c0f0c0b0200010b01030100010d0d060c0e000005
0e0f030a01030f0e0002050e0d0f000c0d000000000f000d0b0d01000c02090f
010101010e0e0d010e010202040b030c030d000f020d0f0001000e01040d0f03
04020002020f000103010101020f030001000d00020e0d000500010203010303
0f000100000c0c0c0d03040f0b0e0d010b0f020106030a010d0c020d020c0105
0d0f0f0c00010e0e0004050d0a0d0f000b0c0d0f03020f0f020e0e0f0f020902
000d030d0e0a00000e0c0001040d000d04010e030e010c0e02000d00030c000f
040f0f0e000d000100030003000a010c020f090100050e010202010202000f02
0e0a000f030c010d000d0e0f0f000e0403000f0e0f0f020c030c0100020c0501
000d0300000f030d0d02020f04020b0e010201000c0f040c010c07010001000c
010e0d040a000c0d01020f00000201030e010f00020e0e0e0301060e07000b04
000b0c0f0e0f0f0e0f010300000500020a0e030f0c0e010306030e0f04020e00
0a05010d010f0c0c030f0201040f0c0f010d02020c09030c0e0b030e000d0303
01020203020f0e0b010e030f0f000d0d02030d0e0c09020a000c050d02030000
05030b050f0d0e0d000c010f010103020c000101040f0d0e01010102070f0e02
00020c030b0b0d0a01000e0e000402000d02060e0c0d01020203020004010f03
0904030f0f020c0a0e0e030e04000c0a010f040e0e0f010a0a0a0f00000f0104
0e00030c0302000c0d0c04020e020a0c010d020f0f020409020e010202040e03
0502000002000f0c030e0d01040e01030d030b0c040c0c010602040e050c0e0f
0f010e040f0d010c0d030f010f0301010d010e0f020e020204030f0104030e03
0b0705010f0e0f0c0d04010d00010c0a0101020e0f0f0a0b020c0303010f0307
0e0f0f0a0f03010b010d04010e030b0f0f0202000f0c050d020d0e010f010d01
0f0d0102030e010b000c0e01010f030002010e0e020c0f0e0301020d020c0002
000e0e06030d000d0f0100020301030d02020c0e010f01030f01000205010c04
00010f020e0d020e0102060f030b09030c00040e050d0f0a0b0b0f03000f0305
0004010f0f040e0f0e0007010c040c000c0e060d0f0c010e030d010c0f010d01
030c0f00020f0e020d0d02020f0a020a010d040f0c0f0c0e00000f0e040c0e0f
000d0105030e040f0f00010f000b02010301000f0f0f010f0302040204030d01
0f010f0202020f0c020b070d000a0a030d0c030f0200090d0f0d0d0f0d0d0202
0e0c0d01000f01010c050502000b0c0e0f0b0e0b000e010c0c0d050001030e02
0f02020f0f000e00000c0c02010a0109010f01040e030b0f07020f0d050e0003
0e0c050f020b0f0d0d0e0202020b010e0f020d020e0600030203040301010002
0d0b0c0f0101020c0e0c040d02020e00030e000e0103020c0109040e040d0401
050a0000000c02020d0f000102030d0f020d0c0d0a020f0e020d060d01010301
040d0a040b0d0c0d0f0f0e0f010401050a01020003010c020402070c00000f02
000c0b020e0f020d0d010c010f0303040c0206000f0202020002000e0f000c02
000b0100010e0b0f000f020f02000f0e030402020c0d040b0d0a0202010f0402
0304030f0300040e000f02030e030c0d020c00010b0c0100030e030d0202030c
01020b040f01010b020e0f0e060002050e020d02040f000f04010401020e000e
000f0f050b0c0b0d0e02000d0c04030f0d0f0103000000030c010f0d05020a0f
0f04010d0e040b0a010d030100000c090f020c010d03030d0f0a0101050e0303
0302010f0d0f0d0d000c050100020d0d010f0f010c0d030e0400030102030400
050e0b050301000c0d0d0e0e00000f010f03090f040c0f010102040c0f0f0f0f
0c0b01040f000f0a00040c0e0303040e0103010f0f0f00020c01020d03000b0f
0100010502020b000f0102010f0d0b0b01000e0002010c0d000c010005000304
030a0e0e0c0d0c0d0d0e04020e010d000c0d06010e0f040d000f040e0002030f
020d0102020e010e010c0d04020e0f0e0202020e0f0e000f04020002020d0c0d
000d0f05040e010d010e000e030f040c030f0f00000e04010200040001030a0f
0e020104020104050305020f030d0e030d0d0100050c0f0f0f0e0204030f050f
00030e02000f03000f0206020c000d0d0a02000f0100010d0001020d02030200
040200020f0f0f010f000004010e0e0a040e0e020c0e0f010301020d020e0c0c
0d020104020c04000c010e0c030c02000103000c01010f030102030c04030c0f
0d020e040e020a02020d0001030c0e030d0b020d04020f0d010c0303030f0404
0f0f0b01000e00010e0701000d0d0d03000d0f0003000000000f0f0c02030204
040000010100090f010002030e0a0f0b0400000509010e0f0002040f0f0d0f00
0c02060c000e0c010e0f0e01020a010d03070003010203010e03020003010b01
010a01030001010b0e090302010f01010405000b0e010100000005030300060d
020204020201000e0f0c020e06020100040f0a0e0a000d03000007020701040f
03000d020c000f00010f0c000d030f050e000b0d04040c0201020502050f0c02
0a0d09000b000e0e0a010f0d0a030f020c0e0102020203000e01010d0e010903
0003000e0e010a09020e010f0d0f010f020609010c000d00040e0303010f0301
040e020400020d0b0102050004010e0f010f0c020a0e0d020e01030e01020401
020e0b01020f010d0d0c0f00010300030d0f0f00030c0e020400010c040f0e0e
0c0b0e030e01010e0d030d0f01020f0e0e0d02010f0d02010e01030b01010c02
0f0203000000010d020a05020e00000a010109010d020f0e040f040e010e0100
000d01010e00000f0c0d010302020f010f0c0e0c0f0201020c000f000304040c
04030e01020f010c020a0d0d000f0202000e000102000d020e02040e01000c0e
0f0c0f01000b040a0d0e0f0000030f0b000003010101000f0e0f020c00010d0f
030203040102090d030203000400010d00030d00020d000f0e01030304010002
0d050e0f0f00010f000e0f010d020e0c000b0f0f0f0a03020e0f020103000501
03040d00010f0e000f0b0d00040e0f0e020003000d0a0f03020f040004000f0e
0c0d0302030c010f0f0e0f0f0e000f0f0000000d000002010d0f000c05030c04
0d0306050e0102030f000301020b000d0a02030f030c01010101050204020101
040a0f0d0f0e0c010304010f0d010f0b0a0b0401000b0201000004010102060d
030c0003020e01020f0f0c02000c0f0d03000f030d010c02020f020e030e0d03
0e050d0f020002000a000e0b010e01000404040f020100010f000f0d04040c03
0e0203020f020e04060e050e020a00000e000f0f060f0b0f030206060200010b
0e0b0c0d0f010b060e010e0f010a0e030c0c000c06010c0f0d0203010002050f
010d0e0d0f0d0d050d000e000d0c0e0c03060b040c000d010f01010c020f0a0c
0e05020d000d0f000a0b0d0f0c0b000e00040e030f0401010b0e000b01030e04
00010f0e03020b0a050d07000200030402020c09000e0e000c01070f0d010200
000403000e02020e040e010e0301020002010f0a090e0d01020205030002040f
0e070b0f0d00030c010f0d0c000002010c01000b05000d020d02030e05010e01
020a0c020c030f0c0c020a010b0101010e0e020e030202020b0e030c00030f02
0d0c0f0e0f040e0a0e0e01010001020c03030d020d010d020d00040f0e010100
010d040f0e01010b0f03030f02020200000000000a0c01020302030403030302
0e040d0d0201020c000e0d0f0c0201010e0e0e0e030f00000f01020c06010f0d
00010d050e00010d00030b0e0d020f0f0d0f050f010e0000090e0f0a02030000
020600010d04000d030a03030f01040d000200000f0e00010f0105010e020302
0302000300010d0b040d030f010400030002000f0e0e0f010400020000010400
0e0f0a0f0400030c0d0c0a0d000e000e0e030e02030c01010d0f060103010c0c
0c0c02010202040c0d020c000f00000c00030201010c0f000a0c020f00020f02
0304020f00030a00030e03030f0f030c02020003010c0201000f06030202020d
0f020f020d010b03000d0f0e0001010a0d020f0f0f0b0301010f03020d01040b
0000000e03020c0f0d0c000d0f000d01000404030d0b02020e01000e060f0d00
01030403020201000b0d010100000e0203040501020f020f0f0d020c06040003
010204040e040d0f01030e0e010a030e0c0f000d03010e010000020202030002
0109030301000902030300010f0f010c0e03020d040f0e010f010f020202050e
0300000c01000e020e010b0e0f0b0f0d040502030e030d010001000006010f0d
0c02030000010d010e0e0f00000d0d0001030400010202000e0d000d04040e0e
0f0e020002010d060f000e0d010903020c01040306010c020c0f02020200020a
030f000401040d05040f0000010d01040b030300060e01030f0f01030402070e
030e0f0f01040f010e0d0b0c000c0e0003060e050d0f0e020201050000010c0a
0104020e0f020e000d0d0d01000b0f0d010401040e0001000e0c040100020c00
de320f2403fd3d1e62feefc5f302440b1f7bed103dd00cbfdf3e0f2f4e0fc604
1f22bdfd1fcf2bf020eefee0eed1020e01f04d21afd03ff00f03020bccbfe0e0
13edfe201e0e2a04101ad0d0101d0e01e1fefd11f0ee1d2f0100020e21ada313
c32d7970ee6ff1d31a7f9ddc710c1e1fb4d06e7ccbd7fc4ac5f0fc3e4f0ec6e9
fafcfe3feb1b07f0e4f2307f3e4d1f1fc24fe750e347d6e132e6e144d34d41de
3102dedb10d212eed4b0ef20dcd200ffe0342210304d2323dde5e6c0cd5150e1
d3f0ff13fcfcefee233d42f4de36330fc24faddc031ad2fdf132c12ebdd131c4
e11efd13ef3efff232011110f101f3ef00c0f001003edee1c1e2f013e43d32e0
32f3c23332201d1300190dce12316e4d0d2e0c2ebff3211fed1c001e3ba0b230
fa400ffc001ee1e133f1203e0bfe2e1b0efe22240323e40010ee1d35144c6502
0afec1dff4dc6e401ecc0cfed4cf0de559ecfdb3dd1e1ac9c9ef30ce5ccfc045
eef2dfeff23020feffffefe111eed11300c42021ee311df2d01313eef2e300e0
da12fff01d1905ecd105cf4e3e2df203f13ff13e2e220600f107f1241320230d
eef0d0fe002f01f040f13000df00effef04cd103ef02f2e02e102fe3111f2f02
00e3cefd1211221e11e100f01d0f3f23f0eecf0230de124e4d10f44fd0e3d0d3
f0101d21f23f22fd33230f40c0e020fbf03ce21e235210f1ffd3f1e1154d3101
dc1eed1d0d4f26e914e62053fa74301be0f102015265b522f0effd73034043c0
10d4f0c234e11f3eb1f0fdfae731501c4c2d12002ee42db011ef0dd100e6be4f
9c2e2a230c3c22dc4047ee3e0d2fce02c1a22263a033f27e21f0fe01b43f20cf
ef3ff132e0101e12420e20e3f1f0def20e41db0e5fdbff1e1d102e2120e0d01f
d6ca02e3ec4ff011d00e12f1d214c2eee1e4fe0e2c0db2eed35ffedffe1dfcd0
4ed00fef0eb21bfe2e1af0b210f2f2101f02fce1b1021d21e04e002fe2f2d2e3
3d14e0fe13000a022efdcbbe0f2f4e401232fd1eafb120efdf05021fc191c330
1b3420fd3f1e11f1fff1d110023e30010032d110ff2f21f0e0fe0e231ff11f21
b0304cfece5b15fc34132f12db2ef2fce1ce0221e541e631d0c51007f26e63ff
ff403fe1e0ff110d2ed40f321e2303ee1f211222e14e1010d211ff24f23162f0
c033ef1f0c30f2ef41f7ef21d103f02be1df33331255c23222d4ee44f4602400
f0130edb01ec7d2e71deeebecf0fe0203cfdeef7adf01f4deff0330012bff134
ef400dfc0f3ef6e04ff63022e02110eeef02d512327e020111d2f024e53f71df
3113ff1c0e10f0121e1ffef0fef102fe01e020fbbf002ef031f2f1100ff3d110
f3cb1cd2dc2df5ecfe33111e4e2dd021c40f3506e53317ce7cd7e215030c1bdd
1402cf2e0fdc1fff1be1e0fd03fbde15f2c30414acf5e22d3ef6220d130ecfef
ff22d13bdf29420153a41fe7dfc21dde3b6ad1031c2450e4fde3492f1e0b2623
01f13ffdf9ede19b201f3333cb4710e493e71ef2e44cc10e0f26921ea4fb309d
d2fd1025e1eef0fe1420000ef434d0f11fe1fe0cf0fc0e2b201c20212fdedd21
2100ee0d11ed1ef2fffc1fc12f1efff000033e12cee10212ed1003edebe3e1f2
0c0fe412ee1f22fc030310242e3002010ee1d00f4003e1f1e043fc02e15f01f1
a4fd23e22cf1ee0ede1112f2f247242ee0fe10ff421eeef0f15dffcedb342e03
f40e0cf412beeb050f1b2102101410e000ebfdec00eb0d0e00fe001c21b1e201
cd112e24f0fed0e11b1d0ef10511efee13c1311e10cdf0ccf02e1ff02d0eefee
e4ff2e211f4ffc03103f0dc031ff10edf140fd1ecbbe0ddeb010fe2d2fd1c1ef
f41d0022f12ef2ffeffef02cf3f2010222022f00fe12fefb030e0df03dfe3f0d
03e01e1300f01d0e030c0dd01221001f0fdd0d0bd1d32f31012cf2ebffc1ffe1
eeff2d4d20d0f1ee1f0310f12c0e3f0fff3cf22e20fef1f3d113f032d31212de
c20ff113f2e21d114eff0db021fe0d0e3dfefefdc0dc1cffeecd412d5be3c152
ec0f0e4f001b3c0042f0c0a1fe2d212f003dfc50efa421f1b1faff2e0bd1a611
10b221d23f02ef0fd204fffe1fd2f41ef0a21000401023c23ffdf301e343fece
c9fd1f1def4ff5ee01e61f51f1ed01f001f01502e520251131f30134276f32ee
ea1f2d111f2c16fc1ee60f40fe0f2e0bfffd0315e155c21110d30cf5275073fe
e00f04230e0ff12fe422c1efd2ff41f3003d2f0f1ed2dfecc2010ee3e30114e2
0f322d200f3ff00320e3f0f1fc0e2ef2eefed200205eef01002e02e2144023ff
5af2022df2ca4ff542fffec5ea012e10e05d2d143dd04de42d302e50eff2f7f4
2211c01f0f0c1e0d01ffc0c1ff102f1100f1ef24bdf30022fd1ff3d0eef3e003
1ed20ef0eeeed10f130f0f2d1512d0f111dfdfe1eeec14f0302e01ff101e2c00
c20e0e1623200c1eb24dfdbd2021300d4d3c1a1e1af24edee0202ebd71d4ce40
12b11def1e122e1e141d2df32f232120e01d920034ef01d04f2de40d93de0fc2
22111f2e0001fb10311d2eb32f21031e11efeb20cfa13e4fd01ff01f11d1a3ff
bed01de60192ef2e344c7f09c00ecf053f90defee2e0213a2dff021ee6c2fd2d
331011f112e10e13253e10f0fe0f1e01fffff01cdebe30f2e00e0f3eeec0a0e1
bf20100f10dff20d53f34222fb3f1f1c1f2ee002e352e1dff0ff0c24325034e1
f2100f2d1f4a03fe15120f2fec42542dc02ce111f460f201cff3fe41e02e43c1
0d32f011ffe12ee230dd00f20c1210f1e0f30cfdfed11240cf1d000fec1ee301
de0ae00ff0d01010345f4efff00bffe21f1deeee44105f114ecf2e202f4e131e
1422de1df1ff0df00efa0ff0111f0ff00f114b1fbed0312ed14e111eceddd3e2
fdf0ef1f0f132dff140c0ff2ef2f1000ee0d2f2beec10012013ef2e0c0dee322
def7a1bd75015b3ef5eac9bce06e517e60feef01ecc201ffed3f31beefa79d43
0b1c1119ce0a52e072e130d2cae1bee0ee12fed7ffd3303e2df02e5effded0f3
0f0ffd231fcf1cf2221ceee22f101102fe111c0ecebeef21e11c002ffdefa211
33f00ffc001e010000efee2eee102f2c2fedd0ed1214e10e1ee31f10f323f302
0e211e2f00e13c1132ed1eb0f01ff20211333a0e9db01020000cf12b0eaed010
be60e014d41f324e30df0ce0f2e1ffff5c1c10000ce07edd2eef5be3613f0f52
f320eff2f200ef1f2ef1f0f122e1f1f210df3fff1eb3e2121ff1221ee1e00002
1e4cc13fd03e2c1455ccdcb512bef0ef1c2b1bf22aef2f0edbf23dfe31f0df30
bb2ceee3e02d341b22263120beddd2dd0ffff5152131f50f1ec411d32f504de2
df10f1effe2e041e30e50040c12c1d1d00fe23016733f51041b51c33e67150fe
061d3d5c1efb0ee1217c0aee435b0013c5fe6f4dc2b4df7c22ff005001efb4ab
23cbf3f21f10d312d62f0153faf21fdf0351b4d147602f116dc2fe32044030ef
011ee3010fd10e06f113efc300ff031cc22f0d1ffb20e520de1cee0cde1edeb2
fdfee01e01c30ff0f3fa1ff1d11f220ffd3def1ed1ef0d3d20fcf11cdfd0d2ff
e00d6bf30911b000ef50232cef43f303d4e70f34e3e2effb0242d540a60fdfcc
dd1e1c211d1cf2f0410f000f0e25ee03f1a2fe2eb0f0fe0e10f0f21fdffc3f10
0c6201ff346f2d2feefc9ff12325733b30fc2e2fdec21e0f134c0dc030f4d343
9efd0d140c3b32dc563f0d0fca5ecf1fa1b3b04dde21e37e2152d400923beca2
2f2ff21001d3fef32e3d1f0ffd1f3f1e0eeffd0f0ffe01ffc120112e20c2d100
eefe01f50122002de3ef0efd1123e0f00ecdf2f3420df1dfe03e1bc13ef2c010
1be1adedfecc3a1d3feffeb10edd021410012f1fbfc4ef320f1405edfe0ebe22
c10d1c0c003003fc21340f1f1b02f2efe0140225d034201022ce1e2ff0104fde
ebf1dffb10ee22120d10f1fede2e1d2230efc4030e1321e2dfff2d2142fe1f2f
cc4e1b010f1e22f4411efe00f021ee02e3f3f132941d2260ff0ee242010f1201
c1f11e241e0ed2fddcf5d01f231e02fdff0f242e3e32dff013f2fe120f432f1f
3a2200f920ea61f513f3cd03dcff1f1df053b1f1fe413ef1eed30ff102eff5f4
04ec6e44fcceffd21160b0d96d0cf2f1e0e5c33fdff732301f22005fd50ec3be
043fe11df13ffcfe133c0fdf110230211f202d1bbcbeff2fd13f1d1df0f2eff1
4ef3c10e3dc0410c202fb02fec121f230140d2f0ffe02f2d1d36e110c3f0b2e2
2ddff01b011001fdf1ee0f2ee020020eef301f1e123e310300e112010ee020ef
2e1d2010f1f11efe2ffe1efe24ff0ef10000fc01cd0e1e4d21301e2c00c1ef1f
eaee1fffef44ee3e1fcf1411eee0471f0ee4ede5e13dede0c27df2f130321012
d591f2f232e0e310113df11d1dea3209f259111b40f112e41d1322c020132211
d2def0e21111001a1fd2f103f51215f0f1c4cc102dffe021d36ff0e0003ff0ff
e2f012f111c2d21111f0b02f1f2b1209f15b02ff5e2120c31ee0000c02e03e10
fbdffdf22f10f1fbdbd0f201f223010011f2cd021e4f1e0dd0120220f133101f
15d31f1d21d0d21ef21fd1e2f11d001df12f31126dedd2e20f050f0c111ee111
21f11ff61d2fe10ceee21110432fef001fddd2ef02101edf002ff21e3322ed11
e2d0f10ef0f1f02000e0e00312fefffe110c2f0d01e211f03233102fde101d00
4e25f0152efe0f0e0d3ff110501e1f1ef0fed111d10532f23f120f213f21e000
100e0001f0f0de05f1d2efd10410feffe11f21f4d2f31f3ffe330f110d1c0d01
1f020120fe2f000e112f213d2132fd11001fdef31ff01f2f10f01e0f041111ff
f1e0f1222fd1fd141ed3001fe400120e0f11fe10ffdfe001e13201f0fe22f1ef
fdf4e0fef00e020f030ff131142f10230efedef10d10f0efddf00df2d2202f2f
12de2c0ff11d001f00fe212002d21ff100fffe0fc2dd2232e10d00313fdf1020
0c12110de2e2e2100f141f0fe13025f2ffc0dced02ff13d0ce100020e11e3e02
f3cf1fe122fe2ff12f3ff1f0f11f01110f211011c2fffff101130e1e00d000ff
1300fe21efd1ff0311102e20143fe121f020f211c02202e2f010fff0f10102e2
fe11ef0df02001f1f2d32f2fec1110f01003302e22ee1e2eff231ef0f20f220f
0f12210ff011f102111ff12f10211d03ff0ee111e2001010eef2f22def2f1f00
21e2f012ff02e0010fe02f0f22100ffe01f2f0120e11f1f010ee1002de2ffef1
e01012ecf1421f01fe20ef32c4100fff10eeff0f1f11ed11011e1e021e0ef0f0
f50211e2010f2e10330fe1eef11f110f200df20043010112ff1e020f120222ff
10011111010f01f010f10102100f00020112f010f1010fe1fe1002f11400e1ff
1e00fef10011e0f2fff03001110200f40fff1e1fd003132e03ee1ff10f010f02
f430f0f2f1fef0111301213111f113f0f13e0ff021f101fdf01f0001ed2f1001
fe11022ff00e1101100002f3f120030e012eef03de1efef22f0f0f1200001fff
00f0fff1f20211100e1fef001110de110fe3010e02f022ff31ff0f0ff10201f0
0f1ffe12fe0200f500e1ee10040010010221000e401e000e203102211e01f001
0f2f1000f0d1e101fff10f20ff0e20f1021011f4efee020230030000100000f0
123ffef1f0e11101101ee0ef0220221110d2eef023f1f20ff1f001fe1f1222f1
1320f0f1fff3de22f2f0f00000211ef101d130d1dffdfff1ef10fe1fe00f3efe
f2100002ffff0f010101e0010f10112ff10de0fe32fde3f1e0f3f10130e0f0e1
f3ef13ece011011ff0f0e301d440dfe1f20b1ee2434bd02f0f03f00de30d3201
301de2011f4fc01efac101df20f32ced0fe1e213f1240001d1fe0d2def3c1000
e5fd11f1f0c31212ff3ee021de3fef1f11ed2ee1234dcf0ee1f10e0cc10322f3
32fd1e2e20130e1e1904fdd220f2f0ee0ff1ff0d1241f13f2ffd0beeef1de101
24df222ee002fe0deeed231fff211011023141ee214ce04ef000f02d0d3f2ee2
31f0012df142e0011cc42ee23ed40ff11f32d012dd2301f1f0fdfc2e0f1e0010
e62012f01fe210fe001e322fd120ee20f04f10f1024dfd3e0ffcfe3d003e1012
3e1d1f1d101fff0f32d00ff221e01fedf1de22101e31df2f0ff1fd211102220e
1efc11111f0f110ffd3cf031e5110ffe100443fdd1101e02eecb1d113f103eff
1112e00c02000000f5f3d2e2fdd1f2fff03b02f3de010e1fe0f10101efdf22fe
f02de10021feff1eef0dfd1f31fe321001f214fba20fe1f20efa00104c2f01f0
f1e0e200112dfffc250012f001ff01fa10100ffe0f20fd000ef11de0e1f0221f
1022ddf30001e1f0ee1d412f07222f1c0fef3202e1f221ef130e12ef21dd120d
eef0100e0010dffce21fe1fff2ee0f1ce0fd3ff4d3df1f102d020fe102e32efe
0532ee120f41f10f3e112e22e320f2f01f000ff20e01c122210c1e0ee2f2f311
200222f1f1d0f2220e1e301e03f20110100e0ff54023f1e1e01003fd1123dff0
0ef30f030f031ffdff0d0201f3311e12021d4f11f1ef001123f111f1ff031e0f
e1fef0f01fe20ff20ed00ffff2e210e3e034310112d2313e31d1022fef2200f0
2d20c1130e100f0113d10f1101111dfd10f41e13c20f0def10000100012e020f
f11efeed01ef0f0f1321000f2212011d11df121f0f1f0021f1f1101003fe02f0
1110fe0220e3f00ff01010000f111111001ee0e01e00f1f1ffe2010300ef0ff1
01100f2e00fff01f010f2100000000fd0f13efef1110e2e11e110ff12c0222fe
0f32f000f0ed1100fdf020111100e1f00f1e11111f030de1110f0fee412f0f0f
102f2105ff011e12feffd00103e0f0f1111d010e3e11f011011f0e1f2111e001
0c2e2df2111e0f1f12f1f0f01f0f0011ff0240feeee1f0f111e012fed2001f02
1ff1010e00fff10e14011e10fde0f0f10f2101f3fe1ee0fef0030e2121ff1f00
010f02110f1210f1f011ff2103100f1f1002e1f21010000ff111011000fe1f10
e4fef21ef0f0f0ff12312ef00f02111f0000f1031efef100efe322fff100f20f
0512201e020ff1f20ff22f220d01f3f1f12cfff1fff1101ff121100e20f0d110
121011000001f1f2f01201101ffefe1f10e0ed2ede110e21ee0e020011e3e000
0f0e01fef0012f201e00d02f14f00e1000031f0cf10f0f001012ff1000f210f1
1d2e1211e11f1f02011e1e221010f11010210ef3f0f1ff2f0e0e1f211e3f101f
a051c30110d26d0ec001d3e1ee16fe34ed12303150b1eec2c110c021fed2be0e
331fc10c02cf2212f22df2a1ff5f1c13333ed201f202b3212f01c121f2133eb2
f3ede21a2ed01cff2f13e0a02bee2fed112cee21f102b101103fe1201032fecf
71e06f4cab59599e59a21b1d2ff1ac31a9f2fff9a6711c10a2471dc7f09fdd0f
f00253f1df4c22f07fcae1712fde3023d2e73d1db03d0b1f3e1f4dd5f1cc932c
3dd1f2e3e502fef2d22ee251344f21d35502f1d3f00dd5d2290ef0f0d1f5f23f
b674b47f3f9de1e332fe2bbe4fa3ad0631fddfac0be0fe3cf3bab9ebd076d0fd
e2f2ef4313014f041f024f00c3e4fe41efe22efffdffff31e1cedc0f04031f13
f43e01fe2e0e2f0e2cef3ffd2ec21c21012eede1300f0db0100f03e10dfde19d
bef040d2110df1f10edbf040b0220002eff032f12fdd420d1cb12df0e451e2f1
df4d1de050efe14ede572f1399673c2392313f653df5b0f4bffee2707cef0df6
1e1ff21ee0f010f2032efd03f15111e2f30fded112fde2100c20efe00de42010
ffd17d21b23ff4e430c0e03f53fc421312210ce0e3ee1df21b030fe3efc2105f
2eff12231ff1160ff13fe111e1f4cfe300e12e00fee020ee02ef1e1004210f22
d0feed3e1dfdd1f03ecebe3011024fddd3e1d1fede41dcec20304df0e242e3fe
cee41fe4f23ff2e11ffcf1f1c4e3f21510d340e202bd30f20cbeffd10224d231
cc2e5125f05b11df2d9fe53fe205f3f201c619cee4f16cdf3edf3d94c031d21c
df1140c02d4de30dff031ce03d504b15022ff1100d0f0eb310123303311f3e00
3dd14e16120f65dd4c0d326123510c2e110509ffc5131930edd6cef4dcd6114d
e014c30e30e11dfeef1314f3c0e2dc20ddddf4123ed211d3d021ff30311eefc1
332f33f031e11102e13442d25130d022cdf00ef0fff44403e1cf0e1fe3550e0e
022cb31be2bf41140ef002a20ce10030f31ec03f030fcc3e421e1e0f1e3540b2
ee3d2d1ceefc12f0e02b90be3dfe6c01255ccecf201fe0a12051f1e31bae2efd
0e004ff0f22f1dfc210e31f02320f20410211f0224dec003ef1301e3ee012f2d
db031ef6c32e14e12deb3152f501f3f711c34c0ff4cf61102cb2d0e4f533b26f
ff1ef202031e1fee0f0d2351e3e0f31f1ed12ede120302de00fdfed3f060f03e
bdd37135ef40f4e020bafe50e4d104032ff55deef41e7ff1dcd0fed3f45fc24e
2f111ce131f0f51fec34d314ff75fd15a621122301b0d5b10f12fc4212fd3e02
bd0ff025f310d6ffffc03f31f4e0f1e211f53ddfe1fe2c0eeccf00c10714b250
3fdfe0101d211ff3eff3eed01df1fde20ffee22f0f1e10000f30101e0c13e0fe
64e11fc0d22c21d26fab1f02310b1220c4c43e2bc33f3c2f2bfe0cf5d5cf044f
4ff1fd20002f100e222bde100e0f100303f2f11fc25cf10f2b400f131daf3203
db3130c1d31142f0c100f743eed0e0f5d0d25f4323b5dff4ecf1edf3ff0fae1c
4227d403f5df16d7240a3d05006fdc0f3502129dbb1f50392eeabaffaf15d346
522fed0f0d1d3f1f3f34500e3ff30f30dc0bce10dffd011fc4fc01101363fcf2
f3ed231ee3e0300011f120d0300e3efd102cfeff1de0ad102d2fd0ff0d10e1d1
0de21222d30303ee12313f332320f10420ff30bee1f013e321020efff1f4123b
c033c20f1fc340f1fe0fdfeec2cfad1f1eefe0e10a1055dde5bfe0f0e32250fd
003fd30e2fd13cff2d212fd21c10df30cdfc00201d0e4421c0fd1f2f1f220dcf
3e003e0ffc001f1f0f2140220e21f013202e01f0e1133321dfef2e21ff31fefe
1230230c2fff2fe02e20e0d01fdf9d35ea2fe30e302312dfa4f11df101110dcd
2bf36131fd3e1c01fc0002229df3fe03fd0222ef1f4f2f12c1211011100d2e1c
ee10be2d2dc00a022f1112b23c2ffb2c0f1bae3ee2e00e3dd1010e2e1142edc1
cc13003210d113e112ef201fc121cffeec01f31011d01efd104ec0fef04ff001
4d3fec2c49ff0e0d1a022eaf9ef1f0f0eb3ab45f1dfc0134c43e412d4f412dc2
101e021e0010300c0e0fd4b10e03eb040d200302f1ce0def0f6ff020000dcdea
fee0d2f11402d113e1ee1121d20dfd2a11c22f0fe0510c3fe2000f100e44ff4c
ff02ff13d25ff3f00ece134fe223f13fd10660eee0f02d2efbff1ef1f02ee151
eee12e24f25016f22fddff7404e3d22401d22fde040f411ddbbedfb2e543e23c
ef01031f101ffff1ff01deefbfc20f05ff1f11ef01fd24bec2231f1e0f3e0f0e
f0f202130f1e04ff0fe21ff0d0d21132e0f01f0011f21d1ed1df11f11534ffff
e0fd622ed0f033feeefdc3d11b0321e203df2f1ff0d3cff32d211c00f20dfd10
f3f1d32c140f220eed3ec0d30021fd13120dc0f200ffee1e00e1df201de42fd1
4ed14f3ffe40e00f232242f0f0ef1f0e2e1e0010d0f02e2023fe1d02e053002c
4b321edd3c0f0d021f6110ecf0e11c31b90cf3ff1bf133f4921265324ffde9ee
d54ee2fdf1fe13e103ee1dfeefeff0ff03e2f02f1f2fdc0a2eeb0ee02b1ed2de
d31dff291ec00e0e21ede1c0dde03dfffffab12f13dfdee101f21f20012eedd4
13eedf0e5eeffd213b1040e3dc11feecc20e2f30fd1c0a4f12fe001f4b3d01d1
3121e22bfebf1cf11fddf2eefe02ed0dff1cff1103e0cd21ee0e0e1e01feffc3
a003b1050121e301ffec0232e4c2ff04f0f210df0ed220ef0ccff0df0402bf3e
b120f12301ff02d210fff220f4c1d0d430002cbd11e1e1efffacdda0b026f32d
1310bf0d03024d03f2221fbf0122eeec212e02f0f302b43f2e31d01110f1ef12
eef22feffe21cfff31b023f1e202f30ebfdee13ef2de1e0331ce420f461c1e04
f2efb21f3ee0200ef121dff0203edf31501db100e20fa1e12f4ff10e0e2f10e2
01fefe2d11d0200ef1e0ede01f0e1e1c0e1ce21f04e0c0d2014011e2f33f2fee
d14f0dee2fdcf602ff129ebeff5469b6267cc2c21beed390fcde03224adf40f0
2fce1d1ed42d02f0fe3f05d71c12c0fdd2b0fe41b5e1a1f32b4e2b111212e0f3
221dcf0b1eb20f101d2d22befdd0dd0e1dffe1f11e01c1f1d3e0e2ff121100b0
0ce051f0012ed30ed1f3e000e0d22fe4f310fe002e00f002f0ff2112fefdf21f
31eda12bfebefa2e10ffe0b23d221d11001da1101ef1b020e05fdf2f1200fec5
1d2109f23e4ee021fa4121fcc1d31d13cd1d4f223db06101f3e072332cefccfb
1011ef3e0d0011030f0e0ed21cef200e0f2ec22ff3eede0fd14e101f2e3322f4
1c52efce1fe14111eb6105b31d00de31cc0b13633ed1e116f1203f50532efeda
d11e21d3f74d140c0b202255f333e213b3050000110400d13bd1fdf3e115f102
df143e06f42ff1f403f2f0710421b3f111e5510ef3fd7f0f409e2fd1e251d14d
30c2604f990a22ac4c90eacf2c300e1ee10d0fecc71f1adf03222ec4f4abf1ed
bd3423031f00f6e604d0e00fc0be1021fdd01031f2022c01429c4fef13dc0330
533f15eef5e00ffec021d3fe202e0113004003ef1225cdffe4a13d00fdd432ce
ff40d1ed01c01c101320d0a00ef31de2ee2cce203ef1d3efee201ffffeedfdb5
4712156e00fe7ee541c219f52101bd52afffec0fd132456dc20c1900e0a0e203
020222422e1e3003202c2fd33f14e143f1ff1fdde012311c0301df011055111e
ad206e01fc32ff1fee0eefdecfe22cd42f1ff2d13f2222eed4342f122d1f5ef9
62f01134f2dd45ed40fc5f112034cb0f1002da0d93e04a3d1ea4db12cc37d333
302ede3f11ee01eee3e2fddf0f320eff1e0ddfef132ee02de04ef10f1c12ffd3
1d3160002d3fed02d0f0520ff0222c2fde011e3f1c5e30e221c331302f2c5023
301ef32deff01113e0f1ad0322431eff140e9f111002e0c32c61f0010fc54dcf
1dd03d13f11f10f3fdde002101f3100201d3fc0e03305d120de0e0f3d04321f2
cd023dd3012fb0fefee10e2001f102d5d12302de0dee2ef32f101ef3f0ff101e
ff00b010011f13141e1b13e21f1f0e24f2f3f0eed20d32ff102f0ee1e432c1e2
1dfe1102131fe00e0cef032ee2f20f01f0d201fffd2f3002e222f210fff1ef0a
bdf2e1c2c10e06eee102f1e1f0f04fe4e4144de1f2c0d1c10cf2f0d4d0b1c012
15ed90fed21d6ff340ee2a2f600efb6dd211ee4fe310cc6c2e61ebd0ffa0ce04
eeedd21b1f1f4af22f00fdd13fe1fe20ff2fdf102111dd0fe20120e10ff2e0e0
c26cc24de1ee24e424d9bf0002c0fff4d6130dcf3c2d032d1d1d09ee1df701f3
1f21320f0dd11011210edee123104d2d12efe00f13ef0f22312101e201d1e2f2
3210401f3cd11d11fd033eb0fd311cef0decdf301202fdff22feefef201020e1
d122e60fe2e03c2c01e320f1f4f5e36e111eff12330702fdb1cec03e24170e15
def35fcffbce22fd03dfcaee00e0b2ff3de3de121a2001ddf1de3120d5122e39
d241d61e04110d0d11040df2d412d212fe00ddf12103d202fef0cdf025f400d3
2f1263eefcf14cf210e1ca30141df2233ff0ff023efc3def01cf322fd3012f1b
ce1e05ef02eeff02f2f21d2fc2f2d3e21fffef1f1e1103f2e231d13e07d4ee00
2ef364200d012f0fffeffcf153f1c32e2012fe21fb2c3d0fd12d002f101e3d30
ff02141ef21f1ef11021f11ff24203c4f0e11e0fef12dde31d10e11e11df00d1
0ee353edff0e5c11fee3f13040dd121e012212f00e2dfc1110e0de10fff14f10
e1fd423e12fe2ce4002cced2204e00ae0ff1232ff000ef02eef00f0f230d02f0
201e233e0e004d1ee2214d1120d0ed210020322fd1100d0d200eef0ffade112d
31ef431f2f0e1ee20230df12ee2f0fd120121f31f222e10f10413d1e04cf0000
02fe21112f0dfd1e0fdd411011112100ff12132fffe21002ed3e0f00fbf3f22d
231c54f02eff2efde32dd110ecf2fefdfff03231e1f2f120f02f3fff12c4c02f
22010f0f0e0f03f1f0023ddfee220f20f122021120fdefe2f2c0eff01f133123
0f0e0eefe122030d02fe10dedff0dd1ef0ee0130fe11e0db0121202e040fc033
110f011fff100e1d03d2de013edf2f101012ff00f0d0e2032ed1f0f214ff02ef
120ee0f021e1dff00020311122ee10031f0e3e2e0ff00d220d1012f1201d011d
d1002ee00fe000011201f110ff12e2100000f021ee0ef0e1101e0d0f2ddf21fd
2eff3c11f0113e01112ed0d1023ffede01f10f10f22f15ff02e2002101dcf00e
0e1fe1ef2ffefe11e21e122e11df1f2f012f220f0f0f01002120e110f0311e00
f212510eff20101de2fe2f0ed10f0e2f00012ef203f421e00f001f100013ef01
000f2020eef0110210e3e010003101101ef10210110ff4f2e1f0f10f10ee1f1f
ee2ffc0000f1f0f40201fe1ff1e000ff0120000f1efd1ef1202211011fdeff11
11fe011f014f0e12ff0110010f1e1e0d01f0ef10eff20f0000f10f1f1d11e111
f0fdcf0f11e1fe0111f122f2e010100100f100f2020fce300ff201ef233120df
1e01f2e0010124011112ff11f0d00f31001e13211f01130fe00f011203f2d200
010f21f024fd211310ffe03f01d001102001e0e0f0101e121f1fd01003dff0ef
eff0f10f1e202e000123f20f0f001ef1e0f0f011e0100022f021e0f00e2ef020
e01020101011f110011e1100f2400f1e0f01120010e1f300d01ff2ff0d0f1002
30e01fef0ff100fff30f2dfff3f2eff0e01e20200001e01102ce1f1f132e2f11
1e02c20f0f20f10c02040e11f02e0e0f0ee21202e2ef02eee0ceff0f10101022
1000ef0011eff4f0f00d0d2fe0dfff1ef101f2102100f0012fc0e010f41f101e
f11f323031ef932f21ed3e1f0f1e009420d2021f0d3e0ffe2eae11d0222f01e0
cc10d22fe12f1f0fe32ff52e5ee00efe21ee1d22e1342a0d30511fe00b223102
b4fff1120e10b10e24ed110ed0dff19e2f0f33f0e0fe200f2dc11d02f32df3ff
bffd41300232fc0e05fe040120e1412f021f3d0100231b0d2150dfeff9344f4f
e5ed63023102cf0001fc1e1e0dfee2a521e0ef1ffd1c2edd11d2eef1314dc3f3
bc1e2020e41f1e020314c0215eeefdee1fe2fe02e03fd01c415202f01a501f42
01fd41e12cf2fd120200d0e1deef1f0100f00f01101121e231f0c0ef2131b1f0
cefee30003022c1e0112c33f4ddf020012f20010e211fd203321f10e01534100
00003fef2e220f0f0232e2edee3ee2f100fee200221c513fff04dffe2dfdd1e1
1e1f22e123f113f104ffe1013e0f000e01ef0301f01fe3d243211221ff03ff0c
e2dd2eded20e2d0fed24022fff5d3421f1ee03ee0fd14f1ede53a10ff9e2e10e
0fef3dd2f2ef33fd03fd0e02feeff1f31e00f1013110f2d321f1f010053e2fe0
edde1dde131102110f2fd203ef3e1f3ef10e12101d2f2221fe21d00f0ddde1fb
e203e1f24001f4f1e2ff1e1112302111fe1fe0e0330e31de012efd002f00e112
d1f14d1f1221fe0ee1100141e2e0e1dd100001011f0f41df010111fe1e3ce1ef
2ff00d20f11ee0fd13fd4ef1122e1e1c00100010f102e120e12f100f1ff3111e
e1f41e1221ee10f0fe12ed03320d0dfe10de13221e2231fe03ee20cf1d3f0f1d
effc3f30f2201003fe0012f1f0f1f0e1f10ede1f102eec10d2000cf0f30e000f
3fe1d1e2e0ff4111f113f0120f2f1000ef0ef2e10321d3e02e01d1001be2f11f
f1edeee00211f30ff1f1e2dff011f0f31f00eff0f100ff0110e0e02104ff1112
e1223f1211f0df1e1f0df1e101123e1f2ffe1f10101e12e03fff1010f1113ff0
f01120e0f0e12f1f131d001100dff3000f10101112ef21e0201f0000ff231f0f
22f05e0f0202ff0f012ff01f03f1eeff20f1f11e1ffd1110021f31ffff3e0111
00f1e1100eee111f0ff3012f0e101ff211f03ff00011012212e002ff0eff0102
d111220010f0f100ff20f2f111102210000121ff12210ff02f00fe00020ff11c
0f0111f00d001e0f11021ef12f01002e1112d1001f1ff21ffeff0f1f1dd0f003
fff2cef201ffe0f103e00f0102fffe0ff01e0f1003f0f0010000000f02f10102
f0f0e0e10021f101f20001d1001011e0ef00ef101f3e1df0e0f1f11111f0f02e
e01f20000012dd0f100a102f1e1120f21012e10f11e0301010020f0ff0300000
21ff200f100102010d111110011f3f10f1f1e010f10e100e2ff01111fc1e10fd
0e1fe101ff3eff1ff0ff1010122f0002f0f0e101feed00f2fff0100f12f1e002
f1e0231ff120301ee21e30f12ff3f0d2000f4f2f020211e0ff0f011f00e01114
dc30bd0dfdd20d1d01f010e3bfcc1cc2401d040f0cdedc10febb00cf2f0ff31d
2fdfe0b121f242ddc0e4fcc10c53e00d3f131c22b1fdfe21f30cf14e2cce4c0b
111cdd0c11e1f135f0063df12fc2b1122e250332cc32d0e0101d4efe2ed2ff21
20cf112024e031223c01d0e1fe000e31fd40221fed301df2e2f6031f2cce11e4
e504f550035423ff4fd4f1ee73112e0fde253d00ee1521f200f015fc14042fe1
ef2ad3301331341fcf11022d2fe1e1cd0fe0fc0a3030fd10df00ddefb54f1f21
14fe3e0b201d1dd30251ffff0fb0cefe03ee1e262003024ee201e1a3d0e4df3f
fcf341bbc3e042dec3de0d1ed4ef3422fcc20f2f20f2f0002f20b2fcd154f3e1
3fd0c1400150ef20fe21cec2dec2adff3e212de01011e2200ef2c2011ccd0dc1
ed6ee2bd1ffd42ec1f22fcff320f0f11cbaf3b14302fc23ef00cef1fe22111f2
225ee0b1df21c2db00f03fc1fd1ccdeeed2e1ac2bbdf0113c34003f1f69dbe01
034fed0d1066d4114e50c410dd4e320124321ef0f1f144ff0e01216f2e21e2dd
402f107e0ef02dcf2f0de40fc01fff2ef304314114f310204f10e1edf20e35d0
3f2d5ecd075534c23c02b021323ddf5dd2423040f00fd7f34116d6112fef4fde
eaedb3201e2412d3f7100fe32ecfeff11a111ccfff0333502f43ffee0260f11f
015eefdc03bed02ffd34241deefdc1da12c9ca0d02ce9eecad03ed23ef9b1e0d
ddfa00e0bb141d3ae4dbd0bba32e41de1fff2ecff2ddffe0c111112f1171f1f1
ed24e2263edea155ca0d521d3313a0ef00b2ececf221ae00fe92ee90eadd0f2f
eeecbe0edcd1c2c12cf1d022303feeef90b212dee6043092cf3de1012253ffd6
1fffed13f1d3ef2d203fe3eb12204e0021e4151c031dcbdfcc1f101b304dd2ff
210bad1d0c0fc1ac02f1bd1db2e2db11c0dd111221c232ff20eed20021222224
ee34d1ec50fe4b010b01b30ce312ce0ef2e42d2d0203df1befce23130cf0c20b
22d1e133ceee3f3d5f3e2fae47b25e36ed1f72f5f3f4d01127721efc0e0037f4
f14fd1f0e504304de0ed1394ed031d12ce0302e109b14dc1b1c00e1e01c0332f
2cc12014f101cf30dc02f201b1dfe0bde000dbfe2002111e012d0c032111c2db
3fd2012e7314f090237dc19f323d1d3dd3054e17c4ee11cef0d2464e30f104c2
0cdc101f1ced0ecf1d3a5d42b049b3d0b300bcf11deea211eceb2dee2b0dbefc
1d2c00f6ebdeb21e210fe0e302a3dccf233ddfdd202cf11c3ecc5f2ce20cf2d1
2ffde1dccf63c2dfc22c0f2e10dde222cf47342cd432dc1fde03efffc5434f03
2caace21149ac2fe0212ac0fa0bbb0ebf923d10dddc1cde2fedbf011f1e0b0ea
132d0bbb32230a1bd40b4dcdde123fec34dfdff0fc35b3f1dd0be0bf15e3cf00
01c11fbfccdda010fee2113f20ceb22efc10dce2e0f133123ed43e2c03b01102
0d0eb1b22fec4cf00cf12bb11fcfeeef2fefdcd3c11bbfb92efb2eff1cd0fd3f
16b2e1c204d4102e3f41d1ed4d11d90fbe443023e4efe4ff5dd3075074bc20fd
3c01021d225f1eddf35feecc22fd12c131fe02e10ec01de14d02c1230d1125d3
1ce1ffff0224e7d42a120fc27fa1eeff10670f21c33ee4ffe32f4fef0c1cdffd
edae2fcfcbf591caf0fff3f011cfd1e1cc13e52f01141ddfdd0ef3dd121ffd22
ff40ffb00dcdc0131bf11eb0cdc041001b3d0dd21edffc3041e312f1d2bd04f1
c0e3fff00e30b0edcdf3b01e0d0edef1d4ad0df03e2101ffdcd1c1be02302e3d
124aefde3fe43ed14d002023f1fde200110e30044eef0e013e24ee1fdcbf0fe1
0dc5fe2ffdfd0fd13be0d31e1f51f01110ddd2bc3fed3b1f31ebee300c1c3e01
ee6edc123030b40dc0400caefb2ae3ce03c030edbde01e2ce12024dfd40e1c2b
32c0f3de1231b2a11d52b0cdddf1dd33d1301b52d31d2111e124f250f5000302
3dba0e3044cdaeff4165cff4201c1c1dbcef11ff202c00bdc1ed211413000f1d
120c51ee1fd1d220250c64ef200ef3ee2005431ea1e24def42313d1de52000fa
20bc2023be0f0ff32afd2402c1ef130f1ad2dbd2f2c0211eec9140dd1bad2f9c
2efefe31209f0d04f1d20ff42ec2e1cafef30d14dbf1cff0c1dce0dd239ef20c
e10b0f12112eee1300312dc120b0fce10fd2e3dc44cd44feff1e4110053efe22
e1e1dee10ee2d51a0df01f0ce1e1cff2df23f22102d1b30fedff1dd11d0fff0b
00f20253e132dd03defcfe444d02bef1feabdae1feef00a0d0bc021bf2be100e
cc2fdc9bf21eb0daf01925ec122e22ee2d90f4df12b3eeb11ebe02102123301e
0be14ce11e53d201a20213cc3dcf1db312303cbfb1c00fadf2ec4eb21cd0f11f
e3320cbe1204b3a1c43f9dfdcb0f009ee03f0d03041d112431d0d3215def14ee
fd03d3e02eee52e2bd2df2eed4de4f0c2ece20f2f2e030f022e6d21f0555e214
f30f112011fe2bdff1e1154ef0d3e11e4010bdd3ce1ff2df0ded30d0e1cf12e1
fe12f120bc2fbe1910df35d3e0d3ed026df3efb0ae900d20f3ed91eb1cde41f1
f1df21f2ede01df2e1d01222111df1cebdd0ffdeff3fdcce12b12cd1fdccd20c
d0f11e4ce0bfbfc0efcce10e1fd05cec3ef213ed1c213d2e03fdf311a2146df0
4e12f12de3d0122df20fcd13d201d105fe121201e24d0ef20111103f1f03c0f4
2d00cdcfee5dc1ede0ed0f20eddebeef03021f3eec121dcacc0efd03d7cd2a2e
e1cf313fba24c2baaefbed10010fd1deb3f2c3eccddf32fefcef11eefed03f10
3ccf1d10ee0cbcdfd10e41bc00aed4011f1001e00cbc10b2921e20e30aef1e01
fd23ede01fd33cd030eacfc311b00c0f1004f11ec3d2fec3202f150bf330e3f0
0d4dceedcbf0f0c0fb0cadcde10d000ce1032c1eee33eb430323133d10400e1b
cbe5040f0cd212ff93eeb1e002f22e0f15920ece2ffe0e6f4f0cbfe0e05df010
34d3ecaff12ccd220031deeef2334120fdf0124d300333401f30e0732464e20f
efa2d741e0e24b21c6ff02eed231bc40bff20b1f0140db3f6e1e0d2fdfe1311f
e0030f1b522c1114ed14b1effd00c20406f10131efdde10c3ccac2a41c0d2e3a
35443e31e1cde0f11fd31fddeef332131f633b052fee34e3a055322c1302eeff
fdedcf71cd02c4304c33ec133e109eeda525ed340dca110d91113e04e1fbd00c
335c11f4ce20d1fde0120bcfed13f03eed5f0c31d0dfd10e2d1300191420fb1a
2ba0de4fc0dd0fedf1ef20422dce00101d10bfd20ead2fdbadc10dc33d3e1f0f
2e622fff4246f5d0cfdf1fc122231ee2fef1233043d401eda3feeeee310e2f5e
04eefe6f21bf3f21fcd41c4f01130e11d0310f0fd6e0cdddccd42f22f1fe2101
ec6cf020dfee5f101412cdfdf3ecefc51f30251ebccdfcf03c01d21fdf10dd0d
2d151140ff5d0cfc4ce21bd0fef102f203151cc00301ec0f41f2e304c4ec10ef
00d0c350e3ccec1cf3fdf002c3122d0e1f0b0012eeface3f3d0d4f2202bd1e1e
d101dfd0c1920fd3ededeff20d0f00edb2e1d3ec31d510dbefef321c1152ef0e
4202421d230e230e51360feff3012d2220020636ef10f4e2224005f945f201d2
0c6c9e2f0db0b20cd3d02ec2acef0efd70ee1ae14fe4f25132100d02cd633fed
fe125fcde22131e321132e903df43ed3f0342334131f2e1d0114f0ef1c042124
3eedf010334f23020c30e3c1324f311beaf6e20013bd4edd1113232c0ad12205
ec24af5fe1b3011e0b32f2c13fee0ee3f10002d00cfffcecdd01a2ecc1f11304
1d431f6ee441e1f602422d12c3e02ec2d1150dee51b4befcfe0f000f4d22d207
254fefed11310dc2c130b02f02ff2cd021d11e043cf3bc0020c1fef2032d54e5
fd0a00f30de3d492c42eabdff10f10402bf12eeec6505fe42e3010fcde03a0df
fef1add1d040e306e2e24e0fb3c1dc10ed1e23ec230fafac2ee2e122ebfec20e
f5c2fe01dde0f11a9e1bdf3dff2e9ebfece00cf322f0ed21400e0ddfc4b1cd01
0179eeed1d75c5ee33224be0dd2cedcd0f23041edb31f02cff4dfe2005502ef4
e30112a231f0400f3e0431bd1e42312f4014de530e00d5221140e43ee40f20e4
021ee3f2df5e5323d2ef5a101fef1c3fc01cf2fdedc020e1cdcf116ffef211ce
1f0f0352c0b25fd00324e10f1fff3f20f1ee1f134341c4311d3efe5e030fd4cf
072d013e0524f2ed5d31af2d101f3225f01f3072b71d5504f45f235d07deeff0
04f12eaf13befe0e14f1102dc1b1bcf0dbba0d132c2c9f000facfeb0f0e0f12a
efc20eed120f10d1303235103d10fdf0bcc20140010ed31b0d2d32fe13f4f0ef
c0d2b1022e00ec5b03eae12c20e443f3f1bedffef0d3cdfcffdcffe200100f02
4ecf2130462300fc33fdada3313e122d0de22224d22dd025d03302fa46de46e6
30eeef0f1cedad04f1ff1e2fd2daebdd231bfff3d2df00afdef3ffc4edcdc01d
210ceff00fa1ce12b21d12b3ed02bd12e4aff001c23221112eebdff2f00b53c7
cbd2ff0f0d2ee410e1efbf0ffd3212cdeccd0f1ee0fc32eceebc2c4bd9002311
db5312f12ef202021de12d342ff000e5e1ff1c002aabc0feeea20ee025fded0d
2ed00c0a43d9adceee32a0bfce9ea1dddd4001329fda3d101f2ed0f42dbfb013
325fd334ebe2d1cef421d2f3f22e1e0d3015112db1dd02def21e30d0dd01ee0c
f4fedfdcbc3d03acfcdb0fde212eebea0ed231f2f04d32421f3eee11c212ecd1
eb4c33122e0010ffd6b04d62a1cde51bfab1eb00ffc2ee32303eace2e241f0f3
2fe14e0e0f4131bf0f5e1fdd11400c0ec24e2243f2bd04f1fdf3044d531d1203
2b0e2cc0cd0f2ddfd00e0030aedcd1ff02fc0b310d090da0dfda20ede5ae0f00
deefc3170e0fc5250b142f306f320cf1fe06c65c1341bb9b1eccfdf03ebf4e0d
2140fe21ebdda1dfcefada2b20ce2ef41c13ffc2fbccf1d3d2e910e0fcecf30c
1cb0eff210f6d6f13d111fbd031e3dd303e22d21e3d023c2643315ee4fe566f6
d3dfef41eb012d2beed231e4f3fc2f0dcfe13edd2c54fde02f21efc2d630ecf0
e1da0f0c01ebb1ce0df221cbc0c0e019a2dedf2edcfce12c1fc11df2cbab0dd2
fb54f265f4ee50221d144ed711e2214f0fede241fe021cdd40ddc00fe4f0e2f0
fe4fb0460de4302b01c02fa3dcd0dcfce24df4fd45f634330252f40ffc64efec
cf0ae12f032f0f10cefaec4b3eed32104121f9fdfcf0bb20cc1d101d2e3e0d3c
2c00dec01d10e1d1f20df3e2f1ecde213ccdf0fe0ae23d2e1022c104e1fd0ed0
71b0c050101433c2035caef301cc5e4f00e25c57d7d520037441523ae0c452f2
21d1f1d30dd030425b314ed2c3fc5e02cfbc40ff00b4f612c30310ee107791c1
120eae01ee04f3b00be9ae311e3c2da0efef21eddd2400d34110cfccd351e030
01244ebfedefc212ebd003c12c1223d2240dfdd0ced03ed0d0f1e233122e40f1
eb2cc233dd00320f0503d9d52cfc303100c4d1ee30de21fdd204d23f1b4d12d0
222d022f112e23bfd32120d0e2dcf012f123e2eeebb0dfde3cd0c0a1f5bef022
2f0d537002e56e205a5ef01f500e7131ef2640d3d44325d5f30f331d142127e1
f0feb0900d0fbe2f1c3fd03d0d3deff200b10f2031e2000d1db10e3d3b313421
fe1dcc09fa2e200dadea03d2afb0bfde1e2f0b9b1fc32bcd001aa311dc231001
25b11ef030db2cf12442beeecc32c2ed0ae0e3e1e12db33f4ccd232e22bd1ffb
dec3d0be3c01021e0fe4211f34c0fce1f1131b11eeb1ff1ed33cee2f0e100112
1c4f20321e3fc13ef2004fbc1b0111aee00eee241204c10f1d0130f1d3f3301e
ccf3d0bed0d10bbeb2fce422dfd13f1edede023111c0c0edce1ef0cbf1202e10
20044b0cf210a3f10e4ec2e0dc1edcff3dbed0abece0f723dd0333ed0342520e
e122e1220e03123325d2d44ffc5d31e0212dff1311d2101e31dadef50ee40314
0cf422122f70f205f112de22f31c2e13621024dfec1f233430e1022f012ff3f1
3dfe425e0d234157d5f0f5d4445235c564316f032114110f24f3b17b40107255
d1e3300ddcdfe5323f0fd44bdadff2cfef12fc7f02020cf20f3a952413f0133f
9d0dfdf1f1e14e40cdf110240332fe153b31c2011f01de2e021e3c230de353f1
14ecd0e2333dfdf1030e290135c0ef0cbe0c1420deecefe0dff0d1f311eec010
d0b03d1bdc2dd130e4ee1190c9fdc1ae2ff2f3f41a010e14ec00c11302e54ffe
f2da000fbcfef2dce21ec653f0ff0d1043fe01fb1f0130103ee10c1002fd01e1
b0cad031f2e32deddff01ebe0b33d10cddfd0ced2f0fb41e1bff4fcc1caa300f
44ee32511f2042113d014020e0e511135372373ee05463430112130e4d1ff03f
d0de3440feefeef43ed1e231ef0ece2e0154e014ce2d5eecf2f3f152f4f4ffe2
32054efd304e31e2f7770de201124537f42703ed74144f506cf4552023264222
1570c1fe2e23fa5dd41f24e1e431cfd1c0421dc21d0f01d41d49bf413fcdcd43
2eaffca0befcdf020b0d1f20d1faccb2fadfca19030ebf09dfc13c1ca0e0e10a
c14df133d401ce213d0de3ee20d4f0ad1f1ff332edf334f1fe1c101ef4e7b0e1
a05f11c10e1fd01e431d3d6d1240eedff300e001eb9ff1a319db903ef43f1000
2420e13245231f20eee1dc251501ccadd32d2512eef25401421fdf3e42e01b02
061f2420accb3e2e7f047fa311024d4fb40ee050f3dd00ce1300edcc0b1a2001
0341e1ee34400fb1cff001c1d2901dbf1dcdfb01da03dd0f3fdf311ff4061ccd
d04031d0fe04e6640df02c21f02e12e30fe00411ce121edeed111e2e3d13e200
14ee4371ef026c5054e16d33123631ce542574f34241ee4403f5f4e140ef1e35
ead440de3cdc22f2c3110afb2dfb03d0febf2efe4fd0f43233dde21e132b10df
2013f0e02d2ff253c3edc022df20ade2cc13bf0002e013eee54e3ff303c31c1b
02d15f402061f1d31e446fb303120155433102003f2545153beee15f24f0e540
eefeb300f3a21bbadce1de2020f0d02e001dfde6dcffe0f1beb2d0febedfa0bd
ffb3f2edfbf39e0efcfc310e001f1c42c22dee4ffccf0e23f0fe00fe1d02c2dc
6c1e0411eb303cff12f4e212fd1f5db1ed4fdcfb3e301b0e611cc403fcef5f22
deeaef01fea2e0c0cd1d2dd311110ffedefc14d3c133c421c1e40fda1104e120
bc3fdfeeec4c3002edc3b31e2cc3113efcdd01e3ddd0aff14dd1ff050a31d00d
eea11de0eba3f10ddd0e2e0cbe3cd1e2a2bfed0cc0eca00221e5fa109101edef
eecfd0e0ddd312af0fef09f00efefd3bfb10c2f01e220ec3decd09d1cdbec1fc
066f5e4d3b50cff31230f2353d7ebf1471301cbf25023d4011e31f2c4e212615
1550d503da51d132f12155b3f431b20f40111cce0e3450f6ec10d13031ce2f33
02ed1f00fa52641e31003e13de62605ff013e0def0f14cdf2321224af2fde243
d3f3021fe03e7900a3c1fce003c03fdeecf1d20f3f2325be30fbf0de00f50c21
4b00f0fc3c001eadf0e0eb1b1fdf0fccbf3cf4e42dfb012e0ff4421321acf0f1
db51f2edfed030f2bb9fd4fedee0fdea0dd3dcdee0e201cdfd3c9f3fe31d011f
f100b100f0ef011fd52e119b2022034eef21c33fe20ff31b2ef43de12ff34f20
4f12efcfe4c2b010230ba1dccfcf43b10104edfde0f411ffeefe23e4304ddd0d
fff2d021cccdf022d2a0132e2f133e1fecfdb0fe1d3dc2d0231100eb2df01d33
2e4de2015174001e2e011d170154f26e43eef3fb1f451f13e0f02d00410ae321
1d23f10ed1f1a1ff1c1eb1d2300ff0f072ef22e1fe460f040ff3ef2b0dced2fe
2c1e1ee12de2d1e214d31f0ff0d3f1d221f10faff433c22c2f0db303030121e0
df0fd1de20dbf0dec3ffd1c0dc2cedb1ff0f100334fcfdfbffe1f02ec00bbecc
cbd1dcff0b01cbbfe0322ececf2bff10fd11ff0ee0fbd4ffd3e303cfb0302e1e
6ec9000bfdfc1a2fff123bef2e3e402cf12ff105ea0d1dea04f0e940b9e0ff4d
dfb13fddf2ed30d200f2bebdda0022503b03df3e103edc1ef01bdef3bc2e31fd
c0e5200f1130f3ee13130c3aecedf023cd011cc14df1f1f301ed44420122222f
bf10fef2ecd0ec32cede1da1020d314f00a2efeed1f31efff9d10c1a0d2dc110
0cfeb000b3fa30f1acafeccef0fdf9f1eb23eeac3b3eef0efee0c3b20db02c22
f2f33e311b215f020240dc31e320e1203014e4e11d3653333d31113e333d0500
f4e000020e0fcd6332e2ef1242b1cec3c3cc3dfe0e4261122f33fd2120151d22
3f1f1df2cfc10cfff24fcebfdfdfece3eedfef3d022e3c0c32d0d210df01d2db
dfe14eef3f5fb3e1b2100e4103e01cace23df14ef5c4d2e12ef102eb2647fb20
e1fdd0cecdc2feb1cecf3e222b0e022f33f12f24f2ff1fd1f2e20aedec0012dd
f131cf0e0dd0fb21ee0dabeffcaf1eaaebcfdc0eeff1100d402190ff0015300c
fe4f1222e002200ee4e352d2073ecefe02dd33e2304e5ee0d10f6c33fe13ce41
3c924fffdb015bced2e22e2e90cf2e04bcadf21e00e0bd0e3ce01eddf34a3e43
0c032dcddf2e1a02d00efc3c3dfd42baaf22de2014e1b6c102e1e5eae0e32a2e
febde012411fcedc01ed0990ed11e11e3e01011f13cbeaefd2ee02c1c0ca03cd
0d3ff01023013fce9340bd54fff3d03d0fc10df0f22e274e3001231004b40fdf
ce30afcf02adfcd09edf0210fcc21cbdcf33e2cf1eddb3d0ec2bf4cd12d3f9ff
e2e2e32d001ff2c0d3ecd2f0010f3e3befcefded0d031ed12fcb94dd30f4dc2f
23d2030f1eeeeedded1edcb51df3ddefd2ef2f21ecee1bfc432edfe21fff221f
041f2e0ff120b0b0342eff50dfecc42d431effe125e5e3f3eefd31f0543ec1fd
f0c150ffc0e4f700bf0e05c2e15d0135223de2fee1e53e1cff0fb122340b343e
d1bf4fe10ad1f622014fe4013dd203d133c2d0fee20e41310131e131bbeb4f1f
2ed10ddffafd47b2cd11fecdfc104dc1ff112cf1002e010031b2eff3bbf013f1
d2ff1efee3e10fbee01331ed1cfd1be3222edddd233114e3ce2d102f230afef1
5b1020ff22913fad013ab04a12bbfedf0d2bfb210dcf91fe20a2dfdddf331fde
31dee30d1f23544336cfd1e231f43f101d0ff141303c1c01532fddf0e1207f00
eb3240fef123d020eff103c02e33fef5511f2ec4f4ec4f0f4c0f0f1a2e3ee3e0
dff2ff1ff43102f14cb0212116e03d0d34e140ffdce0e2d401ecc40514e04ef0
ef4de1f0d0de43d02322251fe2f23422000114a14f10f2223e1be23115332e43
9ed0c1ec0ad2aa902c102f460c1ecfbc3c9dfb9413df1eeeedc1110ee0da0fcf
102d300c01a2302eed4f2cb1dbc1122ba1200ef401dd1c22142cef01cd011fde
2d45010f115134e5c7e26e423f40e00472011f021f24032170f3514cffe02331
13dfec192fe0e02cbf1ee531cac340bbcc35fef1ce002cdcdef0fdfbe2f1eefd
64e03f2f5df6e30ffd201c33fd442e3d53e1cbff0eef111f1d1ef11f1f03522e
21f0ed0c0c4fceb43d31e1121d40f3e0f2f30f0242f42023d1420f342ff7f220
b34f31012c424e43d02ed9d5021d4eb2efff3e3ff0f02ee13b0fef0e32312ff2
c04e4022df6f212f2e0ff23ffe50ff0162e53efeee2feef2f2211d0c02cd03e5
0502222ddf4d0fe21fe210ef3ddf212f203f0040131fdef2421d3d04001d4ec3
24fa2f313511c24d1ff40c032e14ee01bfcd2f112cfd30f2010f442f12a74b13
32ee2020eccaef4b401fea1213fe3eb0fe33ff00e2fdfebf011dcf0e2be0300d
fbffd2ffff22ae1fccb34ed1ff30dbccee040abbb0f31fc20dcd10ce0f3121f3
1ef122122e0e2eceb3c134cc3f17df34ff0101fe5e302f101c1fd1fe0bbe6240
24c410010ab34ed54d601e0e43c051255fe513101def2b311fc530ffc050061e
71de20ee31c2b5e0d35dffcf1e0ac11ec0ecdcd2d11dfd30e11114d913dd1211
356d21e2ff4ede10331306f4e3f1c3ce005d32eff0f051e31f4401e4420f0be1
432633407bf45de31f6ff256ffe3b32045570eddf35f5d7113e141103dee22e0
dd01d0d2d1410f4ffdac43e1211de22d3ccc3fd0f0c4d0a1f021f114ffedc1e0
5cfe0d1de11af424121d2fd1e0ef0f4502c3100f24f23c3b4fd3330fd1c1e320
cf0502d110bfefefc41d9d2e020fe0dad0e20230110011f130fbbde11251ae10
e36e213e1e41f42e001470c04f2e3e654365024f33e2e12241e20fef121e6130
09bcdfff0cfda01dffdd2d3ffcf19c40f1c2120ddb1ccb2d12e33e0de0cefcef
3bc4cd02f2f09bf4ce42e2d1e4fbe0ecce4e0b2eb0202f312d953df41220fe00
d0e1d3eeef20d9d0e3cee0cf10d05e2db10123f40eff22ebb11cb3ce03d4cc1d
bacf12cefbf0200bbcee0e2ffe4cf130fdfaea1021bffce1e0dca0f00e1b00fb
ca2dff0f0e0b0fb02c01f3af30fdfd2e1cfdcccbfa3312012ba0aad0bce012e0
d3da11ed0f0fccc1e3dfff30e1f3d0db0fe0dfce200df60111d11e2c219ffbfe
da3d1f2de13da1d2a342f533efbd1e4dd2f50fbff21b0d2e1e13fa22efcc3dd0
90fc2011eddef21ce5ce05613f2eedeced01130cf02e00d122ff233e34caed02
f0421e002914cfad12442fa31d1e5e100243f1ff3423fdf4f101e10f440f1220
2ee9c1f111ccbaecfecef2f014ccadfeffbdb1e30d00a1e000aef2dd1ef1bdfe
dcc0f0bc11f2a5f0d540ecdbf04c1fc1f2c1f0e74bcdfdd125fcf12ffd2d022e
efdef202f0dfeaffefe01ee13ecf1b0bb2ba1e40cdedaec1e00051dcdce2eeef
cf3321303a17414e00c36d5473e0fd1d325f233e1e567f277ef4f23443442117
f45dd02f3bc2be20de0ef40c0be3f1f103eca014e3c1c4dfd340d1dd03beefe1
bb32c9cfd3dba0209aeb33c2cedb0ad1f900a9ddecffc00fcfc2ed100043e2fd
ff3141effeed204c6301213df33fb3f105e1313fe04e24e2c1f0053d440fd031
4101103c24c52f2e2532c0ef1cc0d5b1cd130114e2fc1d2b264d0f43ce141e5f
f5a1e00edc104ef0f404c5efbb220061b0d12d323ed20b00402dd0ff1e1e2032
0ef09dffd0fcbcc0fe01da0dcfbdacffc0050aef220e9030cdc0f00deb00f0fe
0e5ee25f3f235ce4554175e72330452d520251eb366352350f035e3120023326
d31ad440ef01a2026a2d00f40e45c0a02f551645b44f0e2f0442e04dee9ee1e1
f43bfff0e1024dbbf2f22c225f14ec32a1ca0d02e23c0edfd30ecb0a3dcf3be2
5905eff3eef00df4f01e0a1cbeed201f3bef0e2b031edc1cedb3fe20f13ffe12
14efc2103ec12a210d2dfc1d2c4edeabdf4c0514c91fdecda33cfd0c04edac3d
fcc4f4eecac03bce02f12e6ff0f322fefdede22f3601ffe042d0f2d026cbe11e
62f2243249f2024d161740351e051e6ef15f0fd51f412d35fe2565413316d272
401d23e12132eb2c1de1a1e23d113ef30100e163ddfdff1c04f3bb20cb22fe0e
effece11231cbbe320c01bd0ded02de9a1300e2f01b2e1dee2d0c1ae0521dbe0
012f2d3f2e025c03101002330f0bd06e223ec1d0d4071e2dfed30e0e1e01de02
d04f31c0f32f15cf0e1ce9e1043cd292efcf30ccde1002d33fdbce3fc0fde3ed
a2cf15d1e0bd41ee40fbf10f0bd10030bf2d3effef3fb201f101d0ccff1f2ced
0d32cedd2d1ede1f2efe322e0ed112ef511f30e1defe5319be4d411fdf02c022
b44fde020b11a002eef20a12b1ff10dc2ecde2d40111330df20ee4f4f1322c2b
edf1f1ed1de131dd0e431232c3ce1cdf40c3eff11d13dc2ef4d11f244d1ddcb3
9bcee0d013df0401ee0fe101c2c0af1deb00d1202011e3b0014f0dd044522bba
10c1dbb40d23d2edb40200f00b31ed2dc9ee3c2f21210e24cd0cef203e2dccdb
df012b2f123d13ebfce141200d1bf0d0caddf40e0d00f230f3d100e21f0f20ad
d4cf2de2f2eb54d01020d11e0ee11e11e24fde1c0d1311ef242bd0f30f20e421
f004f2f6fc312cf121d21effdcfdeff0bdcd0211eecef02ed7edd323ce11d2ee
a9f095c0d1bafe2ed2421e53cf23ddb2d101b6c210bffffc21bfe9ff2cb16c0e
fa1af1cfef4d45cdfdfeeafeef01ee1efdf0c2ee50b0eded1421c1c2db00edfe
ed50abd34eded3fc9d913d0deab101011bb221e2d0030fd20f1f6f073250fec2
d10d22fce230d113f3de316c43dbdff21910f201d330ee2dc520f0e0c1212fbd
dd21dc121c2fd2c436e1e43026ede22da4111fc4e3dff12d1ab1210745910212
f2f41f54341ba0ffc0ff5af1da0d310f1e4c03d1ff311f121f03d2e011edd2d3
fa1df152db20f1ec4f4e3d01dc11e11fded1b4e10fa051503dc73315e02af245
3efe1ed2d10323f31b1e3b22ec430e0e3491dd33c3d010344e0f1ecee4401f3f
fbd9fd06f5fa1f02ff1ee9ffcc3351bcf03fc0ec105d1ce46330c4e3110e9ce1
010bced22eed2d0f4db03bdddf3c4dd2a12e2d13b0d2f44e000111b230f3ccb3
041e5223cf43c22f2ef1000ce32d4eef7c1b1cd5723a01c0400c1cfb0ee2f00f
2f5fcb313ae1cee0ede233d121cf104e0f202f03fd30d0fef3020ff0c4ede1e4
1d0f0e3b4132c32f9d912e93def3010f0d25db41023ed310bff10010dee9f31e
d6c4cec1caf0e13c3dcecfb3014c2ec140d2d12ebe1b20130da051e1341fd113
ed1b122c334d14def1aced3cfece224cd3ff1fe01cdd0dcdff3ed4d0dd0f14ab
92c1d2c2403ee412c2c13bb2251f0122ec11efe0203ddf2eddff3a2c42db1be0
b0f0e02f2c3354e921c04cfdecef0bf1bcee5df1022e02217521d3e1badc20bd
c0120e2145db9ed2fd230dbefdd12f2febfee4ee4ce541df41c5100d3a311d3a
2eb1d1d1ddfca0e111115f20cccdeee2eb4d443f1d1420fe251332c5323140ba
2ed0fc59cbf1254e230d104e13a310dfb10ec2cead31cefc22d9eff4c09da309
f20ecd1e903fdf3b2ab4ef222ed352e06e37bd63501fcfef03729df6332f0230
eff12f1a1121a12e2b20dc32d202522532a5ee30fd120400f134cd120c3f2d30
a1b3fed6112d3e1e1ed33030934031f1de3dbdd24e1ce0b0ff00ef13fd1eefcf
da09744c4f2ca6ede01d6df1223d4e1f14364f3c1c41d1f22f100e00efeb3302
fc01bee61df0bfe59112d193fc442c212f41151c52e300932de31f12f5141fec
55e52ff331e9b03d00e241ced11b60cc7bcee1cd330c4135fff1662232eb0bd4
2a1bc0cfa3dbcdd0aced3be11bb50127b300b0a1d132eabe6cf01036031d22ef
dce33c34fce2240c0b012a21c31ee00f223cb3e22de21cdf1d3be0e5cc4f11e4
f0124cf5f3ff24fae4ef2f3ed3012113c4ff64efcf330904e31012fbdd5dfccf
c23e1bcac34fefe1f4e209ecf4f0fd300cf3f4143eeed2ff0d00f223dcdceffd
1b29d9c3feebbcfbfec6debecfb10f322001e0e69ed3f3de430020c3a50dfbff
bff3fa1015ffa22fb1de0af1ead4222d0e1fd1f0de10fd05fb201eec3c521131
dfbcf2b00ffd3c40bdfde39e2d24f9032c0fc10cce640f0c3b2f14ec4cce31c2
f0300e2344311eb2edfdf2bfdde0be1fd4fcf20d325330ff0d00f1d1053d3c31
c2d023fc53c0cffc2cce3b2a10f52f004ca1d4dea1023f10c4e2eeefcdf1f22b
ce03eaa6feda110dbe235fd014f30ae34403a3f4103dfeed233e02edde32fabc
0a4ee031bfd047eb33b0424a2fc3e31decebce030000fe01c21fcdef0eee340b
1defbc41a2ac1ddb42370339dc0e5f2309ce14f3e1f103cb04110eb0ed1dd0c3
141de242c3f644dd1ee3e10c49fe3fffeb00e3005f043f3c12def0fe03f1dbc1
15b3d1dfd13e0f100e61df13ea0e111f0dd0df24330133ef3f4d2dfc3f2d2a20
f0f5f3902e04c02d1221fe4c2b1114f3c3d156eb1b2e10e10b24111c9f007315
e312e1e2dc26000f1504ed20fffbe21122ce22d42bf422d3e52f0d1f0dff021b
33c00b0f431cd1e2d41d4f210b02de1ee31cc1fcfe23cc020b3e03ef031022f0
e0ee0c5d1c3c200c3fc2ecf0ba11202e14c0f32f211f24b441dfe5f4cd1031db
f41fe1c3212d1121add24fcfeb31d0f230f100110ffe1111454ffc1312b42dcb
dafbdfed5239fdf42beedaf2d220ff0fdce2bc23223124fdc60d41fee53bdebb
f4d31edac22ea50d1e023d3fbdca0132140ba3900e43cfc16112dfb41efcf1e1
1c1db231ced2c3f31d20edeccb10e1bdbbe024dc32e21ebf441fef23f1133442
132033d4be04cf10ec04122dbb3fecef3e12cc300300b003c6200deae3f00eab
d3cdf451cf2d3d1dc1122f4debe111d3e5f2d3ecf112f24f2f4f0201ca1ff12a
d3e0b12122bf020ea0b10012e201ec304c10243d4aa7e1c35db3022c4cfdd0e0
2c1e1dda0a24d50f4fec11eeeff2c2d2df0c240cfb13fcb1f93fddc2e4c1b1cc
e1fbcd1cbce25f30f101fbe0add20df0b2c45c03172124bec61f1fee0cdd204b
2ddac4bb3af3901e5d103e322029221deb01cf2ffed23f1cfbf0fa1d12414e2c
14abcdddbbfc9210b31009c00f119ae10c32014d311f321103f0fdfe11f0cd1f
dd50e2f00c03a52e00c32b412bce3f11e0c333d353d4ef2c1df20d0b5dcf2cab
b9f3a004bc10d1edfe21eb6f1cfb331cdd20f10dfd43f631c6f10fc12a2dfce2
1bcee23be14be5f02b0e31fd5cfbf1be1c9fcdedc0fbf00f2efac225c39eb6fa
22f1ff1bf23103dfa2ff3cd53aed0afeec4f40e2e0ee2e21f0d41def1e190ee9
bccefebe0a3cb309fccf2fe50f1d6f1f41bd4eefd2c0c4f00cd25d94224f4124
1fefee31e0f1003ff11ef10e403f40103cc0df04dfcfe0203132021df331fdbf
d10ff2de3e2d322d2b1232e30300d1f02d13c34b0e121547d9f5eef310ea022e
2201f3b24c0d44c2e334f0fd200330ecc34090de3d14e3015df1f1104cb24de0
aa5bdc2e190eeee0b1104deee20df00031c31e2fd10111f123f1f12f310c225f
dffacb3dcde091130334dc22efc122fd01a20fee0040f400a1e5fd05d1222e2f
bfd40ecd492cc1ef3cccece4faf0ec0bed4fdc4e14401130e411e1d43fee3dcf
13c421baea4ac7103220bd2f9c2db11a503d50a0cdf20ae2fbd2601f335b1261
b5d9420deed43f0bdd0f2ec0b0ed010e2435f3312b0f2e061fde20013b301df6
0e7ab31fef013c0cb3c112fdfbd4c111cbe30123ce4deddbe62dd453a23bc202
129ee0b210dc42fd3022b22ef21b0fe03c22f22de000f2ed21109c15f2d014df
1f4ffe23031fa4f210203a1f04f0e1e43fd1f0004132f2be5ccc3bf3f100e2cb
e3fcdff24efbc10ed13f0d4300d223cc3ed2f010dcdde2f0d44f02042dd2034c
22de2c21d3ec45e13320411141fbdfedec1f2fde00e222ce3ec1ef11dcbf21b4
2cd2235f3fe2c4ff0bbf1d00001f21ee1d2303eec2ec3eed23400100dc0d1311
24fe1f30fbed4df0e1141d10c2c2e103cb1fe4f5d30012ee23f1f202f201c1fd
04b1fefd00223fdcedbfee04f433740df3fdf0e0ff2f3e0f1e040a01d44dfd14
c22921bdcbdbf50ffa23dd2c1e9fd4dbdcdb14b4c0213ef0930efde0237d0f3d
d0c01cc4e1144d0dbed11ebc4d143ff313e1d4f012ee2d0d1fd01fff41df20d3
0fdaeefc32d2d22bff0e045cccee34de010ec40befd0d512ed001a0ff040dbc5
e00202eee4ffc43c0f32fa0020ce3ffd5de22311e0a05414efd453e003e0eb1b
00044e4f9051d30febce4b300cef0efdf00e5ee9142dfe43c4f35eef3031f303
ecd103ffe2f5b4fd4f2de23eddfdfee0100deee264d1c00f14efdfb2ddc9ddd0
14fe4115f04340ccf0d2e94c21f00fcd22cec31f0340f0bfd2edb023ee32d4ce
11b010dd0f30bff11f1d0fcf0b220200c21d3c4fd31f012c204f30e142b13ffb
efaff1a511dcfe0ff2eeccfdca13001eea911f4ca112ffed044c4cf35e1befcc
d1e1f2a0e2932b3df7ff714bcd0100e4fefecefe0ee34da027e4c654ec00b92c
e2e049103220413ce2232f021d4e2fee5aecdc0ec4ec24034ac32bdfe72ef33d
dd31ed1ef3106e201e20404f2002d204eff2d4f3d14fff2923e34b101f1d4fbc
311bddd2c4f1f5f13cd33250cefde4fefdef16cbc0345125d0f130e321fdf223
cf2bfd413b0fd40a00ee4e1f0e0fd9102f4edd0113b1c41f2f0d14f100d20ec1
d4d25ef1020c13150bff0c41ee5b0dd220dbed20d49c22364d2d62011033310c
c42a33d9a004b012ffe2fd412fdd44f0f2e040e3eb11111f30d50cde4b0030b2
f1eb024fbaf142cc3bc2d101ff0032deca3e91ce015d322013ceec27f20c352e
f0e1bbef22cc1fffed001e21e4e01f300dc2f7ef010012c03b1d1301f4ac30fc
d12f0febe3fde11adb24422defd69ed4dcc53296ec5503112e0133f5e214edce
cfcef12e23d0e41222f04afee2223df13ecd4ee014cd43b422cf11d035f200d0
0a35541fb0cda601ddc25d1eddf2fbdfb4aec2cd3ebfcdf4cabcab3090b3312f
cd093e4bfffea19f0b11194e12ed0e9c942bf21ccd731ebfa4affcff2173269b
02c3eee03bc0e40330b2042b2efbe01c0c2cc7f1cf1313c023bdfff23c014ec3
b12f0c33cb2c242f3dc13f420912e03cf1c2d32e0db43532ddd3fdef22c40c31
011cf093dded9d1fcc4351d112222cd41fb0fe1002dfe5311dd224fed3f2c20d
df0be3f030c22c33cc031f1f3d1353de221bbf00faf17ed20f16ff02b33fd302
b02aefec0eeb001befb11af01dff11f2efaf00fee2c401204200e41fcd200374
ef1cfe0f2d2de70043beccffeeafc3dda01bec120c6a0f1dcf12de2216e1d3f1
21feded0bd3ba4ed2be00c4ece1d21ddd3f002cffed4e011fcdddfd1fd01c0ef
1364c1d629b0cc10ad5211901c1e3fc1f14f56d55ddfce042ed2231fd422ce1d
0f0c3230d00bb2eb0e10ea3dc1bac220bc2ece0fc22133dcf1acfd04d03d05df
c0fbf1fb5aeae1e03302e24f1cc301d9bdcff0e11afff411ee300c231eee4e5d
f0e001fd52009420bf403ee3b0201f1e21e33e020e32e2f41df0112f42bd1c23
c254db11240c2f21df22eb2eedece24feffdf0fefdeee2dedd2c10eed40ff3b0
1b022cecc3f2e6f2c2e1130bece12ff2294a500fd01d209425abed1edc1c06e1
da1bddf3f12cb1200bee1d22f5f3300e1ebfe0fb131ee1ef4711c6110a042122
ce01cb3bd9ef0e111ef1de2fc9020fd1c32fc0f2f36521d046210e33242c1f10
ffbb124fe2c452e031013c3c1110214f2bcde4d0320310dfee02b3f30f0f90ed
e2ece32d2fedf4d42313fd2dcddf41112ccd1e11fe41dffde222df1f4d20df2f
e34e32f12b321d0013ef5be2f3ee1e1f11c2b2134425cddd2cf23edd311f52ce
cdd022e1b9b1cf00e0122231d00bee1c13e0f3b3edd114bff4c0eef5d2130cd4
12ef4e4eaa3015124dfe11303bfb2f0fdee13ebf6dee11c34ec11533e52c253f
d1feb20e2bf040efbf02d111de041d1203febfffb13fdee0c013e12e532a4fbc
3e112c00322c3012012f10e4e22faef121ce4ffd234fc3ef343205ecfb012de0
e0561d12233f0af5dd0e3e3f112be0fb2ec2de1f121dbc7017ca231500302d1c
905fce03ff3eec35e9ed5a4fd3efd0323e12dffdfcf22adffd1bddfdff23f1fa
f233e013130ed315d1e136e2ed2f0c00f2ddef01a1e5e2fd26d0f3d3002e1f0d
323333d4042e3010d22e3c2ef2b5330ede1d441c00f2fe3cbd2220240c1d1425
2ad1fbc0def03e043e2d1abe0fff2112ede0a20120110d4e540dceededc01a22
b2e3cd36d10cfebede2de22003fe0f411fd2d0edb014226fb4e4dccfeffe05f3
bef941c1dd102fe3c0fd3141beb1312d2e3fd2f14d3f3ff1ffcc10ced303c02f
d3010b3f033022f24cf3f01310c031e0b4010d001e2dfc6b120e3003fbded22e
02024beef1035be0cc0d4421f9f23da4f4ecdff50d1cfe41efd11dde3b0f15de
a0e0edf11f2fd4d0e110f4212e31ed4fc2e1d3f21d3e512000df2d13ece32230
2df4ee20120f1e203d2f60a1d1ace5d00036b2fce194cc42b0cb30bf222fe01b
f3f0dbddfd4a1ed4f2f2e251c11ce2f2feff0f3e1d2e60204ddd2004e203c130
c42efedfef3af2cb1eef2c4dce0d3c02bf363210a113f111c2dc30f1dddcd15f
3c2023f200fc12211dfe331d22ebd2ef33ee3dfd11022cdf03d3e2c1cfefd301
2ff0231f21fefd01ed13de3434cf453ceda110dece2f0c3343b343e5df110515
fce0fd2412153d41ee21fc4fc2e00ee002efc3d11f223de1b2fc2e3131e01fd0
414e131fb41ec0e5eb212902eedadafe3ee0dd13faf12b6f0d052fdadc91ca31
522f303fc102afe0b1e20fe6fe0cdfdea17dad0ef41b2a01fbbf00c4a1d210e0
431b1fd132fc14e3ef0ef0aa302d15dfc1db1c2f42ee49020ffd50d215e00d0f
ee4f440cd10613421f0d22f2e3def04e6f4f20fd10d02d10a01513f2e00e2e4c
dd2f163495e62e1c2ed11030b32e1700b310cfae03e01c32a2a3dffb36f23d23
cc331204e12f30510ffe1200b19dd100be20cdc0e41c301cf2cef02dbd31deb3
d291000d2df444c2f31bdc2fdffe12e1e1debf002e2fa2c430f2e32eef022c34
30f0242ff13254dceb00f4f4e3354f10dfef3d01220e0db0f25bf214befc010d
ebc1bbb9fffc3de3fc0d0520b2a402febc3c2d1d010e32d44033d3e2f2dfed10
22324232111cf1902433052221e1050da3d1b1df4f0d2f41e0d42e12ce0ed121
f305e2101d2e12c33d1315f1d10400e2d0b303fdc2e12f1d415bf22132efe11d
bfffbd03dee3b0fba34dbfd9f4fd0150f2c0104e30f2cb94edfdc411b0edfff5
ed60f7ca0020fd1e0de63e01b5f4e35c19103f1cf5d40fefaca3f44e0fd520d7
fa1ee5901423322020032f6e15d0ff3d2030e2de1f11ffb2fc323f2e53fe21ed
df0bcdd40e03e5443e2fe10f12f3e2e3f3ffde4d2e033a6243120de0e4c2e0dd
e3e0f41e25dae00dbc09259fd12c21423d41b6ffd2661d2101f0232e192c970b
62236902fd0266c3ee1cdc3cbcf019ed3fa3e13fff013dee72e211d1f129f1ba
4bfefb1f532eef360e5e2e62e31dd100dd25b14f50fb02cdedc26f01f34de5ad
d01352d1e051a5140fd3202decd0221e34f1cdcfb4e3de60ff3226e0bb1033bc
13cfce0fef22d4f5ab310a3fe332233ff2cdc01cf0042b432b0fcd2fcd00e1cb
14d1e12125f41eb3529e0d6ee1ca1210cfcad0fdbe3961416fc531e7c0f2153d
b2ec0e112e3cbd11132001efd4fd143faf2f231ee2312fc41de0fec4b0f31103
b0313da4035035f2d20142f2e9d6790b2edd4bd421ce4f79ed53512e0dc213e3
c0020c12e6301f4001e00c5f3eef2ee1f103ce2d22044dffdfedf1dfc0c1221d
239410ce25f052265e0c1ec3bf1f101fe6ccc0ff0ff1e04f20ea0fddddcd103a
bcc3e1f4fff4ed214c9e15430cee4eadbdf330f3b41d145230fc101122e005e1
dd42d3c41f232ece1f2c3a0e3ed2341ef4cd12ff1e2103ded23303cfd1ef113f
efd1de0311e271eee1c130d3021aef0ca5ddedd1c112d2502f0e02f0deee2e03
d3019cd015010fea0eefe04c432e0300cf3021b2bc0de01412edf0153c2e2e02
c34e1aeee620ece1e02d661dc11421b21cd1fc0090f2c36bfefc01e32af4124a
efe3fc123d2eff2ecf1f0d2ee3103c0221f013ef0030113ff2ff52f13f0133f3
31c03214411c0df41d2e4fe422e124cfc03e0e13e3fc10e0fc491e04fd1f1cfb
1ff00ef5eb21e22be23ceb5cdf212d4f0d401eefdf4d3f3e4fcf12f6cd1e013e
3ce30cd534f1b2031ffe4434df24ecfb90022043f1430f32fbc0f3d2bfcc25cd
10c0eff023fe2110e2023d5df0eee033030f20ee0d122d13fefdc033330e241f
51e2d1be112fe2054e1012ece31e1fff33fdf1312d120cd33f163010c2001e33
4c23fc90d1ee152e0eeffdb1dfee1521ffdd2e10cd4f0d0c3fdcf0104d10e1f1
410dc5101fed3ec1dff101de12fde2dfdd23f20f1f1cbc12ef23edefccf5eb3b
032a1e0de40fe0e1d3122f2013eee3103ecec1e01ed101022dee1ee301d3d130
f220b3042cff022eed2dfe12d0de2c01d2f421e0ff2242e4b3cf1b013c03d0ee
0040c00c33201c03b0ef12d11f3f1422f0fdbc1ebd132f60de0f4f3dc0d11f30
b92032fddd3df1e4dadce02d25d1004f71ffe1efc13ce4f5b4a02422c101cec4
41032f201e01deb244d52601d12c362e01df0110c02b035fc1012ffd2bfe00dc
ebfc2d32be141e39123ca21ea2cff2002cebf220201122f551310d10f51d0f32
0e2e03cc011e1c0eb1ff2e4c0300f42cdcf2ffef22fd2ca05fe11111b30d1f23
2aed236cd01ce3e2fed0e1f2beac2cffe350202fd53d0f23a3e0ef16b20d0cfb
70e14115d40b3e01fd002e011fa310cc0d4fe100b5eef0eddc3c0d2dfdd020fd
012f023ad032cfe1c1f2fd6d2cd940e2ede4bdb332ebceb02ddaef24dd112f42
024201ebd31dbd1f20f37360bcc2e321ffd09dc1d1dca2ec1f3c43eeeff4de13
ebce1ab1e9f020faf41ba2f0e4e0f543ed2ece00e0143fa6f0eedc2cd02f1c30
aef4326e2f17fc05dbee1cc0d3b923ee0a01d0d4930e0f12cec32120e31c24f0
91ff4e12e40f214e1e01d06420bee34251e31b1c33b2201da1dbc4dad31c2132
3e4d00cdef31c42d10312e1ac2ffff413dd2e2212e031e213e312410b3cef110
3932f13effd32e1e1c32c0540fd1f3002e0ee0f0f3e213ed92d1ffe1232bf7ed
d411ede3032205dd2e0ecc6cfdf32ee1cbe2b3c0dffe3cbf2314dcc510efe24c
b213ef24e202ec16e1d04fe0c1bcd60f1ef6f112c2f00c20dc21131262e4d001
e01ff13e012dcfbfce2f41feffc10433030deffd32f1fcffbda421f034e200ea
00335452d0f3ceddcfce0324f4cdff0fcf241eb12202fdde04fa14ff102bffe9
f13f2023fe0f1dfe4f2301eb27c2e4440e31acdfe0c3c0d5e0ad9e0a142211e0
014eb21f230e1a3cdcdff510e0b201410f630efcf2201d0cddffce00d11f0131
fa00661f10291333f1d1e6552103efdeadcd1c3dc1f4bd1ebcfee30f3ee611e4
fc11ebd52019f21f0b1e2d52310b1141a15b2efed0effc6dbb33eed1e00133d1
afffcc02d0031c12cfe20d12ae903e2db03f233def2c2cfdbfccff15ca2ee111
a31ddba1f03e2dce0e303f01b13fed322c013eff0e2c5c00f01cdf13211def2a
cc92e01cdd1dbdbd3d0feccf210d144e0d2033bb122b1fb4302f0fe33ddef13d
20f1ab01d3e0e101ed003c112f0be3213eddd0dff00e1b405fc4131d1012f131
4e03fec21610c1d0121436d4ece543deb304cffe022e017e4b3e3fff1c1022ec
93121304def51f5d1eef3bfce11cec412f4fdb2ef2d61deeb6e2e2d32ed0ed10
401dffe4141400de0e00514e04dcf103fc054c2fdbe2142f31d113f2df041f43
d4e0eef11ffd2a13c3d01dde033cf1f4ef1c2eb2d00cd1eee0fcf1fb30f2dceb
b520ef03154ef9ea112f272a1de11fd3a233ee2ed00ffac1f0f23de01b23f421
ec114fd1ff1ae04be222ce049fef463ec003ef1d31b24b1f01cc45dfb30ff121
de3d4f113c2310312efee6d125b0152d1ee415c2c2c40ec1029cf302fff6e2f4
2a20bff4ff1344d0e42dddcd03e114f000cdb3bc3e21e2ff2211f0ee00d02c11
b11d229314f23eedbc4ff1fecf0fe113eedf1e1b3e233fde0dd40fd303efcf33
acd2313effd2c3f221cffdc0000bedef1df4ef0ef011cd30d631250ebdfdf1ff
101f251c201fef3bcee05cb4cdceea4dfcfec12eef411252d51121d0fc14fc0c
ff4e2f0fa521a2451ff4534b1c3fbb3112ffa070fe33021daae6fd1d01a0ce1d
da10d1f03124b32fe041dbe0f212e31f00d3f2ce643d4fcf03046e11011ed0b1
dd111211d05db5f3cfe046f20f3ffe300cf43d01ffc000dbdecc2f011cec330c
3e203c33110f00f2fd02f52d33bf04ef2ee3c1cbfcf3021ec00e201dd0e0efcd
60034f27e31cd01db1c0fd412dce4edb2de3d3d00311d302d1e3532c0f11e1fd
4e3ffdef4201d103ec3cff0c332addbde01b12c03cdc5ef3d0046ce2d321012a
34ff301cf7211c3de225156e324ffe5111b5c92d41b43f0fe12e0321b0ee2143
acfcede1ff2d0de44bfdde4235dd010fdce4d0ceed2031204d10d0f1ffc0e0eb
a12f2e0ce223b11df13fdf4ae0bf43e0c0e41dcc3c0f012ed25041df1cdd133b
2df03a01e070b4e3f1cf61f11b03f2c9124702b9a405fe105f142fc440ee179a
53215304d022ce311b00200eb02e352ed0b22f3ee02413dd020c30e1c2fe01ed
e12ced23c019243d22b011e000c53ceedd2f25e0de54325ddfc449f71fea153b
124cab03ee14f3902b22201fddc00e20bc1300e1ce103c3101d2ec92cf35e5bd
f14dda93d3fcbef020d3efe00ecd0bf02c3d002fefd2fb5f2d0be215cbe3d00e
4f325400240befd2f3e0e2400ec1352fed1ed3c1f1ec20ecfd3b2520ec110fed
6c2412e4e42fef37ee1255f41004e0d104f5cccfe1dc11fdd01dff1bf3223fe3
d36d0cff1211eb1532f11e3f3fdebf5f3d14f01e131dedc3b21c13d41ee2fd22
0f0ef4f21f12dc0f3c2e504ee10d1bdfcfb2200d22e1046cc411f0122112e233
022b9dd4fdeedd03be022bcf164e1212e3b221aede01ecd4be15d206c322ec4e
d1dc4f011d0df3de101000fddfeafd12143cf13dfe160113e015fded2fe1bf3b
dd0fff333d2cbe06f10e2226d000039e03b4bc20d0ff0fcbf212e11c9ef1f11d
11ee200a1d2323e43e4cfe1d35ba0500d1210fcecbf200f521e4b2acd2e13c22
d122349dd033cd03a0d351e02e23fcc1d11fe2fdbae0de22ffe01ecdbc0ee010
df2153eef2f15f2cd1133d35b023e10d0e0d3fdd02c2111403220d31402f12fe
b41e2d2c14fcf3cbca134c4f212df22021040dcee034daeebe2e04d12cf32c41
eba0ffcf4a2aa5fff2fee143e1da3cedebbc06cf194f7c15d9e329132c10ee1c
af1dd4cbe0f43e04fbee2f2f00bfee0bf102c2d03b0bfc5103bb2ce34de01fff
d0330034c020c4e1f0d041c231c2e2003cd00d0d32d4cb6050d3142cc222f1e1
0c313ce1ccf01fe1f11314023fcc0f11c44ef33e3d0eff003ddbf00d1cefef0b
023e322eff02ecf32dff3f5a025ceed13e15bcbdd2fd0a4f422dfd1c2035e121
3ffe1253d3022b234cdde100b1f21cbf3de0e2f0302d5d1d1f2f0f25f41cd44d
0531a0b1022a2de30c2f55402051fc220f050ee20bd1297ef11c2e00f1c2d013
fbf11c15eb2e04dd9b31100df4ffd4111dbc05003c1e23a5dbce22d013c0c5f3
b2345f430406c22c2cc141ede2c320212f333b3212d43a6f33aee303f0ff25e1
1d41ecdedd00d1d2b1f3b422f2df21fdff0bf3ddb33a210f50d2f3e51242e23e
49ff1ffa0343e34ce23c0f21100efee223dcbe5b11e0e2edc520d23b00c431ed
03dfffeb223edf5d4c0e20312ce3403db03f2131eea1e10cfd321fbec0c31541
f104d0cc333dddf220eed11cd102c1b33341e13fdeb02e99ef0171bc1210a51b
40d321d02cbee1d021c3f0e40efe2f60d0123c3c0d1fd00611e0c0b54b1c2f03
dfc00e670093ffbff4e5dff31d2c2c1ce112cf02c05def45b31ddff30efb3f35
71a00919c02ae20e4cf0feff2d057a40bc031401df0dae22fdf22c102900061f
f13ae10e1ffefcf7db3da32f2d4e1224d221e0f01292121aefe25ffd1eff042e
6a720cd010fbe213ed0a01df0fd12f3ec42d0364f435016f1ee211dce2f6f4ef
060e0fe041d63dd202110e12e2022e0fb3e31cf1c03d0033fd2d14e2dfefdc21
e1c4a41312f11cc325e013ef0545d7d4034ce30e2ec02fc0eeff40e05213df2c
eb5ce22d2350d0f0e10062f220f3e29112fb56ee20d22f1b203154fd1215c303
d41c3304feb5cf1f3cc31141314f2feef2f4f2ae01edd0c4f1dfce0061001d1c
e46d30eec071355e1932103de4c003e37cf111ef60dfe0eb4d04a24be4ee3be3
343cc1e914fe32e2cc2d06ede05f03951423f2022d020e0cdef4404fc5df1ddd
d50b11024c0f1ffeb1be3032cbee102ea02324b31e414eda3f4b60b11402f20f
e1d1cd1bcffa035ef2e101deff3122d27ef415323e020ee1244d0d5df12a3121
59edbb2b443e025f4f1ec2fd024ee11c15329161ceb12142323fe23e5e31d132
421f1d22f10b2200df2feff3e0fc441d222db32323321e0c43533beedfc00113
d00e131f2e1f3211cc332333010ecfd4340002d364e342b93f51ed3d44f3fe3f
3b51d13cf01e1d2b1e03fc1c3122c24f3510fd2233e1032cf030010f1deed4f3
21fd6021ef0602e4fc3314eff2e15434ddaf21c2d3ded2ef2e4f213132e5e2ca
e20d322c61d3ffdeda32012f543e34c1c3c226afef1f000cfe52426c0514e30e
e4bd301341f23113fe40f4c3200f0d12d3e22fac0e0de010220e2d4e1f021d0c
14c4adf0a30043005f01b0920e23c3402f1ec110c122de2212130af22e0fefe0
eed0bfae2f1df301073010132131dc2120ed222153014fc1161ddff0421e2e20
e62103dd2211fc1d3b511f1f331233f6e304e72c0baf3fda23d4f24ff2fcf3e2
224d40ebc41cd3561b402540f1f01605ecde54427301f0ec3422324f4334d12f
e3e1db60c2fef10dfd1fb3de1f1f104022230312ee01fe2cdf1efdc1eeea0521
02231131411ed1ee2e2b34c1022533d12fdf04e5ee1f321e2f1f510dd2c5c22f
2b211dcd400c3edff22ce3dfe00d0d0deef0065e41d43ec21ffc5de5f21e1200
f02def7f130d3214cdd6e3db02ffdf0ef4e3c13ddfef3e1ec13ca00005ed2c0e
f5f9f211eed23bf43ff43211d01fdfe104d200d310cf0e92f203fb1df2dfcf0c
2433ede04def3526df6c100b4142f0045f0cc3fe12421022ee35c271fbefbcf3
3f3125fec201b0f14691df511234301400333b0cedce0553df1e00e7a002450a
31ef0e40c2004e5bcff072330dac304b3dcf5ed61101d1007efdecf2f2144110
e0e30d4ed3e2fcf54dd2e2eb2d03f050cf6201430124f025ee0210c30141c121
5bede21da3322eca1ecdb23db3d1d743e31563d396d13211be1513d1c32003fd
2d440321f02e1ccc31c5014fc1e304146c1dc1d3122023e00fc504c3ec0d0f03
e1c40befd3ee4f97c3d591192174ddd32232d1304be52be0a31e2b323e293e1f
13e042201d6f0fc20b124b100fded22f02b005e24730debede6202400c0d20f4
de00d2c120d4211015005be2c1d9031b130a3dd4eef222c30fce01f3fd004b32
21b0b06e07d1161413e020fd01232e213f40310d293d0f3f41cffff0be1d2331
223ecc5bf4d93f3c1df1e1e0dfc342bc4b03d2f7b11d2f101ff1d23de1e1dfe2
cce42101e2a07fedd5f1c1ff1fe43c44ac042041e2d20d1dff05cb32debc1021
ef2003033e4efdbf4e230314f301000142ff2605c13010ce2d31eee2acde11d2
434a0c5b22e0e0401f00d1fec32fee4c4310291bfed012d1510941cefee0d35f
114f0e0b3debd05df00eb3e0e13b1df1f1060cf05eaee00ff4cedb3e4320372e
221d001cfc111e1fff632000f1acd6bf3e0bef04c23ee2fbd0f1d6efdba00bb5
2d3072de5950daba43d12f220ff643401d402ceee5d1e7ff39e030d4ca0e2fbf
06d231fd2d6f212e2c5c4dc42dc9fed2fb9d463330dbc2fa2e3cb1504000f0df
e2f214e01c100debefef0df4e1d215324f0132c4b21cd44edd1525efbb130e9d
eef31effed2511023104f06b5356d3e4d223cdde24b3401290233013e0b10d0f
04ebbf43c0ff0df21a24c504f405a1604d5f1132fff200bddb2ee9ffce1afdde
d4cf5f4fd2f435f2fc42fcb2edd02c31ba0fd62230710f43eeeecae2feef0c1f
10235144b10571cea2ff4df033fc01e5dcd0fff420521ee5f244ed523e0e0ef5
3e2602d51ef4e2a903010dc1114c0141444f4f23e132e3e4f1c3043e4fe405f4
6d4e1fd1302c0c1a2edf440ff1fc16201d0f2d1fa2c2e43131d021f524110fe0
f24d61d310e31ff912ed0ec4dffc53d5ebc455e2e1fbe4e11df4cc2432f34fde
f0f0bf0af4f2c1153cfb001d3fd1d3b046e0bb2cc0cd1171110d52f1e1f49e3f
2f210eeff1df453ee1fc22300ec1ffbcf00efde11533103b134302de52d2be31
3ff2033fb100fdc014cee3f12017d24e34321debcd11f107dfc00fd00e21351e
1b2de41340e10b4b4fae433c25ac37e25e100e2196bf12220e313730ecc22102
cccc73fed4be17ccb20c20c5effb3ed1b03235413a41cdf451ff3ce2f664255d
e2bddfd0bd2fe10d02eff325bf1f1e321f4142f3f332f00eb191d0e0d460d3b3
2f1e432020432c52513e0f000e2d13e0d0ba20bcbc1f62d1260c4f03af2c4230
3a213de20133f010ff1513cf1ffdfded14e03b12efe05190d2104e1defe23f00
1fd0feed11ed2112f2f20cf23cd1002043004fe42164febf122d5f120c1c213c
cecdf115103de2effff22fa0f00e2e1e2e24d3323449df500e04df20bd5f20e5
54ef5d0f32d402ed11fc1451f2ee30b0c00e15411e12e2d41eb4321e340f1c0d
3f6e42dafe421100e04e41fedfc0e1b1ddee53d2d52f102b30020db330d5e2d1
04322e0edeee3fe2e3c21efe22220cdfd20ee00ba4bfe0c3e3feec0effaf332c
edd31f0e013303d3e336ef30efbedcfd42ee2f01c21e2fbde420314102103fef
fdd0f0cf323002dd300021f0dfeec1401c0c323103b521d4ddcf5cf25f9e6eed
ee04ffdf000feeefcdf130041f000ce319ff31223e22e15e3be3c2fe00222ec3
0fb202f10ff0dfb1c3240f0e033f1f3fc3d10d3c142f4f0fc0d00e0f01ff2f13
21ec4e3dfffe00fdfb1a32efe2c0f30c30132db1cf0df2440c3ed4c03434b1bf
13255efcfe3cfffcbafb1042f0f502030ce1541def12c2040eb5132e03d30dee
ee30c1cee1cf0012332ff0f00264f23221e0ed0ced1201253ffe15031340c03c
efedce03b30ee1c205c2fc2dfd5d1142f5f1df3dde4e50ebef3c1001d130d244
f3c311dd23f3f11d0402f15cdf300effc53d40fce145f102d0130bdfefe00121
25d4defbf1bf05b3e4a0c03eee214ee2c2524cfe1f53311ebc9233e2e3d2ce2c
3d2132cbe10d0f1fd22e001ff00102a0e1e32e2ee42430eef2d2d1df53c404d0
10512b500130022fda0145ffff331eecfd0d3d24ef3f01421c02e62f1003f011
054c2d3420d22edf3e324f0ff33d0553c0d025c0f2c0f241ffefedd02dd41fd3
2a3fe00433d231c303c210bc0c1fde01e5d00c2a11f22103160a0502d30de030
222e42fefe20cf02fc0dfdc0e21212010cffc4be31dcef3e4ce0b4ed1432e311
dedee1c46f0de4001f12303e1eda2ec0f2f1d2223212310d3f2f2e0f5e203f32
20a322004224eedde0feff1c012e2c31fe1dddedeeff1eefefff10e102f33f3f
e1511232213d1f523e03f50e0fc11220e3f34d02100f30fd527134c4116f0411
20bffc0c1d111422febe12fd0e214050063ebbff5e721e1e1ffbd3eec1422e51
11e300e040113ff4e4c3f30c3031e322ddf21dfcd0f23ff3fe011c5f1fa1f20e
12bf1e3d1df1f3dd202ce30ffe15523dfe2edae43d212f4f3dc326f00f65ef52
ec703fd460210045235e41f0ff00ded0e3ecf0e2deee11f10f3dddee21341d03
0dc112fded3b0220f0e91eef12ed4cce5f13f1d34d33f0536c03fdf350201e1f
0dee311efe3cd120fe1a34d02cce22013b23e2201eddf01d4f3d21d01f600ed0
4a0054ff1f0cf20ff10bf320e32e02c0d3e0dcbedbd220542dce14030573b2fa
fb40fdff0d443ec20210305e0dcee01d412063e5d03f42003c00e1f5fef32c24
f2325432b1d22e1e0ad42333e1e3d4f02b106fbddd10e0e2d240ed2022e222df
3a4edfb1eeefbe3206af3f0d0ffff249022f0e400dd4ef442ecc57f23e61f111
f40cfffd312f033310121cd1f4df2ef22df4ffb5114ed131ff2314e3c14f0e03
12c5d100d1f1f3103f53cd20e12141e54b03ae070cee0ef2ec41c43bed1df105
1af2dbf42f2ef2fee5102d512e2e012cff1cff0d30e1e01ee01c3622fc4fde54
c100ff41f231e0ded0024936d424ef04dd3e14431f02b316e0f2c22eb1bf5010
ebed14e0e30f02bb5021b20e3eeee51fe3cef5202bf441e121ff3005d3c1542a
02a012fe51d2dc217f0de4222e540d000efd429dac01dfde31a3fe11051ff0fa
e33f52230d11132b2bf443e333ce00c3100b64e3345000dcf13b204fe2affdd2
e1fe2f40eff1e023ccf45c5413d2fac13a2fefe411fdbe2dfe4dc2df3d03efc7
fc01efed2fdd21fec0dedf2231112043df4db35c4b203c22c52c5c1ccf01231e
eb30efe1fd5e23ef0e0d5df2bfb20f402ef24206ff52f2d10b3ec1023c40d1f3
022ef2ac3e4d0e030b4d0ed122ee3f3f0002f1b34fcfe13c3f02141f2e4effc3
1f73e1b092c1cd2f031e121dcf1ca6ff35434b7a2f02e1dfe2b503b112e0e5de
c2cf2c44fee03fececcf0d342ee031e0d2d0615fc5c132000f112ffefc010212
15fbf42fe11de2345fe105c3f1454f4221210ddfbbf31f0e3e3e1e10d03fd22b
e33dd2212333fded4f3fe1cf0e04f3f630dd14eefc3ef23f24321b109edf0fdc
3dcfdfc31e5d0043213d200310c1ee42011efc0e4e4efee24cf026a1f20f0012
cfe4ef21f212f31f0f01ee201d24ec0dccf2a3214f2f2de0c2e2d5cc10de1005
fafff0ddcf100cd20cc03400efb0ec6d54265e5cb33f2ffe21093ef5210ee1fe
00b0c3db1f10d1f03d42fed030e4ded04c4303e54b4030201efe1dfced3240f5
35b30b39901c3f53a1b2ed0d99013d2cf1d74c1ddfb2eccfcfce2f03e03ded10
ed1d21dfcef1ff1ed1cc14dfd3d1f42ff420dc0e3032e2f0012d110e31010f31
e5eecfd4f00033e2f051ce3d5e0f04bffce2e0f0d0ef7f3f016d13030c23ef3f
4ed0f2e2f3f32eee26d0befddbd01201141f00013c4532fde3043d030f0f21eb
2112c0ef03cccf32ddf0bedb1e71314de44311f1def25e1d121d22e2537fdf31
d052e10cce1bd013f12e25b3c1f3b12f443131de42120eeed1b231cbc03ee0de
e0cf22b01f3be0253d22e1fe222d3e4d3120100e0d14ef4c03ef61fef202f451
c3b32de3611330eff211ee142d015ec13ef0cf27001d21ed4b61e1100c10f2e6
ebbf02d23123d4df54e0ef01f1130d1cf31bfe1e223f42f53feee033de133e43
12ce1e310f12cdd2d5f1113e20e11061d0fe5c1be50232d4f3cb4cf0e1efe36e
4d34dcec1ec10de0e40cff3c24f0fe10b1ed1e4d29cccdf41c00005c2bf0f235
20e45ce1e2165319ed0222301edf11c2f2d0324521f12403ff3fef0f13223fee
1f1043f5ab20f202531ef30c4040d25030d1c6b4fedecf120224d23490efe304
1302ed313f31ff2424010d3400ca12e2fff132dfe6dc14f0edd2f32131134143
22dfee0c34142ed5f51310120e0c22216f5c1014e1f310dfa1cd26305e015ddd
2e253ec0ecf219cad001e010fd3e1fe0179e6b1024a1e4e699a212ef792d1d41
4f032dc44f51100fff103c2fdb3123411d003500f44fd511cce4f1edef13dff1
123c22c1efcfddec4efcf03d63ecd201b1a40e0a1da442d53fd33b5dd23f3324
d01c0c2f3feff5d3e1310d1ee1ff2d143d12a0b2c71df05cf6cbf5e206051ffc
105031b3abee214e1deef051e33f1d601fb3b2d4c43f0e2ff51fe113b11cf1f1
f22bf1b4fe5ecc2e3cf01e1c1011035d0b0111dde0e0d0d23f112e00efec43b2
1142200631fe6e3304d1ef32cef0d2f0e010d105b27e2df247cce04d0f111fde
fd15f3fac222a1fde1200f1fe111fedee3113b014dd430aadd0c1dcd42de2f1d
21dd41ee1f20ecd1dfd322ff20401f02001ff5020bb2d230cbfe1fc32e33cfe0
d30c0f02e22364e2dd11fc2efc23ecc41d7f92ff1f5bef2df642d7d1e31053fe
3def11311d3d0232ffb13efeece12d30dfc271d04fd51de0fe241de54122f1d0
0235b32fe0002ae23b2dfcffe54d0f6105c3312ef0f130222b2319c15012df12
e2c3134cd4c0de2fed032fae11e344bce053fb342bb333bbfaeef1f1ed4f1023
e321c1e1e11b1ee4ffd01cdebec01441d12f015500d12bbe1d5cf2ce02e24141
123fd02f11d42e3efbef1bf4ff1de212fec03ef6151c02e1fd2d40ee2c1ed0c0
04e352fe5e11fc3df42f3eeff12ddfd3d21113f0ef3cf520e3edf2fe0b2cc222
03ed6ee21b5c5eadbd4e4e0ffd5121eed0efe35f2e12021de3fe2edfdb3d1de3
efe301114d4eff01c34ff31ffd304e1134def451e112d32dcec01002fc02e111
410edf0fd21fd212e3c3e10d2def2131d1b16f1bf4d3b410eb4e10e21f0bebf0
2f4e2336bbdce440f79225ccd0a22c003fefe6efdffedb02d15dc530e1dd2fc0
ddee3e13dc5221c0a3e3320eb0302e02d2ee4203d11e0d30010e05b1dce42e00
2e1b12d5c92200fd0fd102cf1b14e1ffb0f1d44ee0933ef1f05d10f2b33d060e
2ee2ff4d32a443011f233ebc11101624f2ee52ee5006f5dedb2be3cf3fe0e020
2ddd53cb3031de1acd4e3e1dc11f231ed1d313eb2304f3f00dd02edfecfe01ec
123a1f14effc61353de1f33ec0b0340ecd5ff3e5df1303144ff40de0a30f3fef
11f7950de6159035f33f4ce3231f1f1e22fe31706cf5f3ed0a5b4e3e0fee42ef
1322a0ef3100d4f0fee51014f0221dbf3052e1e701e10ee1e329043ff5f4400d
febf3dbcff1b3ee2c60d530ef1d3f133e0242b4a312714eedf2332203b413c5d
ed5341071d17242dfae092f40e242ee3f202000aae29c40753a2f31ecc51d2c1
14dcc15c05c51d4b1f022fe14f32dcef400b1e5223ed554332c110fb221264fe
3ef0c02ec4f3725ef4ebf97c65ece33f33ee51fed4efe0e40dd41ab73f2253c2
99ee226412b01cc0e9c311e004354bfddd3942c2f1ae42007216eeffe00e4fd2
dde3ef22021b510f1e02f03ff30d1fdffffc0c32f5da3ff01d32f12f24223bef
d02fecaf04c1a0e5140dcf41d02ee42cbef224213dfc4013fe4371e71b0eeffe
0d1c34f0fe4c1fc113e11eee90d15ef01f6fde236afe7c2bd1741fedd3005b2c
01c00132f4d104d255ed0219d3ccc15e434cf124d004e10f6f3e3fd124012d2f
6012313eee541f1931dcc0f05c15adf224c2f3e30201e3c11ea13ce5f22f2792
2c9f0d62d22eec0e2c3f1e3fc0270c42fcde4fed21e5de004fe2e1c03531fe12
0d1c0dc3112fdfdd1c30bdcfcae12deea2cc44023fba3dcf11f12c100df0521d
de30100c2120f2febdd1de00c1de00c02b514e44decfe3e0fd3215f324e75c32
51e0c2fce303135e3f20ee545324b0f44e0ef116e40fe03130fa2e1f24d5d4bf
20f24035404e1e3de0132fd7df0040e1bb22f3c52543c102efdea62d0d2ec2f3
cdcdc02e0bfc22360d32142cb1c3ed62104d1d043d0f622a32fe262de601195a
126204d3c49237e1cb24af15ff0a1e0e005fd9e49eeb6cf542dcd03b22002b3e
20de5fd33113f3dfb10465c0020f2332f160dd407132e42a240d053ddf0f0e2f
faad12520fcb5212bfd2260e22f201f41f4e4dd142d6202cfde5d1cbe0f1090c
cb5f42a3d114114e2df1e4e0ddec4ee1aff0ecf13f3d4cdf0c4ee314dfe112c1
33c13cd0321b04520020256fccfe2433c0a32316eebf01bdbb3370f3dee5520e
11fd4d006d5193e3253f0ebaf1c1240dff3ef3361ace42dba3e31d100e5022ef
d1fc6c001fdb0d3fd2d1c1bcc4500abaad5c14c421097e4cb24fef3d110f0e12
bad40ff5e0bf1210d0fdcfe00053fdce013d02b9d16e04e000fef4eee2fe9b24
dfe3c36302336ff2fbf114105432d0fffdec2e02c540f1f243de124c04220ffe
c100411560ddb3acde06ffb0cc314c021d6cbbb023224210e31ba60ecf32ca61
0f3e3101dc721af111324bdcfeb0e10f0114cb4e3b06152d03fe001d3d5ee11e
02d011ebf22dec2342dd0de9c6fd010dee0d113e12bd446d131c0cc302e002ff
1f323ed5d5df5d3c4299b174400bb3e0f0b322ed91ed1f1511f33905011ed302
beefb77edcdedb0dfd3303d312d1fd0ec15c3b400e20f12e55100e3cf35f6e2f
3241fd101f34aec23f30cfdc4f2deaae4d3cd7d1bffd5e4135c10c1dfc0cd405
0bc0d3f325fb01e1dfbd043023413341302f32cbe40c3cee42440e1d02e1af0f
302f440fe13e33de0a3ef2be2f3c2d2b4e43d40001dbbce111dfffecfc1aebd4
1224d21f21e42521ffc024dbc6fef03011021353445cefa14d0b1f2f1fd31dc3
ff311233bd05f30501e0000ce3d93efc3040ed2b10cf2b100f3fd10fe1fd0f0e
1ce2cd0d13df442ee02f1304b3055340e0cf2ea023c5d34002f9c3032f0553de
e42c612322be1ec23e301dff0c21cf1cc3ed1ed01e1f60e02ff53f2cdfdee352
31206e025ddafd1ff022f01ecfd40f3eac0d02c5ee152e5e0105e32cbdd53f4f
fef1b11032f0eaf41001c224facf1dbf3f00201ef12dceb4fd373c1f0ce4340e
121524303340011dd0dd0fdd23ef204e245434ff2fefe1de4f44d3f340e11ffd
240014132051cfb4da2ce5cf2d11fe5fd5222225fd10eebf0f0622c0314ded3d
ccfcfa401f3c10f1e0444e054f1f4e12a211e0ef1bb4644ed5bfe40cf1c051ed
2e00b303c30f23e1140f0f203244fec301f333df0d13903ef22d0cf3021d14fe
cecf4d21df02505ef3003a20c63ff5a02f133ecbff451a62cfdfcf5134dfe432
fe1d3d217e30fb3cef312325cd56eec2ce210300fddd7460c1c5012f20c11200
33ee50043c0c2d2cfc1ec3132d51f41f11b3dfacc4dd0243e3d3f2e0c32cdff1
e100df0fb32134142210fc30e0d1ff33302f14e2e1fdb010412ef011f0fcc1df
d14d10e221d3e0a3fddde0f13af3da1e030d130cd0d3fe3420074cef1d10032d
e27c01d61041cbde243102f4790faf23d1bcdeefbabc413fede75d0fef0e03ef
e01eeed032115eee31e1e44ed0d3eed0d1214fd3f4e14422fee4d04fd1222131
c2ec0d2052bd1d0e35420e1003e50a231211d0001fd66d2df4213e3be104e36f
e20d212210404b222230f311f310dddfeffd1c12fc342f3e241f2edddfecfef1
32f0b2eec42e40f222eddef221c0c14351efe4d22253c0000ffeef54ffff1fb2
dfde4c101e3953edffee311bc571f242bf2e1c91f0c7e25005beef1c00f1fe53
f244ef1ec2d1eea4fcc21ee1e3fd11fd3241f2ef20dafcc00f32f123133b3c0e
12f1df4111230d2de5c11bef10fffe22f5f0134102ec11dd21fefd42dfd0f32f
e1d3012be22034fd21d132ed031c36d1400f4c1001e5003ee00dc53e22f2fd04
24542f1fa4d34405f10f2a203dbac0df62cf0bd0e3fcf9f30d03d1fdd40ebd01
f0d0d0221005e0ef1e2d2303ddd4ee30d31125302dfdc4c3000f0e3f2002d1d0
d3f03dd231be51fe35f01e0decfcd4c0102efdae00bf0233f012f20fbe000005
22f414f212aafdf300cd26dca1e415dfdf3f4fd0f4f6d2012dcdecd2021d2d42
3f103c040ddcfddd3e2d402ee11d32d49323dbcde4f13cf3c40ef220d421d444
20e32ef0c0cf0630d0305ce3f32c572ee2e23efce1b33f3ecdebd10ef3c40f20
10ff7fdeee0af1231ecff02b1f1a02df1f33efeadd21ec3145efeb4fff2a9027
ddbaf40ed1b06e3f200ee01fd1ed4322b00de00f121d025033cff44dc5df1cf3
22be32235fec4341d04314c5cee4eef1ec0410e3134520ee2ffff0d3ef0642ec
1ffcb42a06d1fce17510fe3d7c00911200d2102f11ecc332401c0254c10015d1
1ec21341c0ecf4f2e1efd63e0d1ded41e0e1e3f204e43012ddee2fe0142f101e
f1006b412a4fcf021130f061dfeef2d0d11110ab3fe6f2ffa1d130c2fdf323f0
1022de0cd2b3305313d02f10f1cddd2f1f211e031022f4efe4f4cb60fdd10111
def2d0315befe1f33dd2a144ddc5df4d032bdcc522013ec132e20fc420e0be10
003fe501e13002c4efeff0fde1de02e0d06fee25dffd3ebf23201ec0e02ebe11
300150d434ff0e10e20d221eededed20e23404fec0333ed2ef1110c0231be002
4212f3ff1ebde20ee02f54b2a21e43ffe04e1cffe36cf1d0111d3efe11f3dee1
2202fddd32f0b04b30300211a5fc1eb43fed32cee0d2e221f4e2df4df2f43d31
5e44df1db054cd3335c00bf25d2bf25e23b22f100dbec6a1dc3d0b045d1121ed
dff00331dfbc2ebf02c21400e1ff13cec2ffe1bfd5341d4e012ee26dd4b35022
d2ec024bc33a62010a04200aed1f032deb110fe330a12f41fd1fe21cd13030f2
c1e2e01035ce7bfc3032ebe10ff212cf3dbf521e3254e75f4d3e3b56cd00f1ae
2e2cefe3daeed33ffbf3e325efe2db1f2e11cc02356ef2f0331125f31fd42ffb
f1e121ff035d4fecde03ecf1414dcdf31ef0d30c142f0b12f1fdefffdf1012e3
30d403f229feb1f0b00123dc40f5301d12401f2c4e0cdf91d40311915d4d1c1d
03f3e02eb63172cf2eff11300d1b40d2dde2f1ed13f21e332cfcee40ef31d001
e22400fe22301fde10440fef0df03e1eddce1c404eddffffe1401df2fe02de20
f01ba00ce6e5d2f22ce102d04119cdd55c140243d361122f400ec12d340054c0
20f331dfe1cd14fef1e2f04fb14ef13be1ef42b2debf2d03cd2d0dade04bf1fe
ef12ad71c6f1b50f4f24d30f4c14c9271af3f0c6f5eee37fdc63031220e3242f
12fdcfd033d5005c03dff95243dc10b202e413dbc14b244401eedb54d2ce13e2
031322dc90541110d115320ce11313012d0e1efc5cc4d30eff3015f3ef71ffd0
12e015f33f0e14950020bd1ff2e4d012fd3ef01021bc0033ef56ed2e030de40d
3024d1d3e1033dc3030eea214d00def21fd302dcf2cd2e7ff1fd0f3e0d1c35e2
f0d03ffe221b1c10f4defe6d3f0f0521cea42caccfc0ede3fbf1fc03fe22d5d2
e30101f003e030ddf2011efe4e1c24122e3002fe213d0ee2103fec2e2f2c1311
1311ff1ddb1b224ede202110ef106332d42e0d320fdffcd114d0f2ea042d6e30
e10fe02ed30c2ee6113fd012dfebd57e14fe10011bdfdff30241dd0f2e2be32e
31001fff02f0b4231121ee011fccd21f2d01e0f4b46d43d220e31ef0d3dec410
e1af5d1cc01e3d311f5121cdcc502d0223e1fe0ffc2dfb6eef1d212c3020c7fc
13d30f1c0013e0b414e2ee0230ed11dd44ef541f9c42510dee00c3106e33fbd7
2d41d40d132ee321323de421c451b5130f501216b32e10bf00110b2e0e41ace3
2f4eac20f205ffd1c2cdee4513030cde1b2102d10fe0439322f454f0e0021fb0
e5ed34500c3c11eef91d753e0dd1d14222b2ffdf250d01610e41f5ce41ce0e10
e1e342f22e013faba422b224a0e3b126222ded915c091ef2a4c22abfe24906ac
e140f22113f460c42fda3edc30e112e153601f0dd2501032044b0ddddf1e1cf0
d54fc31e3dfefd12eeffa3e442e151e21f0c0a1fee0314f33103d1220c92dffd
1cf3dfddb5e5d320151c33ff4d222c3c1fff0cc1a3f3b140e54a1e0fde5fd1df
fedccfb4c554ddfefc41205fb5e19519ed51d2f1413f3d0bf1a02ed4efdfbe0c
c34ef14200b2fff70392fcefcc3dd1d3d02e33eeb044dcc223e03a14ccccef1e
1341d0fb3bfefc121324d14ecfd5def3011e2d06d3dff1f20dce013eeeb4ee11
42c51d40e41de3ec06f35e02cdd30e3ce40330d424712cf5dcd465520ede14f2
fe43b931f33c1be1eef03efb3e243dbf5ef4ec42e024cfd04ffe1fb2ec340d3d
d01bf32cd301fb4455e3440722324be2def0f23b32f25f1f0c0b00fe4dda03b3
e0acc4c12f43e3215a4fc2250dd2235b0d12b204f03d4fdf14f23b7f5ec32fef
f130a54b4446f4533ef0eac4fe20dde1f912524c0dd3710004c242dd1df5400f
3ccd4c435f335f41cb01f455fd3dd0d03d122315a11e0bf0e75f0e10dfc0b1e2
12c154ff15cf02fe22a21bff3e60232c1bf021ddfdcfef2f204ff1f2e11d2d72
ef100e40feffe050e211352edc30fe4a03123c0fefc3e2c422c342330f312c44
0fe1ee3e030e14304c3f0f21f42040b1430fd0f2d1d3e1b41bffdd1b40c34dd3
eefdaee1cffa20de33b5eeb013113bc0fdcffdc4025d21a320012dd1dbd1f0f3
e4c0eb210022142d332e3d10031421211fc2fbd0efdc2d2470e4ddfd01c1c032
d6ee53310d551c010dd3ff2bdbcdf0112e4fc0ed7fd1dce6ee0323101dded121
d46d63e1c1bc05e40b5dc311f21b424f24f12103f25c020e0f5413b103ce74ed
ee2f064f03e5f2dfd4ddcca3ff2dcecc2dd24b0d302211ffdceb6fd20f4c4de2
d0fc4103d136f41f40d0f3522d1ed2d031709d200eedfdef55d31e1e2f42a4fb
f2fc54cfd3cf052543124c0dc2f0ffde011c3042bd3341ae4fd334f23fe03a16
2bd1ee2cf3f1ef6aed00033aee01fe1dd4f3be2172d1ce5001ff1e4ef2c6442b
d1f3edd55d5e2cdd2bf443315f12e3dc0ddff54d4de3ecf2221162fede21b222
d3f0c0dc2ce62cf2c64bfcc3ded4e3d1344f01004d22f13fe43d312d4ddf34f0
ddafe1bfd29de01eb5e0ec41d000e2e0d0f0e3011df0333be1041fd201d150c3
f33d52e0e0dfd0d001030e344cff1d0e5f2cdfb02f1de23dcd3fd11e53ffdc2c
d03ed22cab600732fd2f25201f3d0c01e53fff20ff03e0604ded9f30c0c404ec
b4524f4d30c200af435ed700d1d43bb5eedc12eb212c1d3e200db011e00dfeb3
0dc2b23f34dd4632d2dfe31f32cef2d3141f2bc12310cec10e331e11e21d04df
dc22e2c23e030421ef0d24cfddde20e0b4df1f00fdd7ef3003ff0e34f2323245
435e24a4d34c0a0fbdee4bf41d4dff345f43a3d304524e132fddebc5db11cadf
1eefdf3ccc1f420ed21eb0f330b14bcc2522423de2d4de223d2f30d1c2e40102
1e2e5be65e090ea15f3e33ec0367e43f01f1b7e263ff0f2b0f2c5403c01ed4e0
e2f0f27ef1f041010c0133ea361b127eddf451203f1113ed321ec012020027fd
203e0cd0002d16fe1c2c1d1ffd20e156420ed23df30e0ad32e102a40acef0f42
f40c234462fd0dd301cf3fdf4330f2f100f625f03f1dbe623dfedc5f0032220f
4000434202e457523eece2de414c5132f4d001b04fe3115f00e12f505d1e21e0
40eced1ab9221ef23520fb1cd10b334ec5fc3cdd20d4c0c0c1e2d23f5e53ef0f
4ab3002e21fb2e2fc3d4fd1eef5d005efa0ff243f02d310a2ee131edd153ed50
cd1e0f1f9be4041fe5bf2bc0dc01f004e430401cc942de2be3bec0b1de3d4bd3
11f440d143e92f04dee72200ab7ff2b50f9e2cff3c2d404f3127dbe000913305
e1d035e0d92fd1f3f1e05e2c4d440e442f2de0ef3d02df5212d0a01fd03f12ec
1070252f3fd1ddb031c15cf410cd11e0bf0f0445fea141d34421c6e1cf4f5493
ef3a1e20d5050ec44f4101200242d4cfc1f21e3ffa1e10ce142f4eef1fdd1b44
e0efbf5f653cf30ef9323fdf2f11105adb020f1d10a35e31447011033f270311
e2b5e13cd2be4fe2b12b1ffeed3ce201352fd311131a322ee00120f2012df13e
12d00233b23cffe0c001f154ff01fe011eefd3e6ff3f0d0f01dde7e0b524cf3c
1ee221e35d132e5f0d03bcd50a5234e046e42e205012be0b3164504421d0dd2e
c5b13215e0cce3111dea2061eedce1faf3f14e10fc024c202434abe34013ef03
0dc0f233dfcf0f012f7b00a1220f04bd01bc6ccf343d73f1f3046ce2d15b62b4
2a353130d0034e6fd5c15fbf32a1e1df4e61e02cc51f1f4e120b52bb9fd4e05c
0e00305e4c31b012e1ee0f0ebd33c1f3415d26fee3114e421bae202140e320c0
dee3f127021c943ed04cbcff0d65d7efe107cee7302201cc2f6220d6fe1233ff
2f4fd32feceee2a3221d22bee2d52ff04edccf300f1014b2500adecca000dc3f
0d43d04ccc32f422cf3e12fbd311ee240d5ebffeb3afe4fee1eb33f9bf4fd3d1
d91ffcccdfe0205ed23df2e02eff43c13f5fff32eec42f52f4d331e2b032de31
414f1414ddcbdeee3214e0c4ed21de15ce1c0e319ff024c0004340122f3ad1cd
2402234ed055e4de0f74532432300fa0e4dd200eff1e3e0d0caac25d376cd62e
405431caebddd00ff2133df34034fd402dac255e0d22102311c2eef0e120e21e
0f140a1ef3bc2e3116de3bec6d12effee03fecc42ff214f2ea32e32fec1032fd
1d21e131fd3ed12005e133104b73d43d232db4f1234da1e4bdee5bb4030f34d0
f3be3ecdec2d32503e3cdce14eeed11bcf11104fc3310f2013ef40f22213ce4e
dc30141130e4edde342d14f5fbe033e23e63aea4216d111ddfe030db02def3bf
0522e7d33ac6f31651ffcc63a3211c2b13204e23119b3f022353bcb07210e2fd
4a6045e1fc3053b1412dcc0ee3bfbe10d17ec3e1632b10bdf450f5f490c03c10
121fc31e4bd105050e2720d1111c4c1432f00deec0b030cf4ec2e3e122ee00d3
21cc6d1fd15ec110220d04df41dee0f4cdedfe0ff214fff342deae2dd0d2e00f
0e201e33160f10ee535cd41de33011f0d12444c351f4103f1f625ff3e23dfeff
e0de13bd2b4d1e2130ed342f03743bcc0de4d320effed3d10e121e23502221ed
24bd2b0f45c03510534422cc1e20f3421122bef1f2f01230fc650532ddfebb11
321b40e15ddf103e1f210ef450ef20f3132df4df0c1530c4dcef26b12bf43f11
0144af44d6e12b4e1c605f3d33240d6d21ed11f0fbf3240b444f0e220dd46b4f
436dd5a4cfffcfe0fcad1c4f10cd12036223fcdfabc1ef921230dc3eeef463de
efeaf0f21b03cbc11efffd4511d0cc24d0b3f1fd403f202eec02d4ce1de17fb0
53f5e214d52ee24c0c4aeedcdee4df5bd1220b123204fecffd3d39e22da0164e
12d302d0c2043d64e2d4a0ef03ce1e0c2d4d3cfff053004303fe2f1f0d310cf1
3ff4fd0e210c51fc31f4cd0ecd442cc0d322234253202fcef1fe3d5e0402b4dd
ff1efd3fdbc002feff0e322c0141d114e3d02ce2ebd455ef1c04522e4114e2cd
d21e0c4f13c1e7311df13f0cbfc410bd00d41252fdae123423224dc341ff2f61
61e321104df43b12a1dfffc320001204e15de0cc24e024312e11dbeddc2145cf
2cfc0e9c210544d02504ca4d7ff30256e14dc2fdde3fe56fde42002e434dde4b
c22ec040d5132ffb200a4e3bc91c44ee0ec2ed330e14f253ef401c5e2dbf03fb
3e5c106db632d21f4ed0cf32fa411c053523f3f0100efe170b1dcbd01d2f321f
1cb01c5c3cde106f33f6019e3fd0ff401f431342f0d473cbf03ed2effd153f00
0df34cb2d34fc16e503ee30e134f3bdf2402d551d44ee1edcdd3d461ee2ee2cf
d44ea21cdda6fcfff2a1ce0e4eeff0116d433dffadfd0d373d0445be2dcd4cf1
c3a250153052f510cbf55410b012415ef51222fe2e1eff2b3dc32cd620bf1e41
0115bf4bc4dbd24cdb4f03f5d35b3f2cf6af2ed1dca2d51032f0ed216f000c0f
43ccf326261e37f20f5de110ddcce04fa631cd33515dd14efd7122e4c1dc3cf1
3bdc05e1c0c130c2ffb32df0d1e300bd11010bd2a3d004c2c14b0bfc2f1d32cd
fb157f414fefe0d202bd0ca1f401dde001a5b5f4d13f20123f2fb70eafff4c24
ecdd60052f0c1b4c3fb0dcf5b0e0f311e2d0233ef1f2ed4d2f2fe1b4efc350e3
c4b1f00f20eaac0fe2350ba2d4411c1ac01b0eeecec1222b5e0e0bfc4dd5ff03
b1d0e250a0534f0142322fd024fde263a4fedf0442d4ec42331e2e2c123ee420
4d1edfb314f11ce45ee0d1f134e4164192c21e1ecc301cfcfd31e6d40feddc5e
c4b70cee24c2c2cfb21ef14209bd12e51444242cef2f01e0d3d4eb21b0fcd0ee
0efed3222de2f14fe024f11dcdee2ee52d00f2c2cf1b1cc40dc31de2d3d11cf1
215043d0114461f0413d3d2246e0e2f7cc434013024c1341d34e21f0e14b2301
e063005df0065d3ef6fce210bfa401c5e040edf2d2feb1c0320033fc110b32f1
bdfe1cbf2f0c1e72dd222360de0e3cf3ddb0fd0e1fd03e1ff320c20ee3dfaf00
ffb7f01e0f203f1fcb32e03ec0a24d4335644bd043f3e32dedf40c5ed4bde401
2d40bc311f0c12300b5d2f1f45eb03ff3b3efe4db6bee1e0301f10e3ce03ee22
03cc2fedce0bd352eeed5ea2f2b00a3efe305c2d21533f013cbe2b4c2e521d3e
4b55de2215153c11141c0cfc2ffe0d333130ae122233a0b4e4c0502ae0c215bd
7355e5015f4fd4c0fec4de2d13fc2f244df09d4e2d1bf230c1e04f3f53e1e03f
c0113d2f220f30dbbe2dd14ccd4005fdfdc3f4f3eee5c2d223124bb30cdfcbbf
d5dfeff02511eb2eeff1440eef4114d100e332ec32fd3cf4f2fcdb5effd14512
d0bd0ffe5eea34d1a245ccd5e3edf03bff315e1bc0400c3a4e2f2e012d31f033
def3fba311bb9de2d026dfd4224d2321f1af222e11455d2100ff340e10f12e2f
eedc3dd1e4c12ddde4e0b0efb15100c1b2a4fd5e3fcfdf300c3d2a22203e1241
4c2feee042cc19ed952fabe53bf306d112c6fe30bd00030123c14ef4fea12e94
4dd5b21232ce2cffe5bddd2f36b133d22c0120f0329ff1fec24f0d0b222d04de
ddb2111c9ca04f120242c0124cbf5c0412f1121130bbf364b12b42ced35dc34e
d21ec31e4ddfe5a31010e111fdfd5ee430f00d133dcff24fe2020f2c44e0fe42
115de3b5f2dfe3102c7ce2201c2ecfe1eecde010b00b1f3dcfd43d00631d2cf1
d2f22df2062f23de5ee2ef03ffe13233e0df2df3f1222de1ed62e3d100e1fb02
db21a1ccaaee4e6ec59b00ed14c14e4db22eec53a40ef7e2d3e0d22ece3c1209
22022de4030f0cc40132fab0edb04fdd115f1cfff1503304b0c4c403012d0392
0f30e5d0e036cad204ce2412f44111e0fd4f41c1f0df6d0d515e3ba210bed137
2fe2253cb2c2de2220ceb0423d401d00e0d100f1cdb11f31f22e21ce0f0c3def
b1bed324df3144221b13f3de1fc43f1f10cc313ededf4e4e2fe0b54122054d40
34c40d31e311b0e4f2d303ff0cd2f05f5af14dbc04b1301c22014f53dd0ee5b5
02493015e1ddf6dff31d42f9b123032ddffc41cd435f13532a43c19234d93e60
f1de0fdf331c23ffc465fdfb3d2ddee2b203e437b3045fb2633413dfb3117435
fd0e01c4e32102eff0312023430e20202433de2c6bdd1d1ffff2f2f1b13ffcbc
ff40011df2f31203041402f5e3cd0ed07e5cf1d5dff1c2ced0e543ecd1c72bce
a21dee143c3eb2c1c4c352dc904e3dbed9b242d230dfe1f100a1035ce31be1c6
15124e14fd1e12d1d4d1cfceec50d3d1fd4ec4cf3d20be2de2ed5dff4d7d02e3
0f03ce32d23f2e1e2f2e4b1ede4533e2d3dfee2c7b4f0e0032e6d3c05164becf
c3ed3df63f6611c12fe41fd22e61ce00d4a11d0fbd1fc050c0033cc5e3635193
e0fd1f02d03cb0d3f226d0204effd535fb50d42e00013ccb01e0d35fddc0f35e
2c20cf1b4ff62fcee2d0e34d20d2e2c035efdc205032f02ed0be4b0bf1b4b5bc
0b33002e3d0be0d205cd2c063c4ae25fcecccfdb1df61fdd523120ec5cb21d1d
2cef30fd110fecc310bcbf3e26b004c40d6e10be65c03cbde01d704cd2fdc2f5
15e13eecfc10ffedf53f340c4de0cf60f5d921dfd6eff622a2e1fffdff34fee0
3e602dc6de45703021dfd04cce7e32df621635006df9f017b1012e161df32dc4
de30e4bf0fdd4d374f34e313ce23f2e032d3f1351b5177307d2c375b2f25fb1d
92ea5ca51023d0e32e231dd4e2fb025ee611b0cefd5d14df44fb0e152b2c1fcb
34f0dea22be01ef0e5b21e513e1ff3132201f23e5c52d42ed33dd4435d12ea32
f52164c64df1bf1017142af5f231de5de11beb1e255ef3116461fcf4de1023fe
fe52bfd5ffdb3c3202bfecef01f02d7fee52cd02f4c5164f65eef4cd22d3ea11
efdda105d3de20de3f2033eeeb2ef40e124be00e5fdc44f124693c211eb2feb3
def22daff5ed0ff3d2362cfddd1ef00cc63eee23ffbff5d411431feec0dff125
f5e320ce1eb2392f1ffe0e5d1e40136fe203c02f751221fee353f4397f044311
3d5e1df0ffdf3013df2d446c2f0341e45222413a1d100bceedac15b3fcc03014
f3aff34c46f00d3f2f1e1d40e10f236effffe44143b00dbf230fff441de5bf2e
d0ecdce5dfee321e111134b2d13ed02de45ee1214a0dddd263f30f2dbffdddd2
f5152db116e3b21032433f100c1a3272fe5ded4632f5e2ff3c3223130c4700d9
1f9f40e43d10026ce0a0c001feeed23dd7eef13b4a4d12d47fb13d44221f0d5f
2560e1292010dce173d330fd403e3d10df5c22dfdbdde43ae23233cb3123411e
34011fcbe3f2fbc05f22d20cf4542223c212b10dee230ed2c47dfe20134135d0
da01fded2c6002d3111dbf3c0deffb111ccf130fe32ddd6dcda501cb2f2b10b4
cea1041df243012c21ebecb5d0ccacb231325ae046f2ffc1425cf3522eff31e2
2fcd2d34e2ef31fbdce5f65aa3a37c0130ffb025b1faf1fdfecd3144b511c3fc
0160dd2fd12f1cf0f14d00341d4e1d52554cf41b2c50a05cd2abc0dcf237bf14
301c503dd5031fbe2d60bd0f15ec03bf2fadc4c0d2da250d0f0dd3dda22d4cec
1ef3ad732efe7d4c2dcdd22a425d006ec3e2bef1e2130e35fcac1c1f0e43f1cf
126f1d202f2e4b4e024ee0d4fe50ee60125e145d9ed110f52f3430f032e02b4d
0cee35f133031511f2d60de0ccee2333f23a01d3fe5c4d1f24b0ec24c2404f55
03f2c00032cd1020f429d30e1f0f034d006ccc042eb4dbf23fbfdf44a0f13dcc
2edb22e04ff0b412544120c2122bf30f21f1dff32d3e1acc205cd22ba05f051f
109e3d212ec2b51e130a9ffac2d60cc030bf6e14fc22ddd31421f1dc1dd03dc0
2610a4af25e22e2f0e02e1eec455f33e107f0e1e4d020c20b1103edb3cf0f512
44e22121fc040b302f25ef3f02104f323c2f6ff0d5fd1bde014fe02304eddfe4
f405cf3113ee301131feffd041462cf23e23c4002ed1f5d2444ef4fc1dc0dc0c
3400ec4e22123f3dddcfef23d9a60cad4ca333e55dcfd31ccea3ff20f32b0f14
53cee31ac2e0ef0ec0430f121b1ec010c2eb520f13b103e0f15bc0cd533fc04e
323401b3d4d0110fdc50ee1f0ee2fdbb0d3f5bbcde2c14ed2db43cdedf3be2c6
1df2c0f7ebdc0c21341dfcf1ff6112f42dd0a6b9f27d2152f1de2430a10dcf20
c5fd11e5dee0b12f424f41d1bd45b4f02dd1ac0e530e10422dbdec2002fdfeb0
b012602512b4a03b0304ced52652c3d1fe3fe1c43ddefac0dd3bd015f01bc430
e51f7fbe5e220ed1044ed016e4320d2de33f6300cd4fe12c4fc12de42cd11b04
de1d5db337eaf27e551cbf1430d44031bd3cb03d0dd3e2d03d0e432e162eee34
fa1cbfee2ffdff0ff013e03fe3c2e4402cd3c2f204d34bee1103e4253002cde0
4f33fdf10200e0054341e40f2bfce243fd2ef2dd2ffd244e44d3026d21420936
0323c74c3c120132d1c2f4da26ee2f600dfdbefcd111d64df7c1e421f0eae332
233e0f1c32e22c3ee1bb0c5cd3e31e36fc3d11510202d5043e415340fec4bcfe
ccbd304fe13cd3fed391e3c634b015c0d2a0d3fc44e4fa5132fe123bb041e414
fd3e31cf1301e0dd02a4e1134d24412c2f2411e1520c05cdb3322d0f2c1de6dd
df13d2530900eff032164e03d4df3243dce024bc610039fdef0c2254d410252d
d23dd6f16cd21d3ff5b5232b232a01e4d210020e4b31301b6d44330e95f0e166
33ac402e0ff4c5db20eef30534c4b1cdee427e25be32ec32ef1abcfde43cce15
0dbfefdcd13da1e2ff40e2f5fd02afe2f523414fee2dd53bd1e2c3e1cc20efaa
1dc1aff2e01ac3ff30b52ac341c3b3dfced33fe2b63ed03e03c4123ec0342d32
dac0e033db2feff0d4ec020f2dd3020d05d03f0b57e30f2340ea1cc2c3bf0432
e0d02d2f21902d1251f40030f42bede21df0fe16a3310fecf0efeec1dc2c0b0d
15ec20e0ffd3270f033ee0e0bd0daadd75d41202024f1d40dbcdbf1d1c3c312b
342d0e19fe45d1de23af3edc21242fcf33222eded5c21cf0e0e0cee32c1d3ee2
edbfde12ee421fac20076eee545c13c25c43ebd042e2f2d201dfc4431c0f4f25
0f35dd0ce60c7a04dcfe3d5210124bc46cf1b36e6c0250e32c2de14140dc2b01
023ffed50f11042dfe355afe02c1c0c34a4232b13e040bd39d2f1bef09a0e1d4
f13732cf14021df3c033f51fcdaa0443f10f332f13d11af4fcd11004e22e3531
1426f10040551e11ecef2f400244215324ec5032bc2d00cefa95d31cb2f02316
eeef726d22d5332eff5b156e0ef1425e141c110dae32da1f22c4c2e1e21ce544
0ceff1dfeaf0224225f110e35c2dedefc602d323ce03e200215f03eb5d3e1f44
e2e21451d2004d5fdc5cdfe214cddce03fb4f33faedf2f231cf31e4df2fa124d
eee35c421ecd3e0dc4dff135212d50f22f3fee1cd110ea03445d3d33fdcd5e04
4dd5142a30ec10dc029e006f3cfe4370e50d1e0bfc33edfddb0d0fef31f0cc1d
00b04dd0fd023f1e41cf2eead164c07010fd241d110c53cebec0f0fced32f413
e44f3120e13cdedff0c0ff03d22d2dde051e254ee122f23ff3fff14e1f1c0e63
05bceec7322135e0d456e3fd9e4eeed04d3c4d02d2cef214f04cf0b3dc2edc1b
dcc1ecfed0ede4f1f2c62bf6d41c00cc23d1f20afbd11ce1ec2f220b3df1e2ff
321100f31ff1fff030201d3e0ca0422fdad0014de231e1cc00b4f3021e0dd4ef
1414e2bed0335fd2bffbd4013d0feff3f61444f1ccdccb006dc1fdfd4ccb2e43
11131213fcfced10fe04ddbe5231fc3dbf012221d03330e2421e0313fe313f10
11c1ccc5c34e00c2eecfd1064a6cf5ec66970cf12e06f164413ed3d13cd4ec4a
1a254d71ed13fd2104cbd2111ca160ff1fe1cedbe423c21ec32e402c2fd0b01e
20db03f0ec4fe304f11e3ce13403f3b03e06ffb4cdcfe303adce00d24fbff015
f74310333044f32d2e3d4c11a5ceadb02122410030cf135c0d1413f52120f4bd
3e1fe1f34404ec321133254616adf3d30000532e2e1530fdc1fd55f232f00014
ec22202def511fe220303f16e5f4121efeff02b91952f22cd3b121ffb0f440e1
ed1d0fed12dfe3000dec42dbe11e9c092b411605cc10fd417dfeccaf55f031fc
ef4d4fd1ece11216301bb2dd331cee50f31fc42c501ef22d4dc335ed51d4212e
cf612d0c30025f2cbd152047be314d000c4134c3ec019124e40bdedd2111213c
044cc13df01a022401dfe2063fcfe1652c41de2def212e1e55d312d00e0fec54
fd413231e5e92d0401dea33e121d3e1fce111321d53e1e14431fd4bc33b2f03d
0fc2242171beec532bd1d70b2d31ef21bdce3151e0cb4dec500c40e9b0f20cd3
de0011420d31be0220ce130fc1c0cf13fc103e1f1ff0e12cff1dd1bdecee0fbf
e0f52fe022e2fb134efde2c2f442f3215efff3ddeb0e33d11410137f513e1d34
10e2d0e0303e026123def314c040193cf0104e1ccc30f4d2c3d323dae4ee90ee
c31df4d1e4335e34c4f2f2c5fb52f010acf0f521c2c01f540ef0feeeee01f56f
114e4c11131ed0c5ea2fa1340334c43360d3c3212d11d32eaf30fe2f52006c94
e19323dd34f4f100c33ea1e0f12af954f0adf30203441421f33d3b4b32d4346f
3d5dae5fe22b4ff0fcff0510c4c531bf421e13eed3c1050c1560c3e230a24ce4
01eda1fecd00c402d1e254f39b451e4ff3c1c2cfef31122b4deeb024d40a024e
0c231d24dc14ef35413cdd5e1f4af2a22de51cc3d3dc0e930aeb614cbbcdf4bd
cb2b4deb1e04040d2c621cd3333ebf2beebe2db4d5310503f1e4dce51a4243c3
d176223fbecc2cd32dfddd36efcb2c4430ff307f6f65ce31505112535ed5fcf1
000ea212e200e112f14b2e032e2442f42e4417f6bf055f153d4d4fff35df2b01
f0edc12ddf4fd03202334cc141de054de14de04dd3d6e10fc34414ccd440dc2a
17e33d36df1c123d3d223e0e394efe5ea32e121eb52c1540b341b2d2ee3034db
b331fcabc01d93c31f1d041bc3031cc2fe1223b550cf01ed11c2032daccebcb4
e3f0403e30ef11f401f40ffa23ad0ea31de345f0531e02d150d51230d2d1d14b
cdb10f2e0d2d0dddd1f4e23030a022620492cc0b133001f14e3d3025c5f42423
d33ef1332ffa1c544113c002322250d01210be210ed01400206f11fbefe31f1d
cc04ff43212e23112102eedb1c4d90232422c2e4d70d1303123e2ff2c2d5d441
e3f341231224001c3e5eb1c634e0baed5312ed300ec90d6fd5e120d10e2e2222
21021e06fd1443d1bde2e305b02c3bf2e2a52edc132efb04f20c41411f4d4405
ff3cdf2ffb13c6f0421723930432f03ebc67e2f44b100ee40ed41d24232fc2de
43c21da0023ee33ccdf0dfd2bcb4f11ff4e2fe20e5ddde22bd351d200d433c3a
10f45d7add3425edebe923e10ae54a1f51b351ceb44d30d01be4e2bd32d43abd
3b32cde5ef00edf3cff5fc01306edf2f141eb3400f5d162fe900f2255f03521f
f1e23f0ef1dbe03f21e112101021d5220ba133f00c2f1e0420fd611dddf0ffef
034ee3f513203e6c3643d2ede1bede140ee1b26e103ec0f20d24d05bf4d00c45
ef3134a2143bfefcd1123bed30c115531c1e0b3c240e045fe3402cb31f442dfa
dfefe0010b223d21bcbff2f200e922c32bb532ca03fccd221bfb10effcb32503
1a2b0023f2d00f3fcf6ccec0f535bbef33ccee221222e0fed1102b5adcd0f5c3
21100ec243021e21db11f1f50d303d125b122ad15f12b01021f0e122d2012c3e
e2b134d4210c2d2dd1f31fdf33fc24e23cffe0eeee2101321f3ff05e3e01ca0b
f3a154e52db31ce3e7edc31c0e002f4b3315bd1455f3d1032feb4fd1cd61f3d0
433ff0021240b5ffcf2a014ce1bffe3fc2d31cdc02f4fd5fde1c3022e13e3102
facb3cb331dc5f42c3fee2cdf5e4d3cefe24dcd101e5de252c6c33d52c256ed4
13b01c2e733fff2cc024c2064ef2206dce0326fd0243442332c61131eac24e33
1217411ef214df1020c0031f1e2ee1022d05014bd050b2e12fcbd012df61150f
df1cffc565b2e5d22dcf3e05c1ed51ccf2e52f1d2f4413f32f234503f0510a3d
52e200fed1f12df1511e431d21323b54ff53bf2eeeff3ef1c4303bcc2ef1e0de
f340ed41af1214eca404dc1723dbd0f0d2feb4d425d5de1d7dbb554f3fd04f22
f25115fa42ef194cded15ece0e01a153b221e11e1f2cf0fa341172fdf3cb3dfa
3f2cbed2cd1a1cf12cccefdc2b0fcfdfdbfcc9fb021ed2031f3f11b40def9dc5
2bdf6e0ccce35ed1ff0a5e10120413e4235c22d21e0be30faeed2e12bff2f2c0
514fd2f1be10cff44cce0bf011f5fec31e5df611f4121220e041c11e20d2ddd1
2e00ae246de3202fd0423e0e010ecaec9ed231252ddef3cfef33133ec3bcb12d
cde0230300ef05e04db4c4ef00f351c07fd141f0ed32612de2c03c1e3d3f223f
f4e020224e051fef14fe5021f42245c1522d1035f03d2e104f1e2d34e5dd0e5e
c0e131223d254f21dec2ff0f20e12307634102eee2130531ee43be4e35c2f032
3df13b1254cfbfa9fe16ffdcdc2b023030f2eaed3c39ff502e20ec0d04bd3b9f
023ee1641d521ac3dd615ff1044edd1c2cd0f015021ee3b31dbce0ffed0cf211
0230310e32ecf10d4c10fde3502045122dd1193b03efdde251effe2d13314041
b0fe2dc00befe42f3feb0df5cef3221ebf0233023043c3e5ed153ed42b211e24
aec32d1d0c011dce2302420d00fedff0d3cb4eed202c3b301fd2f3e1c11c123f
3e0cc3e3466ef21e1fc2d1fe21d15e1f2fdde42d033e5b21d1404e0f12e06050
9b231ce233ddf14cf3350000e92d2ec6a133bd0d2d2c24eeb241bfeffc1e0bc2
3ddc11c12b1fa10f52fe4df02cef0ff0bb12dac010a0aeac3d0411de9cfae432
d303502dd1a12fc2d350fbb2dae0ef13cdf231ee303dec032344b3dfbdd1edfd
d4e1f2c4ffeb5f34265f4fd6d0ee3e14c032c5f32f0d55260fe4be1de0f105ec
022baefcc3c0fe1f3bbff9e2ffcffde1ec022495f1dd0d31f29df2400391333b
e012f3f602e34242600ee1343efe0733fd3f3ef52fbee2c23112e04245ed234f
e4d3d24ff1d223e12e5212311f30035100d66470e4231d1dd0fdd7d5f5cbb17d
f1dcf053f1bcaffcee34ffe3bede2c0ce3c435f3e140f2d5d2963302ffdfcc3f
2c5230136c030224fe21d12e33f2501efd0a0cdfded430022fef1b2cc3c145c5
ce12ff01d3b0d002405dfe0b252cbd24421341ff0b00e31fb53e1fd0c2ee11d5
00f1fc31f22e3de4b1053de1ee5eff0e1ecfff04f025f3de1205452ef2e3b33d
a2cc50233fe0e10da511223df2210ddacb121f0dfcac1d21303eb00314df61b2
24bbc99cc01c04faa21fb1d0edcc3f001b0322f1ece3ffce2ccee332efde0e43
b2d3beffed0ab1c54d7d3ffec3f1edd3ff2f24e230ee45ede235d21b244ded21
4130bfcc41614f445c61e1ee2ef051e360f0de1ef4d4322de21d0d40c452fde4
eefed46df0ee13d33ff00b44df1301b4be20fc1d0e323fdedfddecfdcee00fca
f442032143dffd46d172f16f2cf2ecd361b3ef2c463240173f5225f1233e05af
c0236e3223cc15f0b4052ff0320c1dcdf2d0cff034c141f10d415ff3f6250ff4
d2efe0db40bf2f0df06acefeff32c26f4e02fdefce103e3301e4e502250e0403
d0122ed02cdee2e26263e3e1f211dc0cb02fccd25ee300d4bf1de121e1f10e27
1df3f0fd3f369be0333dd31aeedbe7be41322050f1d9e32bbdbb4fed1bbbd03d
12e4c2ed2d42fef0c2cff122d2e21432dd042f24041fd31331d0112366bff2fe
303e0ed02fee2d1ecf03efe6ec0f2fb13f2c05f1340f13ed1e024d133c3043e5
df137c2fc4d7b21376703b0b9b21ed132959e2233a1c2cb1cee0a1a216ebb6ff
22d1d40db1334442ce0ff0cd16c0efeda20f13c2df9dc1e00e0ed4ff9cf00fce
c1f4edc0dbe4ecee02a3cfc1bcf20ffeef3d0ec3beeddf1c330922feec142bfc
4e1123110c1d06bd0d6f223eef22f3f6723441e5e1704f324241f32343002f00
db0d3ffdde3212fba11f1c1f2dd23d035d00d5cc24325200bf40c3fe0d223c4e
3be3d31d4d3fdedfe1dfc3324f1db2d71430ebe0fa062321c2ddfe1ff1f02510
feacd0fad19de500ff1daee5ad202dab5fcd2b19fdf1440e3dd1f2ef0c30ffb4
64210ffe430210dee505ef23012f0f20e23e151122347f40244af3527c0e4eec
ff23f421f2fce13dfb3bc201ef22de45cee13c3f104012e0022b4ff211bf3365
2e2f4c1f334061f41e5ed3ff31f453e13f23de3e1b0441561ee52d2261665df1
30731f26264cd30dfd52e22554de2e3c0eec773e463466f31f1155fff1e0ed64
f02c0c12e73f45eedc2c00d1e3043312d2d010022611eacc32e033e2dd40444d
013f0fedd4e1fcd6ef1e3ef722f2d52221e2cc2ff5d00e0d4dd013e1314eefd1
32d023edd43314f35d6f1fdf1d3165ece7c44a021fd2420dffdd4d4f0e3520de
e355fd1ff42220111034e15ff13432df32e10d212fdcf13df0d26ee24d335f54
02cf3ee4437f03e11220dfd4de032f63df120ff0e1eb24deee6de00ddaef00d4
dec40ef3620dfbdcceacd4d1220f1e3cfed260cfe302b01d12fd131cc3f2e23f
1c2e3db31efecc2ef1b0f11fe2ec3bdeedd1e3fdb1004e2fe01c129ef2e04f0e
fe11a410213e1e4d01e420dc0520c222b0ffc43cffdb2cf1ddcb2f321daec043
ffcc360d34cdc3c10433121b5cddc3a440513c30ef139d1d504c51104e1b2409
11c03430fdb093004e1f03dc212e9fdbf1100a0eccd09cff0da01fffe142c5ac
6f0e1fedd02ef2dcef342e3110fef003533f4fe20f4363ffe3655e20fcc02f0e
d0c503030f054e2310e3231d21233edf632d2fefde6f34d2e21f2035d04f324e
33f2d0c2cff3e1f23bff1ed9ec2fbfcb3fe0d4f1e1e1f1000fe1b2ed436dcbee
00efdfee51de04243fc23f0ec31d53351ff0dff4f221624411f45d505ea34d5f
bdcefc24c4c55df044fe4cf032f0f0c3bef2dde03de323210fee4d2130ff3efc
4cdf1274dd54215e1ff541f40ee1e331b0dfc1e0ffc1ef1c0f1d1f3fd6e3104d
12ab5de021b404e3f24f4f333d32dec2a90dc2f02504afe0eff3fce2320ce343
0e2bc11ca31e32fadce41c13b0dee41f410b04c315bd0dff1efc3cfbf2e21ec0
5ef4c57c414f5413004260116f5113fac142be2321ed44c233df2f1c0fe2240f
e05c302e300ee3c330f141f4132e02ff22301c041f02dd90ced2dd2bd45fad31
c40ed2a2d35ed1d42cf31ce3d0deef3e40c511d44ddd32133b13dee0fb30116f
eff530d0d6ef156cd24d5fe2311f1dd4d44e2004d02a30203de26e1eeec42f52
3e1deeeadbd2ce0d3e0d4fe014223cdb2d4fbae2dcbcc15f21b6d2e4344baf12
cebf4c01cebd331ef05e101f1e0ecbe2d3c1e330140d52e3efe30bb12211e0ee
22e3260c2043d4e2116e21403d00215f45346110d2e3251da3f0423fb0301fdd
4ef1ef0ee2cfb3452f3f6f00ffc11c0df0e201eed0ecc23f00f2010b5253f3e1
2f1efec3d01ce2bb01b2b10cd4d035deff2324012ef1400233b01b004591532f
f003e3450edd400d1014b400640352fd53ffe4e205f12f535eb302f5150f4340
33ebff3230d1f0f102f4fe123ed0bb3e0ee1cee1dd133a317303edf01cefc2ff
a02105be2cf325e2d51142dd32d2224424df23412e61e4fbc3c4dd2330c146bf
1effb21dc22dd53c2ae124ed222b901fb12d014fecdeec2f02df3200ded2005e
41e14350c00d3461c2e20302501153cbee12f04e23e00e1e5dd26fe264330ec5
240ee213162fd161dd410df3f32dc413cf1f3d03df2d063e2e26327e23435113
fbf01df21131dbaaeeb0930b09fcde9a9aecba0fef1aecdffed11defffd0a030
d40ce2cf5c91fd0d1cc2e2233ddde0cf3d9d22f10c240fffff222daea3e94eab
1d2e20d4b42f1de313f500ff1421d0bd7fb2231e120454f513e130f0d5e02303
01f2fff11a3fbef0441d4ed00adbcfc2ae51cef3ffd31d1fef02d1df2251df50
4ec4e455fd7110e42b32d501003042ce61b23d123e11f4f4b2100031d5f15616
d5f1f2ed6242141d43d03dff324442622dd42f2326702d2ee14540f1d3f33411
b31fdb13da5c3b3afbf91002e230030f61e031301efddf03fe1c0e0e2ab11d43
2415105431030efd2dc11339df3d5ed3ffe1a0354d32bffcf11d3ac6aa33df23
5100f1efe131e43c225f5ddbd0f2510d2ff1f1f2fcef020f52311ce3fc5d410c
c12029abb1d131befc32e3f0fb29f11badb3f10ebd2f1dfc1db0b02f11f3fa0d
3e121e5cf6c3f45ffc2c0f2dd300310e23dc0a043414f3de7ff463d1bf520135
cec24ebe60d2c3231234041421f2f525f3102614fef024225215411120103012
f342f5410522041fd31dee521de13d521de145e3e124c4e2121c033df0223430
51512304f4ec1fe1f1e324e65513b0b3f23d3fe2e7f20d2251003b12243442d5
03c11c3e0f421626d04411332e02e4d3ef36cef001f11402b20ef5174b02fe7f
ed1d2ceddc1d5ad1d27dfece3e010edc3ff3cc1f141100fdf2e5ceefc2f32f1c
3bffff2d5b61216515e1e4e20403d4b04e242214cc11c62ecd22de3242531031
3e010ce1bebcee3ce325afc5c12bce3aade1f45e0d3d21cfd102d0a311532b2d
dd44c01fe1d0230a1b104110d30eb3c00ef43b23ec10121e13ef311ed22e040e
151fd04dcf2354c2ce24ed0bd45f0003453e0f23161727f532ec32f5f0d331c3
1e39f013f913c0dca202bf2be4cd0cd1e0dde3c0efdffede00f3f21fbdeadebe
34f200d1bf232f1111d0fe21330112e0df10dcdef6ed3c1223034411053ef004
022f1bd4fe21c5f422a2f3df4fde31265c1350d133f2112e522621ef0cabd1bf
2e2d21f0e61254feb21261054c3e32dfd2e222e24f323cc0c010e3e33315df0f
20f4fe03de13160f123f000dd443c45340f002ee3131ee52b5e2654c00f343ce
dffd333bd002ecf2c20203e6100b2cc022b2193bcbc20a2ee11042e42ddf403e
0ee210f01ede32763ece1de43ef4f11e504ddd0444424e22c20e0fdd2ef40510
07d23ffd00bfed1d34e170fd25e23c60030355df2314511c1731370fefe14e01
2112dbfbc30a341cebdd1e9f10edd91faded12dc9cbec2db04fb3b09ed32f1cb
2dbbfcc7001dc0061534e1dd2ced3ef114040e1e2fe06cffdf1c00eff0104bfd
3ffef27b4fe4242e121d4e31e401504fd5b23a24ec5e3c4fcfedd4033fd4531f
04d06e42060640f0166f513ed47e10ff4c0341e5315f33d51f4f1422d4f323ff
01bf61cd04c51411f1fd5e2101502e547de450d02bf156feb340d221ed001522
2ccd1242b14013c2ed4f0ced1d13ddd2a12d0033fdd1bbf15fe1e3b0f63fb0ef
c4b3d6031d45f1f6bc30223eeeffd1f5100533e2dd20cd01cefbe2001eef4fe0
21c1520152dfed192fe0b134f2d0e5e73f3e1314e1601d121004b23c67142f1c
32f121152eeb07121bedb012d2dc3fd3f0cf2eef3d5525c1d1f40fc33dbfd925
73411eddd734202e4eec210341e15d7552fd1c2412e0013f72123c4e1e31f223
102ee12b140f0e2d04f23ed11313113fedf41f2c2efccc11423e2f3a20f11ff0
aed232502ce40ececec12f3311d6fe3313dc10f3e21ffd2da4ffdd53021e103e
ac60cdfb54c4ff322b0da4bb2e42cf0d2c06e05e3e542de400e114fc5fc3c1de
4f234033fb3fcd21ef0ef1d3c00a75a250e4cc210daf1fc3a213331512b9cfee
5ed36f7c0711105f45210a2fc0fd1ce43101eee2decf02cf20ede14d3fd11ef2
d1513cd103de20b42ccff2f10114d043122153452321cfbc3f4fd4d0d1e24521
209412d3ef460cd1c5325d0ebde9320102fce403dc15e23dfac105312ca1f2f3
a05f31fbd1311e22dddcd200f503fdf4e1b1223733bf1f140c542e1edf5f00e0
d34cdfa36b04b42307132d20e420ef2aec521b1dff2122fb0f7d53b1bdeb3313
bfb395e4f0fbf43bbdf12dd2015b3331b0deb3d5c3fecd4f2524c30bfe1305f3
effc11df2c401cbf142e405ac1cc304191e0d45a401defde33bcb602fcaa4ac0
330c3bbb2e00f3e0425d014e302c1303fff0bd03f0a23dcde0503003120ebd43
ffce1ae0c333fd12d6cf13cee1f40f6eadb32fbad246f1b2dd9d121fedd2031d
2b4cbcbf45501f31563ed1ee26201e24e2f010e512e20be41302e1b4db0e5d31
3b342f2e12fe0e22f5f371efe304ed0f113d02034ff32e1dce01fbe6114f1ece
2f41065cfef22023364f05d34e3f5e102f121145510ec26c044fe24c3534dd2c
16afccf0c2fe1f32c4feafc12f1d35b3c4310dd104bdf370f32dff0206034fbe
0d359fcfdf2302fb1afeecdc34d2df3e0103fb06c1fd92f2fa110d2c5b24dedf
b002fbfedfb43e073ef2200e22e2ccdfcef03dfc3cdd00c10b4de1ccd1330c3f
d26ed10d1dd1034eef313ed00121f1d43ef3cdf322343123d2ed1f42130b334c
01222c31bd5f0df142e06353e32ed000ccb2cf3e0c410d3f2dcf2fa04c200f63
f10d3053c0f31b0c5bec2b2ec3e6eeddc02ee4d604beaf3bcd2ef20cedf1e13d
4e401cf532cf02fee54124c425550ff4122533e20e11f33f24b11d4243cfd10f
3cb045e330b23cd3212f6df3efcdc2bb44dc0fe20cfddec2204edff65fa3042e
00b0e4233cce0ef1ba1f033354b02d24be5b9bc5fcbec2dccc3994d2cce9aa3b
04ed0cd293e3d3efc00e3201ccdd311d2500effd1202f3aaeae0bc6e35f1cd06
ff23ed45020d02ef3fbd73d54c2ef4d0421e1e3012ff72e2ee2df0e02eb2e41e
be42a1db22d290c1105304b1e30311da990ef09a319ccdda3a322ddbdfeebf9b
e40df531e0133ed2cc31452f35f21013d2213d4c1e51f331d2ec1ed402221de1
35afff3440a2516d6d4cd0dfcee3101b02e37be1c0710b0fa031fab0bc452dbc
e6bef01bf3c1cefb5dcddcc1be24f01bde3efffec2a34ed311f240aa13e5ce2d
da0fe2e4233ce3c3fe4f2cedff2edd50fbc0244f427201ee4132d7323f1ac04d
32e40ee3132cd6bc255d0214ec2f00edd5c252e1d5de7fd656f40d4125c54705
40010c43dc5fd1553cef0ee44cfc04423522d31223ed1412b03c3f3423d0fe37
e3fc01fbffb3fe0deebfe4cc21f03cafdcc1140d2fbb5053fbc3c2ead2fe2cb1
cc6143be15dfdc1142e20121e2d950d0c2eec3f91fc2d3d3f3fcc0121e93d9dd
e01f1ddcf522d39d32eea204ff21c053ec01f11db5fb12a55ff3fea3f3e01633
cdf0bd33261dff0452e123e2d0cec2f0e025340321ed04cff2511e2c4e15d602
0e32c02d73023d13d5d34e3dcf2d03051eebeced1f3fe3bb9efc11a2e25ed11c
e4c5542e124430cde3e2ffff5fd003d530633d101024f51f5ddff6e1d55f3455
d5013f14eef00030d2c31f113e52245e432ef7030ccef36ff6d56063012ed323
7d04e00412d1e14d252e35df12e105e02e73304df2ce1224e510d55434f50fed
0342513220c302d001b02b3121333eddddae2feee1050ce1dfced116f20c510f
2eb3c053b2902d4d02c1a3ea33eec331221d133121d1910bdcc2ef1ecceff5ee
3467e2005ec0f02fae52412e20c640cd3250141f5d0030665ed2201564b0f330
3c4f3322fc6fe34102ef2e322d211140f05dee5fff3db253d050f153e2f31352
90144c2cd6c1d01301bb0301defbca14a2bbe2d0113f2d41f44de5b2c14a330e
1e11d43b1fd0e01ec4ceffb4f1fe3c4ce32ce212ff56afd2db2ffccda22fc04e
1ccda2201121fcbbccdedab1ef1d013f41b210d032e3b04a02c2ed1ed2132d2a
f2c2f3022c603e61e532c2e5dee01e2346113e3e327d255e27315de5e1ee1f61
e1bdc403f341f40e6b5ca3fe20fb00fd0012c4012e2be21341cc35321de3fb20
3c1fd001fe4e21d30c344dfed21ffeb12de11d52f14a403d34022b43d334fec2
e3af5ba0aa230b10e60f15fdbddb11db0c010f4b1c2ee44f242eff544ba11e36
b23dfa39c3eff0f0621fc53eb72df230ecf13a1d1ff5e1b612f17b9d121e3ecd
5d6c33d0322df1ddcd4d011244312d2152e225ee30e31ddb1cc76031302cb062
e12712e51225046d3fe10320e301e221e2171e43e3fd32d3ee2def3352f52db1
41754242dc5f1f71641204f3f4326300d300d2e4222c32334f73d136eece3f35
4221e1405441dec31e2eb3f24e4e4320e1d303e50203130dfd2213f30ed1de1c
0df210e13e20f32fed4f45f2de1ed42dfe4123cd1d44e3f1dd3eed0f3d2ccf34
e0f620e064221220110edf3100f10d212290c25cf2c21fc0fe52223011e42750
f0e5436eee16114e4463fe033501110e6edd23112f1ffe31d3700472e14032de
2cde124042ef2022ff02f0ccce3d0e32f5c10e445e244d3b70d2e61a12b4c540
40160e032be244f9fe21b0ec4c000ede5241432502c1a0f2c411a04fc2e422b0
135d0dddf12d20baffc30ac0c33f1c2ed131eb15c2f1cedfdcf22e13babd2dd1
33402bfd221f2ec09d2d0dadbbc2c1cce1ea113b5d65311c20cfdb301dd0cef3
4fc1e0245e0d2ed030c12ef07fe3bf45140f2bc0f1c20030c53c0e3da51f0cbc
4d1e0df64b3d0d9fbed3bfd001c11a204e212d249dff22ed052cef02b2f0f0c1
ff50c0311c5f0013f402411441524ef1cfe432ec4d3424ffbf327001ed4c1445
6e40e0f44654220d301e4102f3e1e0d312c3444b4f4e21fd364f144541c13f30
eed1c241fb4dd0cdeecfcbc1f1c34b22efcfd4be0f19ec2dc40df2110c100e31
1c20030d44f3fe23d4cf7cbd0d113fee11004dfd442c52d5610212345d4e21fc
ce21eed45d62f3ff54ee2c13510fde4f20221dcdef52b40ec52c1fc1e0fa3fc2
5ddbd4e02d2c121dbaa1e122dc7e20c22d1c01dee1decc5b110162f5c242432c
24b0152befc30eee5b0e2a70bc03efdfef92164001dc60a20f3aed140d5b3c21
fbeef4222f4d11e43a0c0ddfbc4bd4d2022da0d53edfbbf1424e260ed92c9245
ec4ef3b050df0ff1567ef4c0100c3141531f4e654f15411251ed322d13310fd1
7ac0e2d1534dddd4e12ed541301c2cb2feecc1f41d3d0f1f3331def033dbfa3d
b31150ce0043fb0222bddb022ef2cbeefff32a2550542232111c10e4fbfc1d04
12f51b1050e1f3d430300403decf30f21123ff01e1c2f1e20ce2dd7653d11d5d
c23f02531112dfefd3020c3a23f001c2cb2100e66dc2123bee7fe0e15304cce0
00b233f1ebf12c13cd5364efc22d12efc14a1ff3cf112e00da1124e0ebfc1e55
219dde3014fe3f144e6e26debfee21ef2edf511bd522fc203dd12312f25e50d4
1cfe21f2ee41d1ee3fd1cd3fc0ec404f0f00f220f4f432d4cc05340d4ce32020
e29001ae123ce3edb07ca4e21bfccd0dd4dfc00dff05f34253503efad1d2cc3c
c3def4ee3ec70031bda3d2d15efe1ee4e14fe2ea0fce6e1cd41c2fcef3d3e0bc
4ed312d1ecfef2d5fbff3e3f041b61ddd2741e0411203d0e434002e1932c54ef
3fb2bba4f5c2f30f0be162afecc2fdeb0fc0303c502b32000cff113f303fe0bc
bd60cdcd220c20e522d22a101c1b0b0f29ceee03e0cbfed4b01b00cd420c30d9
d04d6f23cbe40b13dee2c2c1ed2102d25004310f4f054e0c42bef43fe1045df1
ef6f3dcfc0e1d3021f3145ed5dfe301f3114fc11f142fef2e2314f4d3def344d
0f2459cc1b3ffe9eb2df2cde1ccbae1feed4ebbc0912fb2aacd02abb1fc1fb39
e31ec104ccd12fe332e005bcf3ff32ee2e6a030caead21deafecb040cbbcdd14
d0d13eb3f15f013f530013f54f5e10321ebe020e1e22510524115ee120f2e1d5
300c324fcbe22e2c1cd2e31ef0d1dccf0ff222bdddacca9f132aebcfe4c0340e
1d5f06f210f05f0edde0c2ed43dd0ceff100332ced3013f420c1c52d1165f225
55ff0ef2005e122d0602c6e3433fd0411110ed5e3f025147df630674f4df4432
ccd0ad2d0f301f1043d2c5cf202fd21f412edfcb50fc5232f0fb0ef025c4ee1d
005111f10f116d52cc334d3fd413dd9335bd563d41316ee1c3e2b5023f517e1f
52d20ff0eebfd0bf13570e0034ec1d20ff6100bfbdff220236220ed1fc2db14d
f0eadfa03d700affe1b24fa3cc2e2f2b1d10fdf4bcc051c9dbcbfe232cc2b3f1
ed23ff535141dee1445fff3211c237de0e6ecd2203bdd413b3e007f4de1e4e51
e4f6dc1deeff41321e1e4b3f35d7c4022d214111e0e3e0334ff11425fd32ff11
41a31d5203efe21233ce35d005f4d033305e2c13f1d200063d6fe3ed4101e344
60401eb04cc113444b0020f42e3deeff01cf4cfadceeb2d6044f14ffb302525e
f030503f0611131e2dac5ff1334104ddefb32d4dd04ed4d43003d0c0f704203c
daedffce0ef2ebfd320df1fdf2db2039d2413009bccaed4ee5d30f42f5c05c34
00d20412e1fff344eb423d3211050c2d10dd1ce022ea17d1f341d3d020d13d32
5efde1b0cbfc2c33eede403e3ed1bfceee4d4e1323dfb10ddfb23072e5bd1db2
33dfec2e4cd0ed4fd4defe1d5f42f223c0efea0d01fa34fed904100e12402401
1f4e7f333c21217f4ecd2427cf3fe44f21de327c2e614522f1f33155cff5e151
2ed2f11d443f12d223b32dcc412c2def00511c292c402463eded01cfb30b01cf
b4e3e3512b21fc4fdecf0112fe02fecf54dd341430b5b00cee213f2113530c2d
6332bdcfdc53e0001231d0e3d01d0ed204eedcea03ed3162d4d6be0e71fe1c3e
414cd5465f4fe0e3cf3e01140301550d6d5f32ee3ea0dd2deefd4f2e41ec0b5b
e134cf1246e0f5cbcdcc11ddf1244d31f2e435ef12cd44e64313020e226d0f23
dfec01e3fbf1fd21fd3212c240f2e1f100d3dfb2ae1cdfb3b0e2e25d41ed15d4
104eeef2f10113f3e4e10dceef0130100f3321f110d6f0bcf5c43dc140bc0e6c
dd323ff4d22fd7cd0f312722ecebdc03d0ed22f335c04216e5e73e21ce210462
f9dfcd20ffbb22caef0e9baeecdd2cf91bbf3d0b221c0454ffc1eee1de20ee0b
fe3bae001e12ee4e542263ef1f2bee502ee2f11bd0fefb3f5a4b3bd0400c0542
046ef151ff04f0ece21d202ff13aed2de32edcede12dd202b1ed4ed2324cf04e
1002425f330233113df21321e3e124c503d2450b233220f3d3005250302f4020
d24ed5edc1df0f2e03dbc6433e4ae0b1e1ad2106e4f1ff25a44f2ea7ac32c531
312bdfdb2c4ff24eefdfaa1de2d424f1214cd4ffefc42310adfdec2d2b4c1edd
d6dc2fd6120131e2c0c456fef2c5fedf433f11cfc20cf7de5302e40df2f41223
10111016d73d204d4cc0a30f0d21f0440265fd5343dc6e6241fef2fe60c30e33
500f5c351bc301e101e014f2d3eb1bef516f2e1cf0311141beb3210d6eebdc06
f3d4d5c2551cf5d14c5fb513e201fd43cc4fa50511d5c2eb4cd441c2fdfd25e1
4221bce2d76e2002ff40243f41deefece541c6c032223403345e0e1fef042e04
e502313323fdc0dff40ca5133c33a0cde0211f401b01f1f46eff1e11f0d01df1
d1e16017caf1b1e411d2d30ecceceb321f014e01d03ecef1322b2ecddfef0ce4
530426faeeb22ef01dd1b13baf0393d4fe34214200ff04c2cde1f3eb22b3f1fb
b63442552caee02f42e0200cc2fc0e3e2d3332fee2dcc623f13d0c21fee000fc
5f200ee40fd3f1df312e4006ee2d422ec4e11d5e21ff353ee1ec340d100710e1
23231f00eb11c30ac02e205f23fdee0ddc4225c140d00f3e1e2ced410e21f1e2
e1e155f011e510b202c2c4dc25e20ff2ccccb7153ed00be44f05231a41f3130e
de241c0fea4e7f1eaa61e31b22d3cc1201bb1131ea5d20f5524bf1597d0fecdf
224edefefc012edee4d2141dac2db1eea22302edeb1eecc1a2cbdefdd2310c23
e527d13c1c1fff02ab402ed41ee21d0f0b5ee0ea2be14ea41ed0df1550ee1df1
4d55eddf1fed5fe0ddce2fa5ce4354603150e1ee202e4fff7d0f26cf53f0c7fd
d13312cfedecf20000f3f1119dc3205cfdf2fc220300ddd4e013e2a0dc0eed40
24eb57b01013101e1d02101040bdcd1c33ee320d0f3e42ec246d429fe4d0fe02
4f0132f14e2220cedb12232f122e01f13d31db0e233c33fc5e20b6d4cede2e00
0b2dfd50ed4d0220bc412ff31df1f1edc103df210c3d42f0b103b5fffedef4f1
f4e0134c00f303ed1b20f04ed014e1f3c021cfd224e4fb20a3041e4d252d2140
e00323551e21de01302ffd1121f41f4fd2e1fddf11e130ff43fff4e1f1cd2d0f
dc20f5eceebfe3d4c491011cf33e2dcd1315340c121c3ed220dfeefb0ddfe222
15a5261ef1bf3ef6050e32de5c165f32f12e330ceff4ef0213152cd1223e213f
afddde5f12b3c01efd1e33efde15b3cfe3eea0fcd4eb40ee51e6ce1d05ef3240
e2cd1cb2f4cf3fddbd00ee2f00111be1cc4d611ee1ed0fce14e221b10cd51041
14245902cedde3eca4f0e1fdfe40eee04c67ae470222db53e045a1d4357fd011
df2ed1d413f1f32e5cd1e1becbe1142d1ce3d0020a1afef16020ce49f0e13443
10ddf044daf44ec43515ff019f0db60ec1d2fcd22d2d07c3e0bf32251311e020
20b47edc101edf0422e1e41cdaefd12cc2515e2132f3220304f2e102052d116f
2004322b23fdedded1e02b25ddfd30d321ee5ee4f3e23b3ff12502fe1fc03e2e
392ce6f5104441e3e13302b3323f3d3cced2002cf210503ff1fa2ee2f44c3002
15342e30312d3ee1fee03a1d43f2eed3f2ce3f34eae23c23acc0dcbaddf24d1f
23d2cfe3def2ce0350e4c2e4ac09a15e1120c1330af2142ef42c43314111efe1
1c343d00fc2f44d2a501ecb0ddd03f01332e000ed4ed9030bdfec0e310fc1f0f
3da33054c92e51f4f2be40fdaced1dfbfc00fe43516f59200f39b41e59ff0de3
f41601104be32d0bbc2ffb1533021bdbf013c1cf12325e412cebe62c2b1412d1
e9150dc33e2ff0f0cff2afbedd2dd5b21d144023002d30d2e15d1cdd4342f0f3
c51e43fdc3063e120f420f09f0f5cd02ed3c65cceb3d51021ec20bee10d01412
2a9cd0f213d04000c4f1ff1ed10ef3bf101d4eeff4032e21101fe1c514030b3e
2b0e04eec313121d3ee3320bef210f00c21f3e1ed0ed0e60253df02cdc230501
049c33152be40adebf12dc3da314523fd1f4f7b0d3af333f264c5efae15dffe0
40453013cc1fdd21de0f0dce1d1ea415e2235d1c0302134f2ef6befb0d2d1e2e
fc0fee2213d11f3f0313ed0e43f4bf33bf22b05e3ed445dff000e5e0f0f3e01e
4334121eed2e13e1fbfdc3f1de55c1d0330ee4efef31d104ee3301ed132fdd11
ffe065f43ba231ec2f4f20bb4370eb95becbd7c1ed1d1005e352ce794ee52102
06d2f03e170231d011020ec044d227f753f39ecbe32031cc10b02de0d10f0f20
fdf0313f2ef0b51c3c400df5d1e1405c110143001eed2ee23fbfd13eee034233
cfe312b1eccf0fc0af2523f4cf231b3ea020bfde203436c242b0f041c4ee2920
dc4f3f0e9d4f6ee310e059d5fed3395c0f7f0006314d3be1ce7a11de2a4f2e34
c7066f00ebf343ecfe1e4f20d33033b3fa10c2432f1afc33de63d7d57030f2c0
9af2111dfcd1e2d7a3e63d024ae02e124edf1ecc35235daf67dd44fd151e4d7e
feb72e7f230fe403cf02cebd31163ff02cd2c4be2ffbc7d3132fe1ee530c3311
d710f30f4de50c949f5e2cb0fe52e10f91dd344023ec1e5362e4d54dfed51ce1
d65247ce12d2d210333e2fcd1b0c1fc02f31c41e22c2323e3e25dd01130d01ed
0af0dc05025f3210f40c0fe0c11ff4f1b03f0455405efff2323c62d42f220d34
230c1e2cdf2d1442400ce233dbc4bfe23441f021ff34ed0f2002eedccd210dff
3db0ab3d0e2f40ef00e10fffdec3c60ceff1fc11f601dd1eeeddd5b209ed1fff
fbfd353fec2114f3f642fdd3fcf0b0cd1e1d3fdd131e3e424e0e332edf112323
cac013ff2bd103a4ffd5035021cf2cfc2f3ffe2f1300f3a1ef4de6ffbe4d1003
1a2320e411af04132e341f00310fac5124e2531cfe333cf31210dc011d3ef0e3
36e332c9c0b20d3fc0d02fed40f01f32ec236c1eed342f33fef12cff002cf35f
10cfeb490ef11e41cefdf221bf4230a0d0d135f021feb12fd3d5f4cacfffd5c1
1e2c244203cee2411ef1f200ca2d3d02ddef13cd3c1e3dbe2fdf2da0321cc540
d621335badb32bce2cbdd111df03c022e1313f6c20ddf0f40117b2cb21ffeef3
ff4c0ce2eb4ec1ec31bd1de4fecc1e11101ead01200d22d2443af0dfee3def62
25dc35e6d125a9af26c72020b4d3b523e3f03df1ffe0271241f2efd7cc2f1a2d
062ec2ef31ed02fd50fe2ee313f1ef53ce1f312ceb33d30fdcf22ce220b4e301
1fe41e0e1edee3f300434cd4fce23db0353c0eee4e22fb0163eed303f6bf0502
f114de2f13551d0122c3e101b2ce32f2ddf122db202026a24cf1ced4213eedf0
ed1221342eb031f022ffe2dc022ead5dc0cc350dda22030210f122c313ec1df1
ef253300d15d4c1ffc2fd0e0eb4db1be1f02e53533f12225ee1ff45e133f0e34
dcdfd3f4de2d1004e3cf3261dbfa101120e054c542e331cdedc90631b120ed10
32e0ee14001f141f0fdef3d50351e1d01be1bee02ff04e325253f040521fe320
0c9bee030c211e20f1be11f0ffc21423ddf1f3ff0f0f611312c532e1bfce0e42
f2466c301f301fb3c93ed02f20202111eefe20ee211f24c7be33333d40f2cc0e
f5312335022e2023f02f300cf0d014f0fcc5f431113fe4de62efcee26dfe203e
e0b3ee11fffd5e2e023010e1b400d301d1fcfd1b2be0520423d000420f131122
23f0b033d3c012e1ed3fe5f101104e35fd11fdbaf0ecd7c0d2e34011bebc214f
cbc40bbcd21dd434f1df10bcc041bc5fe5fece7e0bc64913d1fcf4114fdd127d
00f151720c92f113db1fdc0ef16eea2c991cfefeeb1f0af66dfea73e7c5409df
cba2f4c1fe104dc3ef023c10deddc401b4e013441d1121c1bed301e20b3d13ef
440c4fb33c13ece106023fe3b3ebc022cdfe1ee43cfefccf70d446e312f43f4e
5c3dd5e1120fe1e303401f212f5c14e3f31d1530d1dc531fddcded223332f42e
eb40f446fd40c0c1b2001bc10ec230221fa2bf3e2b0220df11bcc5b31d2ef025
bea4e213c4e14193c102e1cdd91ca542e2e4020fcec244bf3fd04bfea24c3210
563e42600e04521fecd9f000fe514fc41e4fff41f32df5001cf51eddc3ce9012
232b103c10dde0fdc0c4fcebe0f1bf0df14e5f4c330feee004131203ed01fe44
1becd33cebec54fda020ff401fd1935ed242422040fed00faee24cdb11dde213
f75e4bf2fb41fbe5e0213101a41efc3d3ef09f1ccf13e5d3de0ef2e1222cd4ee
b6b56f143cc1d3e1dd7e4b1fb1113261ee2d1d311ed9b6f120f593d30ddddd32
23904af9d1e0c53b1a42ee42efe043420d223bf2100af1f2a3ff00b51cbe0e42
c651babbf102c5d12cd0134032054bf0fe43ce5d3dce2caef0d4440151b0e21f
45e4fa2ed22e043ef3232e560cce024d0dfebeec2ffe1e1e6fd35f1dcf1d150f
22210e4720040fd6dcfe7f4f25f21a02ce0e13e30afd16f1ee13ed022ffefe01
155c2112ee340fce12d3d0df22dbeb0ef1c1432ef02e4f4ff50d24ee2b15fc0e
dbd051553df22ff294e7ecffdc241332bebbe2d1efba10de51fdf0ef2f3ded2f
c51160210001dedf1cbe2c32fe3f0bf12e2f03305f3b12af4125dfe023e2e412
ea23e3d4fc3d1f324e2e33cdcfcb2ec22fe000e2e1ff222011f23ddfd01ff013
3430f3e5babfdddfebfecffba11eb201e2c4230023e13ee0c304cf1e06042ee3
eb0b3ed0cdf102edf3e31102b333f3d0143f0ece27fd120ffe0f12162b2313f3
25c02d2b23033015153e00210cc0ebfe1e4f2b3e1d4204f2ffb1402f20eeeeed
3bfc1de5f0f15131f55eebe3fdd1d10cf3ffe052292c4c41ce4e130c630f4e53
cebe02ce5f2f1db2232c0ac150f0ec000d20ede10e21ddf2f4fb5ed22c5d1540
f56d241b3f14c20d2c24f01e5fd443bfc10cdfffc19fee4fd41021fd1ee2f4ec
ff150d120f3f410049cf5c725420c1b5fd0e33ec00dee692c2d6df00d2d2f424
4333ff33ef074dfff2a3a2c2c5e01125cf3d02eae1131ed3d6230f2d36bdf610
f34f0d3d01031cf1f012fc3d3211b32d1f1d50c322cdeff1333e33d1d2ff34e2
24e11ff512323ce00311de6bcb00225d22fd22d3e120300f10021fc02c20dc01
2c2e11df20421d1fdd2d2d540f1f0c0401f2efcdd5f3f6de4fc20f0dff300e1f
0b23d0002ee3d3c0220cec42ed20e31e114d04d02232f3dd0cc4d54ece44202f
0acdfbcb14cdb3321ef1242e3d215e223f31bc5cf03f0cd11d1f33d443eff001
405dd4211d3fed33002d22520b00b4ddfdc024cdf023329f130b24edd23fdff0
0d41042cd02dc3f22f1d23f400f2e5dfedf1e1213de2d5b4be1b03d2f5be0f1e
bf1f6e1dfd0233d5af5f3c15ce022d6a2b3fce245fff49ff0100e4b51d232e33
02cd112a1f5ce46ff0d12f1e22c4132f1d54e2113ff0f31dfe06cf1ce0a3de00
01056290f1521e5d3a2d41c5f61210d4ff41b6524d4c0e2e5277f20cbfd0112e
f2c1dffb22de24e321f62fcee1151eff334ebb5d4c2f30dc9c0c2d5c410b0f12
1ef5ef0b1d40f54fca1d017e22c0d5a42d32e3201c121462ed0514bcd5efc312
01eed36e2f224efdf6ffcbedcf112f3edc2dd324ec521de4d3b15a3ce4fb4e11
d5bff010ba1c2e4fb4e3e32bcfb0cb220ef22ff2021df3ce1ff52efef60e202f
221102df5fc3ffb3df55f2233c39a1dfefd0411540f2700041e132ce230f5ffe
0411df12ff22cd12433602fdede04c0dfd1033ee31ddfd11e2e11fe23b102e32
3f462e0f2b200320c030cc73641604c0b113de001d3ff1201e5243a205f3fe0e
00c7020c023d5ee11754fd224e215be200dc9c114ecc319cc3243eed632eefd2
bd3d2cf11c1ef1fe21f1421f3d3dedcf0b2ee2e2142d0ea0ed7efd0e1301dece
ecb74dc2ba3be43212d0fbeefdb0314e2f64ff177312c9139063129e30701717
16c5ad2a055db150f4f2b3f032430042dcfd1e11d2d3f1b111cb335d01e0c410
4f1dff1c342db0f3fd10fc334121ff0c224544032414db20d0f241b5c103053d
3c014f101e43fcef14d4e12fff01ce1e1f10523d31f352d1fe0f64e2e1032df1
c2004fe3ffd3def4c5f6c01ecf40f4d0bf3dfe0b1fee6393e139e63423f51a11
14c3610a1dede4f33f01cfc24b32e33fdf03223f3d20e00234050214aefff3f0
d5f32b11e3ff302123c2f36f100e0c5f2fff42122bcebce22d44dd03d4e3d300
e42b12a04f30032f344ce0ee311c1d321b3fc41a23c51d2303fe0e1a2f4d2f1e
ffd4e0200231d40c3f331bdf32ece0004100d30e15500ed1201ee2f1ddb10e1e
9feb33d071d0bdf4f31004129bf7d0dede304523234cf35eff5240a00d94a2eb
21441f4333df2d5c4e311f2f20e1d30b62102fe454f013322110dd2522eae2ed
2f01202d3e11ee44e30f0f43ee05fcfe1d3c23cb3104112c14c0922e0300c1da
b9cdddcef0d2311310f01c13e0fbe424522de0bd2ddb555f211d2fee4ebfc51f
2ef1e0f3edb23dfece2c200ed452643301df2df5e00afd0eff5fe1cdef40c1de
c0dded0b2d0bc1e524fd02a107131100ed30fe12d9b4314af41d2002b25e322d
e440f2ef14cfd20120ccf02e2423ce0e0fdef6d345f52045601fd23c5235a53d
e2ef3142ed12233615354cf2f4242b130353f2be121c21c1c20eb4bc102142ce
31ec12062a102f11005f410532d20d1e323ad4b3109022d37fb1f09d1f0fefed
d3d93d14c13d0df64ff1ee1d3f12b00e011f2732ced4fb253fd001e2d031e123
30e11fb00ddc33e214343f0323b3e604220e1523c41ededf62c1e000c2d321ce
ecdf14d10e3cd1e1f35e5eef00e20c25623bcf323d15324b30de2d3d15dee2fb
bb623b2ed1b10d44f44e2ef3c0ff230d2d0c3ed04f3d4b0dffde24dcdeedef1e
e01cedef4cc23eb305110200f32de1c4433e213d111e4ddefeded3efee0d1622
0030dfcf3ec1f4d4f0fe2fcf3ed4cd0fe03e4ffdd21000141eb0f3cccfecfbd0
01301eb12202e04e21e31234da0f3521123ff21402e12fe3dfedbed2c32f25cd
04ed10102edecc1c3440ddc2fed0fb26133da63bec3d0570e1ff30fdd2dededd
221ccff5dc10fdc22f31f10d33f0e00c54e2b01cd10dea42cecedf3ee0e213ff
0ebe3e5be414ee11f5532cd0e23102ff3fbade5e4dd4dfe4ede3e0ff72fe2e3d
ffcf0b3dd1de2d1d4130100cd2445fa3f0c302dce6fe412ec122bf35eed3cb33
20f0213f056fdfeff3503d030fceed2e634c4f2063e1e0b19f0de50e52f534fd
352ecfff13ecedcef4911f2320ddcb02516e2033d25ffb31c3dd1243f5e000be
2ecef1e2f04fd5c242413cee44be1a155e443032f434ccf17f1192ffd3bdce2e
02d0212f3f4315e0e30edcff33420f3300fd150eadfd2e305fd0cf0dde3d3562
200024301fc3c3333242fb1434f1f3f1411ee001060133042fc2e3500fb332f0
e1e3222e2bfe12af13f105134ec0bd31d1c110f90decdbe20e6010c311102e14
0f4df34d4d5d23ee114f0b3ff20d1501ccc0ecb5c11cd02d401ed3f13dfd3532
3c40b1eff525d00b43051e252fc15405500411d0e2234a3fde21c2edff12f002
c56dcb6fffee35ee50fe0b0d0012f2a01d4d5dec43efe250f1dce10dc531fdf3
1fdf334eddad2dd40ff43ce5e5dec1141ddcbcd2eefbeffce21cff0b2311d6e1
ef41dfcffeefe4f201e4feed032ce1f0f0e44e4f5d024c133e40ded11de01b2e
23fe31df2f52d2ad0f41f000d355e119304210d7acf1fae5f0e452c41fe1fbe1
ef4d12133bfe22050e2c04de41e142e34dd235d2cee20d3f1241e4cc0113bf32
0d4e3f242a73e01d13f312cd113df3cbf3324153eef1f2aa01ee2135e0cdf261
2b21fcd3fc14f1f2d15700b23f05e41d5d4bd424932e1d4e34b9e5cea3de109d
312fe2fe03cc04ee1123ff00224d21eff3c0ff20bceedb4330c3e0fd112eb27e
101e0f32fbab0cb4e2ff2c004fd4df3fd3eedb40a2200b0e50c11fc5c1313dff
22e4036df1f30cdeeed13d563433f41f4fef5fc3afe52ee5d0bf4120321fd003
b1413d2439df21c0344cdefc0001b3ed30151e3ee0222bc3f1acf2aeea0b0315
704ff0d3fb17bdcff4f410f34cc52a1f3e69211a5ed9bfad315ed1f3b0236a10
00fc1220f32d1f2ff4422e134fccddfbfedf2321afe0a11ee13fa41cde464efd
331fd1cd2c2f4db3d2c0dd1e15233c6b1ccbffdf1f1e2e04521fb505e4e233dc
dd41e2eccd1e1e1a71b2fcca22f0f301020a011221e24453bd4d0d253efcfe65
ff3cfe21fbf33ce036021dd4c32cc1f02f3f0ed411f45c10419edee9e0f11541
6433d200ec2ed1f3442e02115fa29bc4335bf1d4f40d2b0522241f70ce01f1c1
cf220f130121fc134ff542142efbee3f105b24cbfcb2b5ce60afcfd415cd0d1f
04e0f1cb1e4e24c2133d000dd6fddd4f4f2ece4412f0d00d10b24fc3f2e41302
0e523dbd0f22eea1fd63f301ee31a2f01b0e015f31dd02e5bfce041c2230f42c
272004fd231d33d404bd2bf0f4ecf701dc0d1dc13021dbe1c321af2db5e0592e
4d0db2efeff1ef1d44d1ee3eff32232311efe3140c0cea115d11cfc3f3d13520
0c0c1e111ea3f5304340210ff2d2051424ed3dedb2f11fcf712dc4e2e71022df
414e204e2d4f2fd032c2eb3233cf032f10e3012dd1fefb3d5fc3de0434014433
2f520eb21d34d5dfeeb2020c35e2ce306352dc400f0c5e131040cdde1413f0cd
2303d1ededcfd42340dbf2fdfd1c3deb332f0434342f0e46fe02fdf2df40a1bf
e40be0c311c120a23672fdff4dffcfcd103f05fff0dd2f50e2e3cedcd4ecaf32
dd107d014a9d1040cb31de00ca00641d03c34bec15fde5211f1df5b7cddda14d
1d535ec3cd3e2edf0323fde33c02012c5bf5eec3b40cf9c1bf32cee41e0d3f11
1dfcbd6cffdddf63014511fefc35fed30dd02f0ef6ef0911bf433f0740920f1b
52130ce0e7b506412c4e52f0d4bde4d35fd3e3f20202d0c2cff1e44135b2441e
d64bf120010b3fe6f20db1f4c2e4c2d3001ebb02974d0f7ec5d4f23ea4f049ed
23102ddd242eeeee20431d1540eeeb25203113e30f01f4f1cedf2dd205333ff3
e2130313de510cb221f3fed03cf0df4022f5e63cd0be21a610034be3eeffd233
3dffcd4ed0dc1034021f2154dee22c5440fb21daed1c0db62ff3b32f264cec4f
073fcccc2c1e02e743e0f1fc0f0203593d52e424acdef0b0301415de32414012
cf5f1a21e31cf42bf11f7ccfd3c1c44ff041f123f2e140ffb33cd431a022dff3
0e20112f0bfefe5e03e021e2e2d5c22e3f73ef4f2bf1250b4241f41de5330dd0
2441cf3c2c0bf413042fde2ddffd5f400ffadd31131023d2d3b117d235c412fb
120cc43cdd1b00af2411ff16200e41f1620f101ce30130124243ffb3c00e4e3f
efda2e322c4dda9016ce12e0f106b05cfdfad45ddbd12f33a3022de1c21d1ffe
22f2100e00312032ee221b0fe2045b5e45f0fbdc431c22f0e410e4eee51000bb
fcece0fcd0cce2ed36f24efef512ac5074ee4be24ff3efbcf3bd0eccc301143f
f9feeec3f43df33ffcdd41f24f264eb64035f1eb0e4fd14defc0d220f3e141e0
f40fddaed3353f14374ce9dd21fea3dfff3034c03f3022d60f12eeffcc3cdfcf
92d019ed42d3a0ef372c0ec176c0ee5d123ffa52111f0cce22e0f4dae2550c50
4510e37f411fef2341cfce2c1ce11ddad52c6e22261eeb170fc3edc02edf2baf
130e301d0dd304f3451dfadfe1d3a123213cfec1303c05065132ef13d42b1d3e
de61f1122b0fd022fe3112df13f3ef5f0d1ff4e2fde11a0ebf1332a022e3fd20
f46c4d3e3cb00edcd51029e4f49fdcf3ee2a61bfbf0dced2d0e003e5b2f50c43
feeef3ef355f1efef0b0eed2e113dd31103fb50fb3eb3b00200323de0d1d4dc1
1d105e4312122c0f04305042fdf05321150cf01c43ddfc4f4323260d4fc6be0c
dce00f4d25523455142e21ed22d3f5f3103e4c4130f343f12d0fe030c3dec1d3
2db1144ede211fc4f13d031311ee460203f0626f6fdd2eb05f110ce3313c2a0f
2fc2dc6b24ee504006ef3f73d2d5cf024200113f11c2515d3300c0d136c3d52b
2f01f1d2f2212d2011c141d3e30e215edf0c0012cf2c0e4dd00ed5ebe532df5e
ecde114e32121d1ed230e2d3de0402deb22c410b0311f034df0f1e004c064f64
cfe3fee2c400e2ce1fef0cd2fe41db1dc4230c0f222fcd206020e14c1c31e1bf
f53013101bd312beccc0fce4e4c41ee11f02554c24e540def2fee304fee131fd
ee3d0e0ed1f53fdc250c0cf06fc19a11122eb2404d3fe402e4dc23efd11c5dff
0e2011214cef123701cc0e31c42242fcd2040f1be4e0321e04c1e11e2223230d
1f1e0ecbf10f2e411653fccc1e10a02d3e4ccc1eb44a203df44eef33111ccdcf
2f0c1d3e311b2e0e20210e35c31ff323f2f205dfb1f0e041eeb1c21dd3c1ef11
ff33ef30434ed4212c0dcc3cc23bd3c0e2ee41eda5fe405162533323ef302332
2c0fe0d333ac004c2133ee1e4c3c3beddfe1432bdefde3b2e2b01ef41ee141f1
db00ced2ffe2f00304f03c3e413f5f165b13bbffd51f1c6ef0edc110c3dfcc3c
3231fe32100e13c3f11f0c2f3d12c125ee00e12a3e20ed453213241d302ebc0e
2601114c1ff4360e425f1c0e34eafdf0500d2c30e04434520060f135b6224230
4d01dc0a054305f114c03fa1f5e0562f6e24dfb432e3ede2f1ddd1ed01b441c1
c42d4fb7005d00f1b152e0d133102d2dd25033eb3e403eb401edd1b51e0fab6d
2e3e1012ee3bf229df5e0512bd55db41fd22d1cc230df21400a3e22d3ec32c1c
c03fe03f12b49d2f2004e5430b060def2d0d4622fcd9fb00c0d34dc4d1125d0e
1c1fe4e1d4bfe12e1eadde022d223cdd1f244eedd2dd4b11c05eedfc13d510de
320f1304be2e2ff0431ee0b14df0c01c511bc7d2ff3b12fc425e11b31d4f4de1
f1ce103ddec0ed3bedc31ce1ff23cbb501be2cfdfd23edfee1bdd030edf2fd02
f52d30311e411fc0f110fd2d2e1bfcdb225d0b19e2e23ff2431d23e0df03ed03
5203fff3e321f4e14002fc1d411c0d31de0e04d1a2342106c2dee122303bdef1
123c2e0d1f2f2142efe0fdf15bef2abe530ef15d1e2d21b333c0fc35fecfe1c0
d40d3e0223ac12dc313d2b242ce5fd1de44e02e0e5cc4cf6c3fdde1c3dd33153
1c03fe09e03e3732023e1db907bf0fd13e204cc03fd12c6a51ecf25e15f16b30
dafeec5324a3db5acc555c07d2f31f0fb710125a3db5c2e35f931e4f21b72d00
fcd33b3241b04efaf3cc0c22c4632ea1dfc1dcfb4fed2d2b4e11ed11bb11c031
305ef243e161de63200e22325000a134ff0fd7103ef59abc5f6c5e25335f33df
b21f500efb0e132c1b00fd5ffe5dd1a11ee2da2f20b203604fde3c03cc0fc401
2d2e125f22cfc0cfb3b301e0ce320e01331cf43411efc5d4ef3210361e122fde
de3fdc23c29e1d001ecf32e2e201f3e43506227040f0edf1fdd0053f12e43cf1
235eb5f3f36e160214abd3be22202c2bf231d025cd1d32e43300bfb3de01c11f
3cff2e500fd0d414de5e1b0f42e4ebeff3fd300b4e35dbef42a1122c502ffd1b
04fc12010e5213c23e401bed31212e010d3d0edba4211ee0c2e303b4af142222
34d14ff0bff1d4f51243213234ac1c5f6c3cc23152af22ece0d1e4a0060355ca
dfcbd0de245de31113131ccbd42c2d1debe0d0dde1dffc1eb112c5eb24e4310e
f1cde12fd6ae14dc26d21aeddedc51d4154e77bf54105ff55d40e3252fb372f7
f4d12f2000f2fd4102230c444f45eed1c01005ca20ed3f2ef0d213d3030b30ff
4f4ff1d0dece132cedf0f0f23d523c2314f23603bfe0cc12cf0d3232f2cf1332
f1c3eec2f203d4d513c3e41ef1e1a1120cf40dce1d4f2c11604cc4f4eeb201f3
017c21011cde1515d21cd9cd433d4f523d20e33e2452446e37e3ddff01eddbe0
4f0122c22ca432b0f4300d2f5152ff9b1eeff1ee5e0fcda02ed0f13f5f205dfe
02ee0025f02d120bdc642cf1bc421ca0313de224dcc441e0e11f11111d1f4e04
c1ede3f323132fb131024cd41db5f0e2fdef05befc51bffecad1eddde3120e2e
c4f2b54cc1d40cbddeed10d20de26f4512103f201d3f12232ce534c23cd200f1
33d4ff3e4b35c3f5e40cef04c9c900adcc22fdc20352f40e4eee03073f5150f2
04e2b141520bfc44c2e22fff2dcf5b7b23b31def514fde24dc1e1fee412240ec
2e1012fc313ed2fccf2355adee13e262ffedcf9c9fb25e0590b2d5405d21c10c
dc1200cdb0bd139e21ce10051cdce06dc21efed52fbd5c22dfeffc010f2f2504
6202cdfd0e16dfcd134cce0ce24df0b4d2d123100dedf5c3a5c1641b1ddec41a
102fcf45f13dc0d1143c1b3cc3c121b23f111104cf0ded4c4ce0250030c10ccf
24b31e4e51564f3e4c3b6c1c6645461023d4e504222b1623fb000bee00bdcc12
bb0eb710cd245eeba22c0dc00d11f3610132ef94eec0c0df31cd25feefc1a3c0
9f1e0fec4033f05c200bcc32edf2649511f33bdfee60244f3a54d2153e43d433
cbef1a53ecd3bf03fd322dce1d4eedf3100e1bf4dcc3f4d3db02e21c05f2352f
fed10511331013013ca14d2d9cbf00021f204bed4fef31bd1c03e2910ec2b3e3
143c0d20c54ba4134f5d54d443f50d65fe521edc2d920e3c49f34fff5ce30e05
caee4b3ef350ef02217a0b3d434331fc01deacfb524fdc134b51c4fc4b323413
31ee24fe2432d32cf02f0e42e4c454264ef402041dc4330ce10326ed142d0ccd
fd4f5120cd2b213d343f6d1d153f2dfd14421014bd02004eefd0dd3110fee625
4f464de2ed00dca42f2050c300d2fc0d3dc3dd312d401ef1d1c440ccdc112433
ffeb2eef5123fdd0345bb0c235dee00cdb1c1cdf031eaf40200da2c352df212e
11d3f03e0e22de50be2c0a3b013d51b0404cf0f5546e1deb05030322f5de11c5
fc0d43b161ecec3412ddefd3eaaf55f4e2cd230dff0ad35a294fe9f5fcbce12e
30f930f1f1fc212df2416643d0212202d4e3d34f1fe30fee534cd4e225005c20
d41215be414413bef0f36a34febceec3300010fc22bc5041f301c330cbcd2d4f
1323ff43ed03f1fcdc30cd434e0223f3cc0c4e040143140fb13cf3fdd1412cb0
d451c46ca3fc1e1d2dcff72dfb53f5f24310251fdc02d111141de41127403b0b
6ce23d13b405d31d2421deefdce2dd0f3ce236cceee4e1e0ff00e1320d1eeece
bc3e9c6ee2c10cc1e45d5fb9ed053f63dd112c6dadf2fd4b2fefce612efe3e43
c3f2d3cecef0e1dcd2320cef22221ebe21e3dfe3f01dcc12512dbe0ab12e4ef0
949daf13ec2220021f91ee410b0adfec10b1d04032df3c10421f4fcfec3ef0d1
e322c1250ff1eec293c03edf32dc3032f11dd1cff3331ddf04cfe00e03bd3d5c
124e4e4ed01112dcf1f425c0e1d1f06c23ddb1ff4322cf440b1ffd4fe3d1debe
30e3ec7030202f212c45244bffcbd4de1fe00e903ea30f2e1401dee23ee1df13
ce3cfd1f0efed30fde0dedebcd43dcdd45edda2323e23410f6c001d43d0c04c5
d4f4d3c31cf5f114fe12d0d34d22d240311e4050e233fcfc22e1cb33bdef021d
5f614fe5cbb62d00d133d12c21ef166c33f0ddcfd31d1ecdd3b2223ddddf4d3f
320bebceb10314d321cbf1c0113efc0ee2bc21fa1dd2f20f02cfe2e05d3151a3
d44304311ecfc33fc3f5b01c1f4acc4ec0ed114cee3ef12bc23bd3e222c32cd5
2cc3cccd0c0ae163c523e21f22cd11ed212300ee1d0de101c3f0fd5d1c5fd222
4d3241da2c0db41a3b01fca11040336f52050ff41700362ee5cb051ebc1fb3c0
be346fdb03c63f3c2bf0fe633ed1f105519e0f2fd3eecd7c2e2fcf3dcc50f2f2
02ff0ce300ec3e3eaf042153ec1212042efe41f2bdbd1a47f5ef1df3044232ed
c13263e2103e61fc0a03642d2d9e17eed2c3d0dd11dd334f7bde122b244f2034
ed0fde23a321010242e226ceef4c12d03e5fd5e12f32f41a1c2d04ee243e02ff
acdc33d4fdcc2300e42cf33c3f42edd3f6d1fd301dbfbd21031cc1555f2d0f13
54d054bbb41292eaf0f1a3e1de037d5220b71010d1fca32e1a0e9fcd2322dfc6
e2410f0ebf10033111e1eeddecfd2de452310ffe2eb03c32f131130c21af03fc
ce3f2fea02512fc241100c515ff0d61b5ecd31f1ded4dd332f7c45bcc3afe923
5403ce1e21e4bebf5e9134a4d6d53c4632f54cfe453fd4f5fdd3df21cc4de5fb
fb13123d0dcb01fde0030f2dff3fe21d4fe60ca312ce22bf13c41f4f0e2f322d
1dd21c221e321255f4fcf4adad6e4073b212dde4efbde212e1cb2021d40d33b1
b04f5e21b4f541fd222204b23432002c3d14e244044ec62033500170124f034e
1df3dff34dd403de2e33e154e204312b022fd4f1cf301dc5db3305e2550e3bee
dfdd5031f1cb6e332e156e7d4d0001f5efccf1b3fbd3521bdd220ccf061e45c1
fe0af1ddd1e4d00fdc93430db4ec1f3610a225edd0b0dcffeac430b3f3d11242
4e0304056da541efb110dcceddfd36fdd4ef5fb9e10a45161fc22335fec11ffd
a3c4fa41101dcef105220ec3ebf00cb4ffb13d233523321104510bfd0ee32de4
ffb1f1d2243f2341cf02ff103330c240e3dcd13e31efe0014fdf021e5200a33d
cdf133d021c6d232ff2f04f01dfcbcb1013d201d3d4f4dd2204fcd21104334cc
0b2113f15e2e3d44332fc16fd6df2c1efec22eb1d0dd6f2bf2fff14e34342341
13cf2f1340eaf32c3443ff52cdbc24121f5401bcf0a52d00202cd3e0e1ff03f2
0f3e0d3055f211e04e04044142e2cfa000b35011110fe03de230fadfcdcfe12f
a22f354d41fd22debf04102fe2310d1af9431ce40f1eb54352dcddefe1c211f7
12ec5fb2e1601100fb2c5e53314363e2e1f2c0b21f0dd70133df02dcc23fb1e4
6e2f525d17eff309b9531dc713f640550ce52144cdbe20e010f440cdcdd0de20
4d0edb130bf920020321cccc51cdda1bbecc1d611ff30ee6e4cec0f2e4eb2bde
cdab35e5131de2ffe5f7df46bc3c3f2e7e132edff1703e2ddcecbf2fd41d7025
c2efd4114401f2fffe340e3b4d0bef2df1bfd3c1c0171d0ece003245d31cccf1
6fa0d121b05c41fcf5fdd4fd022fbd615f56defd2e4e9dd1feb310e4df396430
134ce2caf574d542fceede11c31ec03f6c22c9bce51db6efcf1211e3eef00c36
e0f1fb405b163cd5d1cc1b151e3edc2fc201efd1d22d111ffcfdde0e43aee234
191b9f0ed0024fc46522f3bf3dfeeb1351fbbc2cbe47be13e2cbebfe2dba0f22
35fc114fe50511ef1bdcfe0f2f42c1531c233400d0033005ebbc56fd4bb3fd1d
2f5e301c22f41c2bb34dc3afb12320de012b32bd1efed1ce040e0116c3d40fde
db1f464e21edd9ff1f3ff02401b2c55ae3c3ffff3e6e6e0c119e5e2ed23fc12a
0d3e2b3e0ee65225fa0f9e5300a5c32fc24171dfffefa201c2c55eeec511c2f3
7b2100f02251df4ded001541eab11a5554e12101d131b213b34ee1d3da30330d
12f5ec2e3d5b00d13fd3e2332f31410d4af40c1100cece1310e401d022cd4215
dd5ee20e3236ef4bdcdebc252ddeff41f3c1f3b2c51d0d4e2ae3d420224522f6
d213ac316b54e53c30314f30ba030de70fff2c1f152dc04fc4eaede30ed02d2e
df3b4f22a1161ed3cdef31ec4553e4dabdc1eed10dcce5244d5ef0c50d5110dc
cc3330cfa314cf31ed44eb43e0f31cdfd1ea1e130bb01a2ed2300d0c2ab3bdf4
bf3e96405cfc126c2f00fe10f3c213d04d00ce5f157334cb2cfd2274f0401213
1e2d12f21cff202cd3ee36e13f0d10f12dce10331ed0fdedf2cd44b13510e60c
b3e71d4690dfe2d0dd305c3fe1311c320f3fc221dc5d3113ddd0e34e53e410bc
d0f351dd9ce211affb3d5c0e5ef531e1bf432051eaeddd155b23a52c5fe3ee00
ffec1fe3da10de4e310b3cfdf200cbf6221f144e50c4fe3d230d04ec51e2e5ef
d2de23d12d321f6fff0d40c1eb2c50275ebf0063f121b1322641f110fb114b44
123e1cccdd510152e32fe101f43dded54ee010222dc4e24e33f4e0455c2eda1d
b20e4f01cd2521ecfdd3321f3a0f133530e6103e141150ef9cdc12f3ce6c40fe
a35b2d05a3c0b19ee2f1de044c2fdffc2e0fedcf32adde1d4425d1d1e034c2b1
f4eb4dcfab22313d4b02ef404c5a5110fcb2de5f4f634d1210230cb55ff224e4
e561d21e55b2130a2f5d3debcef104b21ae321ff1203503db4e2fd52d032dd20
ad6d163fefd1f2abff6c42de551c0de40ddb2500db590f3d1e10c30c0d203bc7
c4ecee251e3c4e053d54ee1cce2effbcf56020f342143f133b1c2c1c5df30cbf
a40e42d22dff03b3cd105f546ecc5d3f3300ee30efe0bc103f4ffdb4ce6453f0
0d0130f23015245d4be2dc23f13c0320ffe14d33d0704dfd0b452fbdfbd30c21
d7dd22e4c40544215bbe1021ee6dacf10f042ffd00ef361d04ffc532f23faece
4dddcfc02cd0d305c4e1302f5ae514d4533fdf16b5042a1e53d02dbf2244cdd3
db236441c2f50f52011641feb1d20142f003ec0232a15dee1ed2e4d20404105b
c0b0f503ee451efdc4ccd34cef2f325eef0d302e435cced50cf72dc452d1c504
e6f0f3f31106fd445de0bee3e37cf022b7de42ed537ce52ff1eb1bebd291d4bc
0cefdf24c13d20cb01cce4cd3e51dccffb21d0421a000dc444f2f424fff0ed3e
1fd21e431cb1cd25fe0d415156ec0fc1031e003dcff23be3e0df5c29d5becf0d
fe25ddffaf2cf1ddf0ce2430c53f432d13de0bdb0efc0100363cc1253303d52e
decd301bd34bc16f10e34344cda4ffc54d0f5cb4b0dec22c2ffdc34d0f0145ee
40114b000d3120e0326bec20ab5ffbbf053c12f343efe1e341dcd4df00de1e72
e24e1031a2111f7f4bc0444deb21c120ec01fc3313abef122d54be524f02fb0e
100d1535d20f3debd01d4ff4ce1e346002230beed363bf0df40fc452ede3e2fd
dec5fbf1433cddf2dfd10e5d10efb1e20bc44324c1135fdc3413eeb55132103d
bdd6d151402c2490c0230fd1446003476c20250d2d51ddcfe2f5adb34a20e0e3
eddffe4fcde00e4bcf1d2e200d4de01adce313de0d3c0dd1ed4112fccc2b0fdd
c94c13234dfdcd13e41ee21c02e3ec212f3122107d250df4063954af10222103
d231d23210efc2c5f12f2dc5333b1212d20cd02dc13fc0f146fdedffef001233
e2e4cf54b21e3f0ad1fe13bec1bc115ce031dfb6c4e1bfd0f50cdf5e3423f0f2
3204400bb55c111d5f42dbce51255ecd1d2d2e2c3df4b5fe0b102f25ddef60d7
4ebe3552fbec111fe1d162efbad0ee0bf30edf41f221e1531231fc2ceeefed3d
d90310ae6b011216e3ffe2c02ecfe1e20feb31d2e40fe141f64dd0a0ff6fdc7f
6634ed41e1fc335d0deacb5e14d432d24fd212dece2fdfc444d3dd3030e3c2e0
efcefd15f3540f2d5b363ed420b04fc1d3320d2e5150e20a3c12dc4f031c1423
53d01ed56da6eccf30ee414ee4fa2ccef1de0f3f42b125fe216fb02ff061deef
e2304d03b5a12dffdd12062d463249fac500cfde4ede0b33f5ef0cde5e42ef04
de05234b24e42109e45f2ff4055dc31413dbd4e2e0021311d107dce32cbe0b0c
ebed0cff5d452003b163325de3dd42c6e0cd05c4f000d33001ef1ef1b1203ae5
44d23f61d53f0c0e1cff2e73a9e1015f2cc572f0ee32d70f5e05c60491013431
fe4f2417eb436b36be737f00d0313fce224e1d146da4d4cbdd23d120cccd4b03
bdc13e4413f2e1241c2e1d1fc03500f5febc022cebbd050c1ce3e1d01fc2fe13
bc10b1db500bdf4d4f04af1dccf3c1cb401e03ee1f4b21f21cb210e54530221e
e03acfadbad32c205304e455eebc01cfd3e024d2f4dd20312ddcb2c143f2dbd1
bfd2dfef0e1b0421bd13302c00355f3cfca3fbd000ff2dddcfdf02221f0cef0d
3fcfc0dd3fd21145c1f5eeb3e3f6c0143a2f312ed0c1be3dd1ce11c20354d0c0
f410af04fcdae7fd1c1e302431f5331d0f32ceebf0de9ff2041e14ecb752c0d1
f1402cc432413c44020220d232ec4ceeebbf23d531f3f4efec223f0204ccf32d
fbc1d22d30b030e410b4fb4113f03f12cf43f0224d50bfdf43dfd4bc2f720fc2
2cb125f0e4150aeed4cff3f1dc52dcce2b5fefe414ee4e1d2e41c3fedd51423d
00c4fe0343b440321df3112120d1fe41520ff411c3dd123defff16be10344deb
d4dfce4f3a33f1e531e11e2d44c3efd3bc4dd41e4ce2022cde6f022444e32321
12f1c5cc2f414e300043d2a2f1265fc02edbcc3c4ec44cf3b2fd6221ef12eecf
dfc2ff5dbfbef012d2454e411312a2fd42f3e1dad91ec40032fe3023e2ffc34c
32fe4e05cd7535df0b1c1de01f4d22d320ae9e05f42e1e1c40d4f124f20c04d3
db2ecc4fd220be12ef0e111d3f2ceed4c2425140ef0e04e15ff0320f7e1024f0
e504b3532e534c0ef4d2dc2f41e04f3355c02332d5d231ecb234eca2b43511f3
4cfe42043b2ff9bce0b12a01e103e1e014501bba01c2ecf1def2951ca040d36d
e22feacbe24cb2063c1c179e33ce1f4a2ef43210f0e0e4b3d341323e1e3b4037
cac16f5ff1f053f2df3d20e341243ef213cb0a341fcffe7c3fc2afcc51ec2f4b
3300ff2e23c4df5b010f2c0d0d4c1d34ffceffacfcdf1de231f03a52d313e104
00e25b31fcc3ddeb24350d130f5bd323f5eb5c0100c024ae11effafccb410f33
f162b033fe434ee2d4cc2c2d4530d50ce20d4ed52601e3ef4fef1d424edef31c
1053b1d4de2f2cde14435b13fdefce43e203c1fdf2433fdd334004b16d4ff1c0
10dfecdfff41cfd3fc03e12da5572e0c01101cc4593f572d24c47015aea42042
2edddb4d33edd1c32d5ef51d32fcec00f0642ee7110e2f41d0febfcff10c30de
010f113bfb73153f1e5d0d13f04f5e422bfb4bd3d310f33f20f33133dbfd4b32
f1f2b24224addccc02432033d0d1bff021f25edf13d2f142defe041ccf41d223
e21d12ecf4e1deef4d361ee1fdad9d0d4e14520a9c00fdc01e0f32fc00412d3d
dd4ecef2db33cfdc000323cf10c04130ce5d5250fcc02de5013fc1f1c4131163
d4f0a43dff2bbd4d0e15f6cc1032e1022005d0314bf5d0d0203f5b6fb0e02dc0
c321ec0ce554cd2432df43dc0d124df3edb2ffcde1be73d21dfdfe02e530dd34
13f2e0c0d05d0d3d1d60fdde5f4cec5e114ec4d0ec4196b0bc30f45f15d4ff9c
bcce3133e4453d1d201c34d0ededbced6b03a232fe4e04c0fe4d141d0e404030
cff24a3442302353c3defe2fdfecc01d0ef253f24d244b2f1cbd01fbb22ed112
02201ccd4332f22c4232ecd3ff2fb1d5ff755d163d1bca50ef00dce102cd4df4
f3e3cddee3cfeefe011f0f40ee4144bf04535ddbfcfedc33fbd330e52300df32
2e30d1dcccc14272430bf3415d02e131e4cd0cedc34e4df20550d140cecf122c
3f12d423ecf025e43c12ff4fd30412d5513ff4c6c540cc0d401f3d1db2cd0cf0
6c034244cfcd4cdf10c41e2f1e4f3ff136ff2d0fc111111dcd31c3233c31f24d
d503cea30efcd2e5d4be0fee24c315fc02ed11cdcd02303d625ed2e4ceeb31d1
32f1d124b3f2ff3d24c0f6bd00d25df111de221ef5ddb1122ec3c30f2fb30d64
d3df4d4e06eb4be2beff032345cd01d3e40ffd00fd32f7f22ead35412e210201
1410024440293c463934cfafc24f6021d4ec10d10a17153f91121c021cf31dd3
b20fc11470423ffc322f10c33130ed10eb3bb44cf541432b3dccb34c211ee1e3
1f03531bc334d3613a30f4cecec2ff2db24bec1dbef463fd3f10df2d1105534b
f030135eb450cddcf3e10bfdeeb5df40ce205fde01cee9ced32dbbb4403e35c0
00411ddf0f00d30e2f3e0063c3e0150103560ffb13dd3ed13b2dfcfdfdf120d5
5901fb2cd4baf2229fee2101cee23ec2b7c01fabd115e6e23bdefd2c41601b04
20217cb2e214f125def45cf23bb0f531112d1f49549c0f4c6dcded3c2053de44
bc2d1253223ded24eb6f3bd10eec2320f0cae4e0011f426e022012b32c6f03d2
4b405ef2c0300afc04b3b2f4eef2d93445e163faf1240edf1a2c9604c44e012e
e122303bc4b6d2d3f1fe155122d03504fe0102b4200e34b1df30f21441bff10d
f312ed00fd1df0fe041eff0de533451ed434e3fc0cd3a5f244cc1cfcfc2110dc
bfdd3304cc50632fe1f34541bd5250e1be13e1366d1db4fe5fd1ef3c3fb33f21
d11c013ebb3d0325fef5242c21c0126f1ce11dbdf3c1ddefd05222e2ae0f3c52
c3e0c2064efbc1c1effdf7e300630f2fe91fd4003d10414f2f54ee0e10c1fe1f
e5ee042dde1eed1cf06ffc040c54fb22c414164cf3300d12cdaffeaf135dfde1
b53e3dd11b2cefdec4eee3e40f209ef223f0b535ff42e2d2ddbe52201cdf2ed4
434fd3fe434011de30cda0c4c31fcf2fe2ef112c13e6cd2001e1210f52df3004
abff31f102c331c413146f01dbbfffb2bee06e2304e1d53df30d020d13bd2340
1440bc404c030de013bdf2cf360d1e522df34c4231220f3c01d3f40dc33fedef
c101e3c5b25c4df4fefcf03dcdd4adf1613e1f4031123ca241eeb1d41f2ebed1
edcf44f444434cd7c3235c60d112efce2ddc2e1c5ccdf0e42dc442bc6ebec001
22ce0eff4c34d4203d17ed0e64fd4bf2113be4ecefec11333b0f2deee3e121bd
0132d00d30f51ede2f2551c04e4dce922bb63fd2bf331c6320b11bc3bc33d412
fdb301dbbabf3d0b041e5110b0d2eb3021fec1d10233e2c04262f1ebf3a1f35e
3e0b423dd1e2f21cd154ff114c15eb21e1adf1012a130f231102e21fdced002d
31225d0fd0fcbfcdf2f4f4c451b200c3cf4dfeebd3ee2cd62311b56f1f110fd5
549934f2b10dd4e3209200d131b1b54eef624dd1042d0715f03ec35fbf4b7b16
b410c4ac2e1c5c253f02f5c02310fd34eb61e51c1013dcee23ff505d2e732bee
fb53e470ec2de2e1011307211eb04206f4e9641ec5d1f14249143dd30422f1de
cececf4323f24e3cdfc32ae0eefdfda0b5b13bbb6dde2172dd0ff1c1b62f0c13
e7fddd3903210312201d9310b24de041e04ced051245542222f3305f43cb5de2
ad0fa3d31b2be013d1ecdf4daff114522315e7f21fd2331e0f730b0dc00fd0b5
03dd4f13ec345ff0e43f2ee1020310e10fa17e04f1ae402e10ad341fee10c2f1
035c6d0cfe1d1b32dedf1c12ee2413f52ec23d100f2f200e5e10204420cd2e3c
d100b0c0d2403e12110912ec1e2c1eb44cd6c4e7af63bb3e22142dc3bf1ec7c4
f111bd243dfded103160cf7dd0d4330ee3011f0debc54d2d41df520542353f4c
33e2ef33eabfdb222cd007421514242e3ecf75f111fcafae20d50f0c5dc13b23
1f32cc6e1c52f244b0374700ef40cdc1fe0b212b10b0e6c314e3f0b224e12c51
4d031d0b73d3c322cf20d21294714f9cdef4cfd4e0dec0cb1cf3e4436ff3f0d0
0fbef4ee0f34232ecec2f23c2dbf4d1e301f0cd05c022eff54e41f1c0c0030d2
2f1f1dfa12de6cb1f3f4e2cb2073cd4feb4dd3d6fbe4e2f9370bf03eaf540dba
d50ff2b230ffeeced50a255de7e211df03165ae1e521a0ab03024e0140bcec4c
012105cce33ccee51ebce0ba0e0e016221dec5ef000c1330d1de3bf400ca3ad4
0e1f250fefed6e1deee5504b003fb431f03d11e3fe0ded2d00f334bee23c43cb
f51dfd0b3db1fb1c561bd22065eeff1fce11433f05f1a44d4e02d5d0233def33
cbe30fbc1ad35beddefc3043e2642bcbdfd51a0ed2126fdb1f34efbdade0bef4
fe03eaf0122fd22c1edbef2fc3dd25e10d5e55013bf23afee433233fb14931c1
75ff4c01f252f13002b4060d22ef3cdf26a1fd0306310e033fc1ea434f035011
eff41c2c0c4142ef214bcc1efdbf3cf41ee44313f330fffdd303d21c3410d353
e15defd610d20c13ebfde4dd5ed255c4e3bed2ddf54221f0cdf3d24efcd1dd30
d4120dd2427ce2ec3bf91f02be7ed31fde1ed236ddd45cb09e22dc4c7ae1c4fb
ffe231ebfe2b0e41f113cb3efe541c3ee11dc0c31501205f020dd302ec400000
5f30eecb2f0bc010332d4dcc0243c1d515de432afa41452cdcb143d01d3d2120
e6f041c029d3b1dc22243ceff10fc3c1006e3ff52d41e5bf252e5b422ee2fd0d
bd4e2e0adc135def463ed03df64ec3ce00164d140aff1ffe0e24431dfcecb3f1
2ded334dfc4b1c40ec11cdc2cef1dac1a0dfdf9004de2761b2134bdd02e24e14
2e9f03fadd030d33de11f7dd23b2dfebf041f2f5dcdef13be3ce10ee54aec0ee
d051f1bc41d4e25d2d43130f2db22f524e4db20010d47e111ea03294f297444e
e0a43e6ed23f41f13ce0c12f3f3cef620093fc20c34fe4e4fce44b10e1abddd1
def1e1e15fbe1d62444d355e40111fe2c001c20d5e5c14311f14edf0cf2c3fbf
32fdefcd331a3f40fffc153f0d3ff2df0e004d1bd2ddb11effb3ddc3315e3b0f
2e1096dd40bfecff3743c030ddbcdc2164062e6d1b3ddc7de1331f9ebcac100e
c3dce1d30c33e1efff2c4d1fd4e53fe002f14fbffd2e92342c300013cc1c4cc6
03023fcdeae22af4535c0eb403010d001c01ef2310c361e004e340e21de11fe2
405e4ed4f3a2f25ae1f30f03fdddd4c433304f04d440f16e0c02fccf21012220
fcbf233df30e5101ce31011f2c5e2eedaa1a20b100d6ee12dd4d34fd5201ffce
1d43f231d40c3ccf33d30d311103a4d00f67000b412e0acefcbcf6cbc44c4403
1c01f03d3cffc21e0b1c5144f315d3e3c212b1e3ef51d00ed200eedb1430ceb1
ea1e563123110340b3cf461d014d4b050e1bb1d22144c5e0ccfff43ed11433e1
fcd04e3d20f4142c20ed45c4455ed04eef02dbd5013dab0f1444e3cf04e0efc3
43d1e03314ee10f10c3e22500c502ddf9e124d90e3bedfb2e0b743221dc31133
fed3f05445dcee1c04ccdc4dc11efc1f43e1d1131102eb3e0f0e12edc3c022f2
05d013cb01512442f0cee2e25f0d25cc16d0f2d41ddfbeb52f2109c31312febf
f43f032d13dde03f0ee9b40e30b33f1df2b5f5bce5ee0cb11e555d27d2ed0d2e
30c04e24bd3d2d23c21ee1132d4d0cd3bffbd2cee2e400e11dc0c71e224040df
3e0b2ed4f6a2011bde1ff4de59e25db1032654f4303022d5e32e26eebfb014b6
4fed41f0d5b225501f3d246123fd514e412ec23dc1dfcc6d063bf61f3e1c0f2d
062210f1554e23155f3f24ddc1a00c42205302d1233fe211145d4d0f50ce12ce
19fefce431d50fcfc33d0a37014f0c4111445d4a01ba2d2df324efaf2dedcf6e
f30db7eb46a19515f0f3250dcc4106fb1fe102ff054014fe0d005023ffc343d4
d1c34112fa4afd05301a05ee45b5fe6d15eaac4d0410f12c01103bf0dc2cd2da
4d103024bb14cd0301d11d617dcdad34dff2fe5ebeefdaa3f30129fe1e03d5de
42f03c62fc2c1dddc41d10efddc400df414f123e03c3e10bf2d61436ed02d961
a4be4120ead1dbd42de20f93dd0c1deceb4d0bd153dfe043f1504cf4c2c41131
952142dc241eefc11c154cc1c551bec30249c314f93f441ddafd147f44f144ef
abcf41ed12dee02444173ac31dcd45b0cd0e5020d01131d05e5dc052d3ff2ff0
c10ffb2ef31610f0212dfcff42e2e4fd4dfe00431c1c1bbedad2e5a4b5c4dfed
f3f5321edfaf220d13de21fca1c204c7a133011c041c00f4ef311d4bcff3cedd
f554af4c3e5e3e0bdd2df5d13000ee110c5ee541dcd0fc19e3d1012423b74e2d
30edf310d102ea514b1f3452ff3f1f05eef0320effe2fb2bf0ec11ebc5d39ff0
3d00323ff241e1eeee3043ef4eb4f1fa04dfe12011eeddfc04fff1d2ff0d0c3f
eff5f16a3ff6221041b0421dc0ff06c001b434e2f2f13222ed42bfb20d4e2a04
ef1da4311dee41d31c332023dc042e0c3c1f1de2252b3404cf203023052a00ce
1f0fedf304bed45e01dde124e04f2f431d20f331fc331ce1fff03e04e3000e0f
c2dbff004cfcece253b010edf4cc5d13e5aeff0f0e9bcdb4ad32e5bcef0aeec3
12ee5f400c5d347b47eb220c3ebd3513f1cdd56dccde0e11a3d250c3122de242
3ae19fb30c1d32040400fdb42ef212e1d42fffcd1c4ba0d3f0f1f01d41b3c3ee
0eeef1f11402b31110013f11dfdc4f45a334e4ed0ec4b2141303223e4ab41f11
920e0c215e3c251e0f09f3c5540d27401a9127ec5ed11c10e5fd224f912425c0
4e1ffdb13034111fcdefd32301011decc51fc22030e40be3b33f606d2effe1e4
fe10f1ef0117e05c3fdd0010bde333cee2fdf3ed03c0e0f4e00322f2cf4ef203
1c20dccc30af4d1154be3e35f330c5f0df0bfe002e32d3df1cc21edce04ef361
40e1fd4f020d0d6100205f21243441312e1ac0332f0c20515e2ff33c35d2f4d0
1212d1b202d0dfff3df6f24d33333cbc4d050132f1233cb111431e140512c24b
1f2e2de4d3e4a71b405601c3011d20e013222021fdf1ee371f240d5011b0da00
eefc416dfc006b410e10c0ff51d2450bc3d2fc3e10fb3df5453cc210015cb5c2
20ecf45cfcc3f731076c322342c1f234e0cbfe52deb0ecfff20ec1df3b1e3115
040f7c4e1e14c1f111fef4bd1e1d2ec4f2bfc10e23c23ff5c1100012200fd43e
01140e22ff0e320f03fd5fe10c5f02e52eec231ef1c23f33f31e0d043012fe00
cde4b00141b1513e5d1130f02d51c230ca3cdc622c22ff2ce335efefbde20edc
4b2421eed05b4ecc0b30fc1bef133fb1e501f1d0fe0e2303c32f46f220eb10ce
db4361e1bede1c1de50eae03ffefff70ef2f4bb5d012ef3c30042df0e173e172
2dd4df00dfaef205b0ee204e0d0032fd344202dd3f01a11d23fc620d2fb4ddfd
fc32e3a4f3cc3104dae3de132540fcdd1662fe3e1e4e31170dbf30114302cf40
02ecdde33ec53f3eeb10d0d441c4026c00e203eef2d0df0f20e22f0ff3d1e33d
eed0de0e2b13c0ef07115f23eabe314e11e4f0fe1cddbdd44cae5ded01414cd1
ef0d1200dbf110410c4b13eef4df4cbe2334f0da40e14c33e22e4e116124ed52
11d20242f2b3f1e3d4424d20220d6d3f1b33ec41d1e3df4b31bfcfededdd023e
fcfdc01532f1d3c343d2432444df35503df03c43fc0cf4e100c031efde5e20f5
d3e21314e115d42003edd0200f023fd12df201dceefd1d21e30d12e2fe10434e
10343b42dfd15e044cc1dd21a4d0d4d202e1edc10d31041feb3000c110f51e22
6200f3c02e5cab03f054d30205510fa103033cb12c2c1e23d21d4f324ebddd5d
c2132b3721ac3f3e4024e0147c024dfe42fc1fe26ffffe604fd231ec324d422b
3dd4beadd4cf0a04fc0f0200e1413cdd35f45144fc2f63b4ff11213dd3e4eecd
13f0d31121ed1d32ced4dd0efa0ff35c0f0f1242121eb0f013f1402331f43c52
d3131ec0e12fd2d023c1ec23fee1172330ee310c1611425121ff20d1444cc331
120f233d390c2e23ec24212d12dcf0a1ed221a0c230aac0c010bf3e049e23b4f
ecedf513f332113401101355ede1440212eb1fed1f22cee273ccdf4dee1231cd
60dbde7d0f04e142df16274ce4f12414ef1c03117de2041252e3ccbb003412ff
bfce3d3105de41dee1512ef3c3206220fa2023cc2ef379dd3f321be32e193fac
f232e52e1bc015ef2d23e2f54f4de232f413d0a1ef0c11dd4efbdf5f2c21d235
42010fcedfa4115dd50413130c5e2f6dd234c2e3ed22d21033d00cffd0000ddf
e933ed0e4f11f5d01cb4e203d3d0d26bef0c2e1f334e6f4fffbef0f2f6020ef0
defe015112531fe5aa4f31112120cc12fe1ff01f0141dd30e23def4351c5e12d
403141401f4ee2ca42e1f1ee024201ef1012d223f431dd133100d10d1be5e1f0
fc0e40cc20230e0f1b0c10f2bdc00fddaec00f3013defbeff13b24c0330ccb21
ea011be2015f23e200cf114b00f1fe15f3c12037309d6ffdc7f092fdd25cf320
d2b4f4edc4ee92030d5540ec2cd16cd3c01e21dedf25d3acf2f2e40f03b4fcfc
25952c2bf5e230cf162fe3c06e10122c0ec31106f4e0fcc530703ef20eb40f4f
54e443e22d20dc27ff33b222eefff020d104210eff1fec333d1e53ef30d4cce3
c4211d40f5fec32c43e4ffcf5e202f50230d2ec5f3d45f2d104fdb16f103c133
1114d0e24a6d3dec3b121e104cadd23df4e30bed13f04f33de1ef03eb045b1f2
efccc54003000001454f1274e0ef2ee350c341eff01bcf2c2d21e011010645ce
2bec252021f3f40410215d113014fffe20dddfd0eb2de531fc0f2f1e0d0d3e43
d21f341504c201cfd1d112dfd41f34e2fd0ff1213ef43eec22f14f2fb0103442
d00c4f2d2b04103e0bd11e41e435ede473e0230d142efeeeee2fdfb113001e02
d029d0121d3b0b42453f53dcdc04fffe4a6bcd12a43c1d2020ad0fd012fbe30e
221ed43b41fee0b0519ff12065f1ee1131fcfd6445dd6d1e32dfb4fbd45f002e
2e0c403c0ca5d32e112e33434211ce051d21e20041ded54020d13de2220ef0c4
e313e5100150a3f4e5507f0afc3be3973fe4f1d4040e324a40efe1f0fffb264d
2d02f33cef10440ff5f25bcf510c011323edd2e1dcfd0d23d02d2d23a0f1522b
df3eb1a1202ae0f41f0fffdfe094df93e1fa0c1deacc1b3fcd4c440f1f4f24c2
9302eecee2fd4200fbdb20c05f30cd0cfc20d43d31f0ef030140e03e3f2252d2
46fbc3f2f250b3ceef5210fe6b2c1e5f0f2310004fe40fb2d31ebb20c5d0c16d
231b5bcedb7fccae1e31e20904bd1023062f1bdf210c32c69cee14f1440fdfe3
2bfb3f1f0d0f2be2222e321c02aeeb96123d1ef1c52f22fbc251c4d3e32cece1
f33d220ddde4e0113d1dc31dc4cddd03fe23fc00f5f3364b0dc3304bde4ffce0
401ffee3f2f5d634f240310f4d30ed1fcf31df410351333ff51ecc110efcc9cf
0e2dbd1032ec43e400a3cb10e0f0145fee2ceeced1fff14f3f1ea4cffb4015ef
de2612d003e240eb123d401130e3afbbf114fd4105f013e5f3012273dc03e231
eeedafe32f0de1bfe0b0cd3f20cc35f6431223d0e01ff04ffedf1342d1201d2f
3e0cff00e13af3c0ab2f331050cd7091f0220f41671edf14070ee5144fcfb33e
10fe1eece102b013d53e42f02e20dfb315fed1c431f30042c36e311540da3110
2c143174e44062deef2e0214e5f0af0f310f311c3f12def2dd35fde3f021e1ee
052f3dce3443d4ecefe2e10ece3ebcfc233ff023152f2506d4dfdf43d1d1b13f
411cd7c14e5122045fe4005d0c2111fd360dea0e063f360b303d1b30110130ef
512d33af1d02fb23fff2331ef5eefedc2f12db10e13a3d2f321951233df4ad02
002244e23f3343c13b03c4fd4d2f1c4f33d2f224ee3e6f0c51ffdefe140bc3a0
fd190d1131bfdcffc3dc2f3e11216e402114111220bfbc39f21c42fe223f4011
16eed2f0333df4039003df4a4021ef0ee0c33303e303ebc1c23f44ef43d4d4e0
fdcee30f733202f01edf12d35e2e005c12f102121af3e1f212c3fbdd120b100e
c04dee42fc4c3210e30c11e2c124d11213fcfc1433eab214b103d203430d2621
2e34ee41e3b001fd0fc1c3ffb3d231301b1024111ee532144cb51e00d210131f
101dce0f2273222b23e1231fdbfd1325bb02e332f6dfb10eedf0ff749e61332f
d4ee0dbc231b1d0f4ddedd01d4b1c3112b29de13ee1d3edf2ff3cffcf14314ee
22f0d3dc5e602234f2dded294dc11e04d10adee321f011e2ddd0231d1db0363f
0e251ef343e0f632de1fee16e20d2f42b6352111c632d31c9e1512e112b31e40
c3000214f0e2c11c413fcfe5ea7c0610df1fd3f1bb1295d20db21d5fcc19ccbe
2e1101d0110bc2a63a23d0100b30e306312e3fd402411f2a3da0b1213feff100
4c2c4340203edc0e2d0331b0fbd102413d100601eff29a21ed01d0c701f423c3
2c01f20d2333b44b33342f2334404dfc22204003ec2024d5cf0f0033f3274131
0d02eec11f4dfcf3210dfdef0f1d23ad152dfc411e19df14e30047f2fc2be32f
c36c00240ebfd02e222ff3c004efc40cf0ed1012fd4d14f353e3de3c2e245d34
bbf0df6200d67e2e73902db41b012d5f4cd573ed1de533d11c02deb2e7014a32
01f40dc2d0d1e106c610c1f0d00cbfcb105f3ce03d3200e35bb21bb12105110e
b3cecc2311002afb313d0f0f5c01cf1cdaffe21e001efc3ffdeff13fddea43ff
52edeed3df3e255336450011f6240ce521fbfdd53f24f12c20dd3f0113356630
33212cfed0add4b420d0f0cd305de33df21cfec25ef1d453e34c1e2022c5d052
11121c3fdf2eeceaf3001014cf20d2e035e0e522ed13126ae5031de00d0d2ce9
f2c20e1dd255c60f1f01c23e01022d3e06d001f12de3e0d0fb023104e63d0341
ef110cf1d20001311f221fe0c210f125ddffbbee3ffeea5bee0d2b014c1cd3fe
3b4bf2afd12040b16a0e9021b013efeb3149d9f2ec4c46dcfc02e212fd109b21
dc01120e2ee2bf132e20322251ddf1cf0ce1f24e130ac21dd2ee342d0e132f33
141032c310fceb30d5012f3145bfbe1b14df10eb9de36194d24e400fdef11fd0
b32a311e103b0232104101d4f1a3f241fcdf132cce31dc11bce153211c03b230
210f17b55200b62cf511bf12fefbb43d40e14e32152cf310304033e1011e6de0
1ef5f012e0120f5e11a2f21e1c57bf1f1c1df311111420541eeece0520003110
ee2110532cebd70bceef0db3a1c021d511f030ded34ef00b5102a22f00f1d5f1
10e24f1fd24f2d4b12fde2d0f0c1e2142c20c00e04df20f3f1c334de30ffa14e
1ddacf0210c42e2e0022dfd4dff2240e120bfe1413312f00322edf2bcaddf00e
e30dffb40301fe20ef02fe02de031e0f026e2f3c0010c0436ecfd0cfdda263df
e505e03ee100d4344fffe0f1ed0015f5212e10f14d333f0121121c1d3ffac0d3
1e12dddf03d371ed5fd5cfef4ff5036f0feb0f2bd4041ffc1211cd3422f1f35d
4ffbdeeff3505e11e3e2300d0fc0ef2a160f554dedfe2d05dff2eeb0143f305f
3c0c2391f04db4f4c233e3dfb5004cc1b1f32f0f5213cef5ec2fe2f202a1d4b0
3e1c1a4cd061f031e0df01f12dea13c520c320e303ffd2fa913630dffd03c20e
ee1acd5d104f33f112f020e1a2f24f4041eb43e20d1d5214eb12c1ce2eb9efd2
be1923f94c4a0fc24d0d31e235ced3bee30424320ffc42cfdaef20f2fe001610
e50f30dc0263ef212f712412de502b043e5222ea214e110f0ea011fe64b1b311
41142f4fc450c0b10b40330b3bd412a644ddfaeffdf141cde1c2922f45fdaf0f
1d15e4d132c234311f23d1021f1df61df5100d7209f0df0ff21712dfd0f22021
3040dc4dd312240e2f1fe0fff112e34cd6022e32ff32fe11e0e3ecc1f0eec133
d4104ce034c47d31f5212003c95df323d922eccfbf12d029de3022130bfa3ffe
f2113d21c2dc3e1243dde141d403e02113f3ed12e3fd12b0e02430cddcd20d5b
d6d23ddc02225f1c102e100c53222121c1ffe2f0d01e3afd3ffd10dcf12d3303
1d22d1f42d4aded0e1def1411cad40b3ed20ef10430ce01f1130534f2e5eff23
3d1311afb0ad1edfc0e402eebc6f0d0e0f6eee1d1330f05c344ff12f3ef3e40e
1ffbecd0d3c4344fef31df0c5236ffb5550c051efd356f402f402d0d0ed0ec04
62bc11ff0b4dd0c3ef0ef1d5cfddfe94eee33a0e0dc4ea12511e023ff30bee22
3ec3663b32ecde5d053d3bc51e37decbd0f41d1220c3fe20e2ef503efbc53cd0
d0ed46c3c4cdde4cdc3042e1bedb1451ee34222033f4de20f0db3022f4202e43
c400ee2cece33eed123e411d5224340f6e01c2f1df1221c2f2430010fedc3424
3adc0d21f3fe52fd2ee0efed1f0e09dc0111efdca2f95130bfe22ecd3dde000a
323d43b02df3102d113f26bf3014fb30ff61afda3ff231232e0dcdfee932e12f
3d0d0ef0e011ffdbeaf2a041d6c3de3afbff0f232e0d1e1e1fcd04dbe410ebfc
3b0afde5125242eddeccf3de0d53fe421e4fc102dd5ce4e34e11c03f34a1bd31
e350c231e3d2164ee20bf30e0a425d20fe1ff3ee1f3b0f07f1e210021b6f3d20
31d3150fe31f01bc41a2df223b1b04f31c1f2f422c3f44fb2ffdf1ff3fee0e3c
cf202f0abe024f4ee2eed0e0f2012c0feefd1d1f40303deed6e2fc2ff12154ef
fb4fc30f0be00ed1fe123db04f4321371221310e3f6661e3f135eee3ee24003f
b2e0553efc320f433eaf01fe3bd11fa0322d1d2c0d04d16dfc4fcb3e2f0fcca3
4ee4023f0e4bba20ff5fe36434c3dd0e3dc0ae22f4e4bd0a4020f033ecd3c0c1
ed512eec32b2e1f651f0c050e1c5e00e2d513e33ee4601ec1f1ed35e23ef2cef
d6190bcfeff0237213c10de0d5f32d225117d5133dff93c314ee21b21b012fd2
62ff51edd4f1503ff23b60d12adfdb00ecfe40fb00301302f3cf120c4e305fee
60fcec3d2523511455ef51be41e3d110bf3d12d24f23ec0612206004fdce0e24
c25e40e1d110f1f1311cff1c3d023b230c21e612641efe25501f30d5f20f24d0
41fdcc2d3fb3c220dbc3e2c12de3b20eff2c0e0efcc3ddff0c1fe2e5e2f1e1c1
d3c5febf1fdbc1efdfd2cc34e2e9b2eb3ece1e3130c1bc103e0a3e0d40d03cb2
a110db1cfcf4dd42e3e4fe10451fe3ef1cd210372254dfd2ff2bb2bbed01162f
00ffdc042d1cd2001df3351a23edf1613f1e3d0f0102e2fd10d1a05a03ffd40a
e3d5410debbcdb40ee41f13f22cff45e1405f41600f2d15b225e211c549bc4e0
4b2e3e2fe0c220cdcf11d1d2ed542cfd1f3dc1d203f0ff4b1c0ee1311d3c2e32
c211df1fd5b6355225cef65cc0e63d0bdc25ee22fe3ce4040f23a3f5f02fcd0d
f1c2efbe02ccc209bf2054d5e0f00c3cce0e1004d191efcc50c30c31c13f343f
326b3f04e211004e4dcff00d0e3f430d42fcfd0c3e0fd3c24ee3b3fcd105c32d
625afd5fc322145443bdc0eb00330eeefac030d43f25354f2f3ef0f3fe00ff2f
fedb210ede234cb101ce03d2f3f0edbb6eefed0eef0b41022fc0d0c0021d5f3b
1f1210cfed5f30b020f1e0c112ff21dffe3c03e21010edd0fd4c34ffcc50db02
e1920b1f2fea3cdfdee05f1de2e9031ef4d213f0eaacc01fcf0e2234d6bfc151
f0efa04f0fcfd4c22fd1053de0fe200e3b1113fd44a0a2432c11afe0c2f1026c
42ce1e12645c203f0e12cbcd142b62fd73e5a504120bce494fc242ee109df262
2c064404fb01fac30032d431e3e526ca00ecc40ef40c3144de41fe2ffba0d660
aef35c022e40c222d50d14ef2fe50dfc01b21b7b34d3e541eff3f1702e30ee4d
72fae1fd230cdfdcfdb32323eda2aebebed351ff1cfe3eff342cd0d042defc32
42ca53e5e99fe13322eff3d2fe152dfc50bf050332c124411f4bd202ddf2005e
70e2d666d46233513f1f2b01d90fe121f4cb3fff6f13d14d4b0c342360dfaee3
5dc4e254e501f0edf05e2fc14f326a603731a3b1ddebcfe20d363233fcfe50a1
fefb41df21b2eb0edffe2d0c10edd3203dc30b2e0d22f21d0ff3c0eee70e2f4f
f152413bcf2f45321d21252e612440ce4f241fe2ee6fd00de121c4315ee0401e
c14efeede0efdf1f2ee0b210143032311e514d2020d2de5cfee2d14b63ddfcdd
50b340cfcdc2fdd1103dd3f14fc0c23cef2ed11e512cfe0fc101de0cd10e277d
b415d2eac1e1dd50efffddb21221f527ae11101be03ee1fd0e5f3ed2b220e3ff
6fcfec13d361fcbc10ce42f12e13d11bf4f2fd21efcf30dddfdfd440e31e223c
0ffc09f0616f52f34030329eff0c61cfdd1fefee464df2fab7a3f9f44e36f1b2
5014fe2f4dc2512042f152024f1ad00e4ff1d3fd2eb123ef325cbe4c2fa23332
12fff3e05f1022d4b0214110ed1bbeb223a5fd1fdf0a21f03c15622620ef24d5
5febcd212e1c331d12d1ede2f5020fe21fc42b1413e14b21d1c113df44bef22e
17ff02025cb143ed33f1f51374e4feb23f232d062400df2310c312d2cf402fb0
c0143fde23b5f12fe4fd043ed32f03209f2a061f3e161010b3f53fb01f1433b3
515ee310c0e1f462305fe04d11f10db4d3eb14eadf4ce453fdf15c22dc43d023
fd514df4cfeee1fb0005f1ed1022efcf21f23cef204f216f424422241f40dc01
d3f4c13d5fb0d7df3342fe0e233f21f02441543fdf02d1cfef5114c22f4c35ec
f104d0d3323dae03dff22b57c1501f1ec4f944f5b4eec9dee2f3fff6dcd15be0
0f2bfc02cd061b2cecffcbdcd15dc342002bed1b1f1040d07f5eaef113d42d0c
054cdbe10751dbf53e2e33f0193bfec004ec01efecf1320bb4fc50c2e0556fe2
ff4d0ef3b40404e202fff40ff1fc2d24bcd472d2df2420f335fdefe3f015dee4
132cd130b5062460f5292ef12dccec9efece042b24c4d2022be11e22fee0d345
d2dbdd1ef2d00f4dce0db3211f1d20023d23bf1a3ec0c2d42e1efe011e20ec53
df24510101c2d2122edb0024a054ccaf13da15202ee13c40f1ddedf125bf2b41
4de5f12e4e22f2cde0203ed23e3c2f2df24dfe0e40c0bff3ddb3efc2cc42d420
21342c2214dd2360312d19dc2c0d52921120ef210145a5ff04e56cf12011e34e
fbcd32afce4a2129d20c34f425d0d24105f0d11321e4bacd0c30dffe14be302e
5f029cefceefe04c2a11fda40221cc34ef0b2c003fd23ab1202f2ec0c1f4aca4
4d343100c532e1cdf24fe20c0b3ef0d3e03b22d0e55163eed033a5df24d22f40
5f111c2decc1d12f23dee1de05e2413d0c7d0d313021b2fb1fef131f32c2e4f0
5c33512d4f4d10030fc293b4ce35d040e2d010ffc0123decc24c20a00f2fc100
b4351fc20036f22c253e1001441423ddbc01e34d3c2202d1e2de1eeedc3e6615
2ee422f3a53cf1f4d1d1ffddfdefa3d10fbb3f3a420f13142ce14d0d2321cffc
0eee0f0641c93fdc210c1f40eecdef2de12eee3e4fc1c430f2d2fe427f6fd71c
e110dcf216d104e54e3c30b3410d124f1fd1fdf30eecfd25e30edee1ec306011
fcf3ff030d5dc4f12f40e20f4133e231fef423dee00efc40de234f40fb4e3016
ff01d12d7c33b0e50031005e10d1034e01de12154c04d1b2d3341d4edfdf03bd
2ef4e5bac0301d422f11a03dbdd1e022cbe2213de0bd1d0214433313de20ddf2
bde2300f110f1ceae9b3f20440cd201cd1160cffc04cf2ce20fc0d0411b9f00f
13fae3d1b541010ef21c64034ddf21d3d4ef0d442e5cc41b212cf213d1d2dd30
3d3ffb3523ee132b3d1331edc221ebb1441e1f101ebdfc43b1d40cd52222321f
2ed4e1ee4f320c2dee2bf0e51ebbefbfd4022d1112e14fceae2e3ce0f3b3ffd5
2ecd2c0eff41045e7d0f3e9def020032733e43d31c20e02b400f0425336cddc3
2af2be1e4cd31de0350e460ec404211caae032dd51ce20f30d21fcc34b6fe2ee
eb2324fee255df25f020d04e1e5430d00fe0f1d63231c1e31fc5c4eac4fefe0e
20111ccf1f21ef2e343f2f3304003eb4ff331c344123ebf290245fe60e0f2e97
126dc2cf3234efe4ece3ee13f34f02510fd2f62c0fe2101132eccc0ede041fcf
60d4e310b1013d5fcd10a14f1ddbce4323d0f4ddd301f0ded15e3ebfb1513ed4
ebe20d24e1e000eb1d14923c43c40f5c1006fce1ef352de3d1f1ffcbfeea0f4d
30f3ed2dbf22c3e1025396fde527c4433b0320215eef54f043020221e60efc1a
53023a0df5332befdcf04130ddfcf0e353ebf50f41c2c35e1231b01fdf1095eb
ff111f20fe0aafe2f3ef3d3313f5c25d41fefb3324fc9b2340cf22f4a20ffd57
2ce5e330ec0f1fdeefeeff0c3f0d7f334ee313df015005cd4ffef3530e04ecd0
2fcc3d94c32d4aced110323fa3f19d3cd2ddcf4df1e2ddf0d4ec2c2e4f1ff612
4d1defe9f3cdb220e3f0efef1040efe2111362df3b1e23f1f01de1dc0c514f50
d951dd0d39ecf1bdce01c1521472fee44a1043f4c7f19a41ffc7f3f7b23f62f1
0cddf3effc24eed234e0dd5c0fc2def2c2ce2ae31e0f2e0e1f5d064ef12fd212
cf353fffcf21fe1adf11c3a04e5c1eb5231db0fbe2210322cc111e23c0d3e0e0
ed31230f20f53215e231255e10e43f3feefd422ee220440ed11d035f5f35f114
5ecee20142fb1e1df1e40d532c1fdb5ae3cf2ae33e12cf3431d3e45c2c4d1412
5fed1e230c11f3f0c01fd2ff3450c1fa0032c1d6e2bca0ee10e4c111deddbc2f
342242fc4ef0de42ee2de1214efd22113ec1044df4e313e1f0fe436d31ff335d
e325d10cf1d21f0de6ed033d2210d32f903b6d2120bc4ed2a0e13d5d03bfeec4
9e400e1fbe20ecdd0b32110f1d3d1dcee04ee54c3e40307e44d1a2cd3314d4fc
e02cc3f21321cced0fde3df1bfe42e4ce04f30122f0dde104fb0d32d13ffd239
0da7f2215432cd201f40e03032ff1efc2d33bc01b27462d29e014911eec2d441
01e2d3d2df13d231eef103b1cc2f1fb5402dc0eede20e0123103f2fd012023d1
f1033029f3b20e46f01e276130c23fbefdc231f104ebf700e34dfd311f414202
2e1343dd1a211434f1e1e5545fe44f40d53df3f4feed1df04efff122cee2de22
11c1e1110eb5b35f13003ef212e40523a32d2b2dfcf5ce2fce22e433ef2ecec3
102befe05d0ef31c4e4fd0e24fcb0d425cdfadf109e22f00d21eddb1012e2f2e
a32e2f140f3134fe2af2cf1efe0431fcf3eeb3dac10f223dfc2e40440fc4d94d
4a1bc0c131efced0db1ec3da00e1ee0d1de25e1fe110bbcdfde1ce1c000f1de0
22365d0304b2450f265e2cbd2023ee2ff1c10422ee0f5060601de13c23d2ce3e
b2feacde2d0dc1ce4d22b211614f10c72f1e0e11ff3eb401f0eb5325fe7ffc14
3e1e26366c31034cd31d4dd1e11010c51d201320033dddce4d1f5c5e321115d6
a1b4112f216c30d1103f2cd0d2bc4f00d003e920ee2e2b0b21b5d15f02bd0f2b
ec3df0ed3072e3dc3450e4b02e2d3c20d2020312032e6ce39cffefa02ee4bb20
2dc102f0d4221f20ed131ed0db1cbdd4f395d324f151fdfd13fc212033e44cd3
5cde14d4f002ffeeb3fcef2c2d314d32c53dd0c1bcc00fce20f40ff0ecb30f36
1ec3f5fca01f2230be72347e24e122faf46b02ddb12b322d2013e2ecc2f1e27a
42261e1013e2dce1d14e51fee303cef22233c5342c11e12fe20d3fde3304dfbf
422fe03c6d0e22e1143df0b2edef314e2e3110ff9c1255dc433522aafddee3df
32d4f4f1225cc23fd53f1251f0ecefd3f2de7bf4dfcc01e21ff022c2d1113e24
dff6420efeff9d3e2c41c4d11e5f0e62eef1ddf12cf220b2c171a3e31fec1fc0
4c2faf212e001f43ae421bcf0eeae2fcabbdfeef100c0ee40d019f24fd23d103
33f243f255e0ccf0ffb4cbe2c22322de12f31e1d10111edcc31461cf22342e24
33ba5fc5bf3dfe0ddec2d314343f2c1f22ddfe0401cfd03cdeae1edbef4df42c
30b21c1f52dbffbfff2dcdfd43cac22b211e23f013c5fc2cf320d222c2fa31e4
3efe0342f6dfd7112f21f40ec4cf412afe0e5bfe134e010afb0bffa01c1d913c
5112fe2eb413eeec1203fc045d2dee1e1de3eef01edf01311df23dec1d0e2114
ffedf5d24302c112f2f2f62fe20374f24d00333f32f341533010d610e423d046
02f2fe612dcc351ed4d222ffae1dc0d723e0a11df21cfa13c035031c3b5fc211
a1023d1202e51311e13d2c21d7d3142f3063c7e0635e2dede0fff104f12dfb15
a2ffaacca1e0ddd3ce1cfae2aea03ebf1e241ce91b4fb0e2299fbcf9dede0f02
1311df021bfe0b2300ef1efe24fd3d023f2dfcf0222440fd4df2db53242364d0
eb102fee1c1c3b173cfc2cde54bde5e01d5fdceb2fdc2b3c20b30f20f62109d0
03e01012d4d1c42cf100031f0df0233014330412df01f5eb1e2ff5c41132fd3d
3202ee0eddf21d2e141211231f0f0d3ebec26264b3e31210602e424ff31242c2
ee2202d111e4d4f32031161eb44241201d324011d1ff13fe0e6234efded2e0fe
20dcc31312250c1ffd212e1e23cf1ed0f1d3132f232edd2002d2cd3d21ee1055
44e00ed3fedf04f21fc1f30541222efed02201f45cf1e2403ef04b6bd2357414
c103d0d4131f0b121e21200fcd5b42f00f44b42ca1d3049cef3fd4c2cd3d004e
6e0db351c0ef94f4aee3fd0dcc323ffd2c01d1fbcdfd33ff2ae2b40fb2febd5f
531ded2fc00d0e3ae2cd4231c30b3f54001a341f2d3d06cf03f1e30d93d5fdbb
fc014dce14e4d0c1d0fc0fe45db2ce1232d30a129b02acdffe322ad0c3f1f13e
0d2342603e3f360d01133fe3e2fc434e33566ecf4edd212041ff512b02b15e56
43ff231cff3e3e1332b02201f3f201d0f3efbeca0f22e30ee3bd1bec0a20010b
b122cee110d1604de510fff51d325124ef02f31dfd11ef0fe03efcb753d0bde1
3424ff1313e5fe10f314fee13c536fee1e1d5e3ff4f4f2e1523031e003dd1e1f
ed200dcff01005251f0bee3df0c32eecfbe1f01f3cef31f3e1c2db20f4d39ff0
3fef015f212f0af3f31040210e4ee121e4fcc43d103efd44102dc766e15f1fb1
54e321e1eff2fef20d1ff0e54de3a032d2f070f3cfc1152e611df240def34314
ed10a1e0bb09e4ebf523d33204a3c340d3fcaf3ceceb1c01eecfcddc1df1c3bb
6303305e0230062f444f0005c2dee31d3de105210f3eff3101401f344e014230
4231e25f70ff4206c0ff33f11c30de19e2fda22460b44122014f1e2e26fec013
2fc6fe30ed221127c250031ece0d6ed1ab45ee211ffddb1cb20c04afe65bcfc5
2e7ed412d343db1f2e4ef5ee5f51210ee039db113f2f31fd4f202137221e522f
ff2f4d2f4bcb12fad032fb22f10f13c0f2dd41123fefe3f3f0cf1544e0242d02
4cfc4de303dd2e3f1d40310df3c0710d2e7230302f0dffb412232045d00e5e02
30c135210103d0021fb0fdff1c02e2f4104043b03dbfbe30fd03d1024d03ff5c
d0fdff3f033f1300f31c030f3f1cc2216e3d1a2dfb0ef44e22010cc202f53061
c010df24e542e4f31e5e0ee03ef03332efe231f232cefc2430ef3d54220ff132
41d4f1dbcd211fc0fe400f03136dececde005c3fb21e24c304d01fc15df42116
2f5ffc00c4d1f51ac0145e3fb4dc9cccd2f9aaf9000fc5ccfe12a09310ccfaca
60105f0f46c6f40bfefdd4f1510d630c6c2e5246cfd154012e3e14f111e20dff
ee3f0cefc1e5d50bc2c2fffbaf240f333c20c2d0c9f93012efdeef44ca1f235e
e0bb30d4fee310f3d1fefdfdf2e261c24b1412ce2f0dd4fe1bceed2dd30020e2
1f0500e05ec0d1ebf23f01223132ff01f02e2c3ebe1e3f4d75d3130740436f10
fd5e10b204f5dfe2e9b1fe0eeecc1cc4033faf0d51c3231f12300edff01e325d
11043ed1d1dc6430d25d3f04c51ccdf2d01eceff51f3f32f111f330f2fefc1ec
d04f21b02fcf051dd312c77feb055ce232ddd35e2333ec1036d024c020d0b0e1
b3d2b1e1bb11ec12101cc2413ee317feba313ceffeef3ffcb4f3013454f9df07
333dfd1e2ffb4ef31010fbcf023d1c243b01c0d354011b3feffedf00410f1b31
d223f05d112dbe43c0de11f0ed1f3f2ebf12a3fc091e1ea042c3c6330d02c3eb
f332111bd0e00200fe3ff45d0d1cc6de45fb1b4bfed02eff3fd10dc133de2f0e
d02401d3c4dcf40e01e0ff0d3244e446f61e13eb22cedc1e00e2c2ff1f6325ff
52550120e4425e0121ef11f12362ddfeeede2dfee43051fcf43df3d03eed244f
51f30e00dcbeebc12ae3fce9cb40ffe0140ff2fd4d0a3bf2f02de42ecc4e2dfb
cff0f0e10040c34005304132e0e0ff462330f330ee4f4623d2301fd332f0d0fd
ff005133f03f43f5eefee001415fb31ffc2031e22ef1e0130fe3205ef46160f0
c16dedec0bdbc1d1254af2ff52f40d07b2e1f223e2e0b406f0e43d13e01d51d0
bbd11de40bfe12c3eb3de01d1bdf12c0e21e21e5b2000c22003e2bf1ff0fe2d3
6a02f5c141eff1ed00efec40fbfef0a000dc23c51cbe3224121dfc5de0ff1e9c
151ef4ee3c5215fa1007cfe2210e3c23f2a350f2d410e2db111f1cf16fef66cf
cf019d2e3c0cc50b4fd112e04d2d0bd53efdf0330ff24d20f11d202f5d11b4da
3d1cdd43f331fc0c41e3f0df30124b010f2ceff00000fed002dcdb09e2dc3fdf
9dbdc0ff2c03324ffcef0ffe31bfccb0e29441cfc033b21fc0b5fd4dedd3c0ca
1e2eef421d2dcfcc20f4b1de3d51f2e01ac12fef34e3dfefd2e9e0e23efc4d3e
bd100015224415f6e004cee5f3322204101d12df50f3fdef120210e0f124010e
20c10ef3ecb03213e2ee5d10d04fe105ef0cdbef1f412c312e04d44231e2c11d
2e5fcc1bd1e35c0edb1fe51ec1290dce0eb5121d247d5bcf01fdd0a230df2de2
3eb313d1f1ae0fb1aed2761df1e21d31e70b074f14eecf02f402ee2dfe2361d0
4eb22cb22f1d1ff0c11f3a0461f0cf43cdfc04014ce2e05e4f214d3b4d1ec513
b31bcd3f2de44e3befda4de1c4b116e3323e5ef2002eff4edfcf14f42ce43e14
24c2b3bc002fe10b12dcbdd2d1103b14ccd3e104feefee3401021b0b6ffe54c1
f2f232fd3bf1c2b2fa14103de11301a1f50b414f001d3dfef2beff39d23dde0c
fd0f31273e2d0dd22e0f32cf1f3002fcf10fd20d20e4223f3144f02441ee54a3
253356500de2dce5ff301531c03dffdf4c1c223d7f2d6ff1310f3614463243df
beff3630f524c54d244532f00c31e5fefc10fce0f31eec0e2020e02d0e1fe071
b01f502f204df1321144102fd60ef26f3d120bcc4012515ec1c4cf61f223eebf
b2cfed2146643c330f200d120f23d4c640643fcf3becdc2f2e032cb02cfc6074
63513e2fd0cd432d1ded20e1110411c4103402e730203e5232ed72f110f20dee
f054e323333b4410203d311dfd010ed0200255135f11e41d043c12de23fe1f33
e100023104021003105d3cfcc111fe210345023d0e5d052302c2b01190f0430c
2fe2337eefccff040edf16e0b0145d2cd53cd22bab627210e007d403c30f1e0f
fff424de2bd32dfb25f2ee0ff1f3d14303bbcce1f2f1ed12fffe3fd3022231da
63c05b2cc3dd4a2425c41f0233f35c25ed0354eff0145f4d3d0d21f2c12ebf2d
e99434dee02ae10fecee11213cce5e2b9b00c4cae2a3bd3cb04ddac2012ffe0c
4f30e14024e21c0100ff1e12fb54fc3223df52e4c5e3c5210511f43f0e01f4d3
00e14edf102dd4101fe6033d5c0140235ce35013144e220120e0e3f3e11fe2cd
e150f5712f13d61c01e2431231423d2e12ff3f02ff010cfb042022b1ef0d3f31
2311f3014ff4653bf214432ffd2e6fe212ee44dfdd6f64ffedc0013fec1ec334
a91fd914edb10300cd0c1fdf0f0e2edcdbf2f0fe6f5c1e2beaf2fb5c10f10dae
e47ee3232146333bc240e3d42c21dee233e2cfef15402c10e2302b3fdfe0d051
b2f1241dec3dd1ee23dc05fe4b5e5e65eeceee5c30305310152c01df1d10d3fc
ff23454e34ff0f33ee525f01ce2de401ef3ffc1eff4321ccfff24df02be4fdf1
2121452231ecdd1220500011331f42253d44d0f1d1e03c0325e1243fd435454f
1d2327464df6d503c22f4ffe10275fed02633e22132341d4135fe030d3440f12
30412cb2f5e00ec93be01cc671ff220224fd4dc4e4c2d1114d2c53445cd3d211
d2e06f12e73dd3effee0f313fc20ae40ca140b92bda00f0ffd1e1efb02cffca4
afeff3f01e3ecfdcedfb1e0efc02b3dd15ddad1bb2e1e0dd2d2fd00be1313cf1
103e1e20243bee3420f000e3fdf16d5d3b4f353ef303ddeb02f0104f521eab1c
3f3313b12edef27fad10113b2ec451b52dcdfd310144f0b01d3dc0c0bd22cd3d
54d054f21cfd22ff1b5ed3fe7fc6b0e32dce0cefe2d204321ee2210d324440cd
2e54c3cd30eb030c01ccc1ec3c042212041f3c2f1c0d3b21effde2b4acffa004
0ee50c1457fce2145f323f1d11e161efff51d3b2ff0d05ccf1e3d13e410fd33e
c1d0e432f142f1d45422e21324fdf00fff55601fe223fc2ee2f40e1e30fe7d55
041f2ffefa3f2ed223d00001ede1a11f01be2ec61cbcc322ff4203e14f3101ee
41ffde11d6cbcd140c1cfd3bf02e5e2222343502ced2ff1140df33e21ecbcfb2
ce0e033fd43e4040111f30d234f1d04d1d3e01bed1d1173ecf2d0df50f41f30c
fff3f0f02b4f3cdd1ddee0221f14b00b11e05e04c5f5d44331ec05414c0f2dfd
2e140fb16cfbf2c30cf4e00dccd4a0cf1fed06f322cf4cee213214ecdc2300fc
f5420f02cc1df9df32910df00fe19b011fc0f0340ddc0fc210e4ffe30a4fef4a
13fcae3b629dd1cef62b02d3d3e13f604bc320d392d133e2111bfc050ad2900a
2142fdce4ccd100f50d25e04ce62b1122bf17e04e34f012fd13343e274ff235f
414d43b2de5521031d63fe1c1310c2cf120e4100032ff21310e3d2fcd6e143f4
00e920cf641e024e1f60300005e43bb37fc3e4311f2ff52fdc1eb1f1dbe13dee
bdf2eefe2f42402433ef2633c24bd341fbd5a035d43e4dfdb42043f513fcff35
0f03f52f001631112c23df2c5c220c9b5be590d256c1c1d1cf3020242710ac1b
2305e42e3fd25b1cfd01e1eaa10a2fa2f0234bddb53a5af9104affae0270bd90
12f1cd2d3303322e32003221401ed0035d0eae2d3d3dfdd000101c52c0fd322f
1c531ee1ded1362ce1e341e0ff5eed33fbe4bf11220e3ff1d04354c22012d0fe
fe0fd6025c02410e0144c4de1e52ffceeb24ed1bb402cfcb002e0ac4402ff00c
ce201023f3114714c144042301500c40ebf4ee100e004eeeef3d414e1fefe022
0002d41333e2e65efee1e13e0001c6f3203e52416f61f31101d2e5e72131f1bd
4e2ef3d4100bb1f01101c022f0efd413eb512fafefe0d2e00023fdbb420011a5
1f45d7df2fd11255e4bbef3cd1b31ef303ff0ef23e0ff2b032000b21e041e531
32014203e1ed4e334ee30d1fddfd2ee01c4db1d421f310e2f2f01a160e31fb30
52d214fd11eb10ea3ecdf1f23c44cec4cdae25f002d20312000fe1422a11f121
f1e4030239fcf2ddf3cddcffedffac4f0e3ded123bf1f522ee213111ce23d33c
1df1befdda1c2404ffe1edd1fffefb3530a3ff2eeecd0d10102d1eeedfef023c
ded004b19b3d114e4e311e0de1e0432cfd6dc9f94d4cfbe1034ed4c122516ee5
3e20fef402f0e9f2e1f223fd0d3021f21423f220fbcd210f21e04f112ee16de4
52e3401c32fd53e2de10c10e0fef0cce01f5e31030f2f5ed101022eba2fecb3c
a5114d11f06012f370610fe31573ef2f3422eee313f32d3b02402c334f0f14de
1cf4b3d1e1f1cff302c32f11fd0bd320e40adf11edf32fbfff1d1f3c002d3fde
f02e14e4f7d0fd2314b00ee0a32fadc13611d1301fff1ed435314ffbfd4f1fee
4fd1df422d2a0403df00d3edef0201ee3feecdd02dd02c3f4ee20df0100c2113
4e2ff000d1665dee0005fd0ffb15eb14433d31d32123404cd1231f235cb123f3
0f21cc02ee7d5534213f4b1ee2def0d0e02f411df25374003f114b3203ecdc2d
5f42fd013e4ef42e3ef3fff11fde41f14f4f3441de401ed2f612fed6021dd372
c91eee0dbffeeabe2d910b3d9fcdc1131ba49319e9b0eddaddfb1e0e3a2bdfdd
b11f0f2145211fdf5e10356f133e421b1d33ee1deeb61f30dd1b471cfc2623ed
ed163bd3b1111fbbb1efafe0dadd2fec32c2320f9fdecfe3fbceeed12b11d92f
d2fd31c1e0c1fe2bd0e03dfe1fd105f4324d313d0cdf45ddf4002df3c320d032
dd49e1f12bece2b03ef31ed3f2b430fd0b146d337311e46101f2e1023256d3fb
131f3003360d2dfe22c4f7201531e2f37f221221f6e0f20d34edd3244e003ef4
c145c434fc0ee030bc0ed11d0cf0cdcdf31fa4d23d13fd0022b22ec22b02f013
eeee021cf04133e420fc2ef3100253120331114352df002fcac0234201c3c300
3230d12e4040f25d51cf434ce42c31e04d50c133e14f03032fede0210fff0df3
0e14eeadee41f336fcb31eaeebef3d01104b3dfde1afe3cffefb0aeec1001d21
ded01ef02c1135d22ad2db20edd12ef42edff3de1ff3e040c000f001c0f0e122
cc2ff1511f0f42b42a2c3c212e2f3c0302cebed33ba0df221c12bafed1d011f2
e2e3eff31703de01523b56ceee1ed012f6331f222030e0fc0061fe124342540f
43c12dcfa0f0d4e0cc3f1e00fbc352cb0bdbce022e31d3dc04adf33fa33dfff2
0e2f1233e0fdff0102e1be5efd3120a3f1f34f1feef21dfee0b42bfdcbcedeef
54e244f03fe02c3d2601102fdf112115c3514ed0532e15e5cb27d14260ff31dd
1d2f0ff23dc003252e20d2f00e0d10b11a0c5c2fb1e0e40d071430ce01f10eec
10c0e3f1106f142fe2ee0b1323331414ff51fe00423005d210cfd201111c2f22
52e20d4d41340103353dd1712f0e637ef2434c20c210d334ebf0dd1d2ec011e1
a1ffc12d120e3b952f1cbbb223b1e543f1d0e0ed33ccdf40a520b1921cdef1ff
e0ed41124133f202dc2535f10fd04c33166d61562210e2012ee210021efe5010
14dd4452f441bce5f6222d5e033f40b30d535e31d16e113f2071313dd500c113
f30d0f133fdffad3151d04f115c1df0b11efde3f32410411162007e1e104d231
231210fded53f3dd12f1f222ee0fe5dcdcdf24d231e1e505c15ecd2e609102e1
003430d3d01beb0333b5dcf12f03422fd4b3fe1efeee15bd1cddd2c12c433e03
10212d42c0101f00c3ee0040c3c2334f5e60d05f0413203314ced4e1200f32ed
2132640d31010202eddc501153f2ec15ff0f0ef3def11e210d4ee2de32002eff
1142fdde0e1e2412f1f19a2d2af1cc20f51b256c40b030c42304001f12c502f2
040de0e4e4defd0b36201210200f3d4f13021e21fcdc121f0203c0e14e2030b4
010e021116b4ecc1f35f46122253f10e2f2515f3fd32e0f556ed115c1f0fe4ed
ce93d3e1ad03d106d2fcdaf1be3ec0faa1ec0e5351e09e90150b0213fe9d1c1d
3d413014c2e5e3f0a0ced51301e2ef12b01d1401ede01100c4cff1df2b5d01dd
e002149beb1223f29db3bf4fe02db01de4212e3acedfdfaefecfbe100cdecfde
000d2f1fd024f349011d214dd1cc1e1443049e3cab423c1cdf4dddcb1b1e2043
20e12b30213433013c35eb5576222f1e4f0252072b0d211ff312cf04745531fd
04cfdf31cf2f22d1fc60f060efe0040ce403c2c020ecc220e23fd2445002d2f1
0031e020d1fc54e442300ee00fcfb214c96ffedc12fd31f33f2e4322f15dd0c1
3420042e2c0e311fee3fc4c4f127eeef0eac2fcd5401c204fb20d2e4f003b0ef
30de31f223ed03100d31ffefdfc0f0cdff0f2093dd21ed0457a3c333fbbce3ee
d04e0e33cfeffb2fc021103eee0fa41b34df0edebcf4204dd1f24e3fbf4e211f
211daedfff30d6e121031cf1be0d301221201bff6fdf474bdd1f1f44edb42f31
231024bfa002e2b4b220d1277cb7c2cc23bd1dff14e1bfecc1bd13c345a0fee0
fc251f2f3fc5172525022ce21e2f270ff4fbfef112f36065cffa0e44e3a11341
331d0fe004060d4346011200e12f0312f4f1e402313310f2f601243243fe201e
2f4ddcbb002e1dfc41ed20d2132effd1c22c3eb0f02ac0120f10fc1f2b3fced2
2440fe1df2100135f0fd35f25e334221141333011351f312e2522551f4e4de1d
c2030cefc220e2fddede39d02cecd03e313243e2d20d32cdf2d40112dfcd12c5
f0e1d2e31a1ecdc4dc010fdefcee0646e4e11f24e2e40042d31e0061f04f2d2f
cd151ceec0be1c04302e403e132df14d1efd3ee1ce4e0ad33e40ef2fdbd4ff20
dfd1511f1bb0ddf3bf10b4040e313f0caf3c1f40eef1fedd1bfef2fef2329b1d
ed0c35d13133dceb073c54ef436e5be3fdbd2441fce113e01f43f20cb42254de
4f1420df124e1a2ef414ff6e103c124dfe4cecf3de0eccf42d220b2d46f2e020
43fac2a2d5a1b92acf5d11c122eef3221d030cac3eddfcf213d4212dd103e3e1
3a31ed40da61ef32b1dd14d1c1ed3deed1b1d31bbf442d1ac01f2bb1fdf00e22
22edb2040530fa0314ce20ccffdeeb43f21fc2dee21f1e03f3ed1f1b4cf13304
e21220c511c041017e326d6dc10dfe1d015f1fd50e2de10f6041014fd2ec45f2
fe342133ee4e24f3ec105e52ef3d4dd3ceae12e0dde129c22f0f2afcf30de120
dc1dcfd512e54f20b340fc01d424dcef0b3cc03214250fccdfc2ffde0655c32d
0f31a4dc9d1c12c312dcf130e093ade2d3301e11243e422ddffcf124c2e00d41
62ce02e21324cf6dfd4d2fbc4edd0d261e2edf52f2110b0122f30fd50f0e0e27
30ff50ecedd340f7fcfee15e1dfeb30f41af31215e132fc32abffe229a31eaff
dc2d2c2e010a1c11b43ddccc2f1b1e2fede01fdd2130106f59db2f0d0431d2d2
ddded2112ff19cf40d02d2c41e322cefbd4f1edc22dccfdfcbb0b2add0bdcd0f
6212f1124dfdd0116e5f14ef504d532121d42fc1d4fd3dd63ce4d0023fb12236
110d4533552f3d0424231e14d25350d1fd4233ef214114df4ff6ff1ef5cfe0f3
de145c1e664e2f315422fd5012fd5e1d10f02cde10e4ff0213f441fdff053df1
1d0c254ece33eddff4b44e2350d141d21d031310a421eed053232121d05fc002
e2230c2e510532455f10434b1f4c4c21d4dee2231e1e1ced253ef11edef35300
31de0e22aee04f31f2d7c02d0ffee003124e30323100e31ecf314c01d3404502
1e03f3d2d12e10233c1e1d22f001b3d1e222e02de462edfed21010d3c2f31ed0
d0dedee14044b6144e1eddcdc14fc3f3f452af3c6d3ee44c3fe1ddf2f0ed0f60
0dfce13fe35c3220cee3fa01fe13b2f00431424c01d1061f27eb30df023eef6f
ec1c412e2fde2feef422f4cee1e067420c04ffbf3f523f240c315e431cf125fc
5ed02efd5ae30df0dd1e1ff32fe2e0d4236d30010e0f0030c3f5efd221fdf414
00ca1fb0210c34105f1d2492d1ef0ad2d1f2ec31ecb112dc1a024dced3cc0dee
403fc042e52dcc4c241f3abc5241ff12ddc0a31d1e2d2f303b32e12005340313
1032ffe020441f533ed1f0f1f1e5de12de512fe0055430f2fc531440e01c22e3
02133005f62f4e1e5df025ff04ff334f21f131c0f12011f4db61de6e540252de
014fde1fff4e23030f00331fff2eeb422eeed50e03d234d4232cb0e1304e0d1d
3ee0ccb1fddfe24a9902e2ffce013acd4e53a320cac0ecb0e4cbfee0031b0104
0f001e3fece60e2c2dec2c3b2d10ff21ee2236335fefe3021b4dfd326cfbf40f
022dc2cd1422c3afedefb1022c03c1e20fddf21d15dcdee6fed3a32345f1f00b
02257d10f6de1540300c4411521f3d3fff22216e0d3331211022032f1ed41501
efe10440021e56e5dff5fd020de32e20f4d4000244112f155d4f3302d21d4011
2431510434be244c72f14f41de3234d22ef2feff233ff0152fd4013effce222f
11d33d4ec3b331c11502e33e21ef5de3b1d100e53e12df04ee53006e511e14ee
f2cf10ed0294ddc21b213c10abe122f50bdfdcc32fcc1c142b030deddeea2db0
0fdde2ff2df3154b1f2d1ebf023dcf0923ecfc0ceb1bf330cf01fbceecbd2f2e
21fb13141d02c4521edf14205f30540f3fe5de30a0012e2454dc2f3f1fedd025
502d3f332dbe443212f41421e504d0203b34ebfc5d35fd34120d14c5ed31e334
11e32e2edc31f0f5cfed22112c22cde40345ff53ffe1cf1ed6defe31c14e1423
22d2e4b0f2e3fff2efd4bfe1c2fe5f11c13cffad4110f2f52031ef0feddefdb0
0efe4fdfb415e133c21134e0e101eef40ef2f4cc02101121554e1202231e4ce1
d2ddf0520f1dff020231ec41ec0e03500d30c335f32d0dd37f220f4212fe0dff
ed2de21f1f0a0b0e1cb131d0ed0111111f501d2ffeeff11434cfce3ce2cf3f1f
23c3e002f03c23fc331de6011f0355e2f06c5021ce3ef21e3f00340432fee12f
1ee2cec30efd0e42e00d25e0dd2d22352b33edd0e1234f130e6f4c0e0e4f0ef6
21b1f4bfc3e43ddf221dc13234c3bed10fd01243cd0e21d0df0435d4f7f102e2
1e00f3e1f0f4323e14ee2df45322f3ef2ee04b324e1d0e221b13d30ec0f3ffdf
ded0331112dfcf3151244a32b4ef4c01e2d1ed1463001e1ff553fb034ffe3ece
ddc136c3a3da2eaefec0ce6edc4ee321f1b31e9d9c52e41fd3f40c1ad40fd3ae
f01cf4cd2f5ff1d031f6ec6d312fe0042d714deee170e3d03ac42f1d351d3c0d
bf343f51cd00b0d3e33224e1fd0db3ff0104f464bf21db324e2410e0c3ee22e1
cf14e072dec100df2fb31fd32b12b3c12cefe70c300f001d0eed20e12c4c0d20
001dd047c2100025e3ec23412292a1cfdfce3550e5dd02d2d6d4c731e3f00501
42126fe2d5261eccc220f33f12020bb0a17dd101b6023b02cb202d1c2e11bebf
e32cbcb141c90bcbf4dd36b352f09fea49e310313f1d1427bace20fdebfe041e
22e31344f1e2e40c0f1c1244f21f222e0f30252deecdff45ded3c4fe4db3d0ef
544e12eef32341424e2611fd11f2df2212f2322211521f57efc5615fdb3d3212
e1dd4c9f65a032e1f540560d016e1cbdd093b0dfc1e3cde04c20353cd41304bd
30442e2231334e150ff120102d02013d11250e41f63e3d13c0d40220ddbf0ce0
20deed41cd2527e205f52e3200f33d5f3122f0e1ff3f23f012053e170311d15e
1e0320e01ff1fcffd3f0ffe3f2df42a1f0bd3b2eedb30b0c402f2ed2129df3fe
f2613e2f2d230e31fe503170572254fd2dde1e5b11361e11210c66133e371d3d
cf3eefd1cfd31c2cccd12b302eed31ee22ed333413cffef6e0240e6215bc0fd3
1ef21c1e6e1d40453ed0293f42df2164e051010dc0203e2ff1011f20ebf110f3
0e4b3fea210c0f1f5ddebb413ddcd60e0d390d231df9da3003139eff0aec3eee
004be32d020023f23b0e22cfcf12ddf020d330ecc124dc6112e23c1ce51f1f30
ef32f93b334b0c1931f2e000edd16de4600d3c30d00e4df02f04203d01402f33
02ea12fc35de5b13243411ef241027ff2b3e3ee3fd10d322be143313e0f12121
11f0030dccbc123e52cd0100f4e223210070f3312cd0e21fc2ec1f02dd1c3f00
c1fd1f3223eef1c1e4240c4f510f00e0c2c1d1ceef3ed32ee3df1070d044f5ee
900d34d21b1b22c53a0d92dfe0cefb3e2cfc2c2da09e014b49dee0c12c201d0f
ff2fe3dfddeec5d3d512f041c21f3e2b2f1000f2ee1071f5dee1e3111e40d15e
4ef3001feee2b11d1d1d127f25e1f122c1235e30cff2c5111fdfef2dafe5debf
3fe12f3f0123dfe0c12c2f103ffeefa1dae002d525f3f1e0ee33df3d0ef0e10c
0211903211102f02e0f2103dfb50a02e1f33c2533c314fe1e041201c30413134
4221f021fbb220bdee10001fb0ef54cdd1dfe101fedb50f2242321cbfd1103f0
435e641e240b3ddefce14295e0d40f3ef4fad32c10c15d0fef12ee2e4feb41e2
c1c30333eedcffec3fff31f7fecd31f2eb112cf0063d241e1f4515053ff2ff45
1dee2622cee34f212200721e2e204245f293fd9ff6c1ffc02314f2b23d320cfe
25115210c122f04c0c100ddd11fe2ca5ee2312de204de0e0f1d4d45d22f241f2
2cf3df1ed3f1202ff3d20fc3c2c02e301c301ff1f4c0130d225e312edf215cd4
22243f0ce31fe03313ffd2ed00f43eeb0d1fe3430324fe332e3bf3311631e119
dcbc4e2e26103d1234d2c21e09ee2e720c0ecf3f33ce1d1d432d4da4cc0f3f7d
16121ee2e1d52f14cfe44e31df615bfbc23435eee0e1ef0f304bf12df1030ff3
f40000d0213ef2f0e2ce01e111edeee13befbb10e0c10d41310b0ee2f1334eec
212fa3aee3ea14e2d022dde0e2f21040f5ffdf136a01590d41fefca4c24af12f
230e2e410400e1defaceedd201f341b530df3fdf1eaef51f3f0421e3d1120210
0214d22ffe14e60bebeccc413532513febc110c2321fd437ec323f0df210ee12
fe3404e3ed321fdf91d561e2fdf100c134e4cd1313d1f2103dce03dcc522cd17
30d2204edfe233ebdbb2e2cc321f204efdd1133fdf301d1ff204feeee411fdef
f9aeb2c1fdd405f0262e3c344dd1caebb12c32450c2e32110ed1def371505d36
e5374af0dfd0f021ee1d62d1d2142cfc100ddbff7e341d111e2dcde141201bef
ff011f2f100fffeed2535201cebdd4677cd3b11d11ea2d130020dec10c3f3e40
e4022c3d204b321c1ff1a2d3d2ce2f5c1f42f0333f4ff21c21235e21ec0df41c
dd13425fed113d30bed2250f11130f21ff3d316d0e2e0ff330d21e5b14c11e43
2f34fe10102f0321f03fbc210c10ffa13412dd01ed433a1df163e43f2c20ce3b
1d32e3f1cc62e5f00e10bf0231dd0010e95df00201b1d1ffdc30cec121e104c3
d212d0efde6d3f351429a2a4b132102bc243d5df7cde2f0e7d3012fff456d355
022dfc0d2c1dfc0e513ee1e3202d0bfd1f512f3123c0ee0c10214c2fde34e415
3052b2c0c0df1ff2ed3192cdac1ec004fc310142fd3e62ffd56013f41550ede4
c1eeef0c1f6d302e2030edc41c2fe4ddfc4e24a101b3242dd03e34fe03e2e11e
4f4ac11f4ef03af1117f31d41d0d20b4df2d35f1f3fb300cd2ed4b3f25c5c02e
c3a44d55339f0a0eed6d2ebbe2324021d41a233fcb633335510212f2e2ce3e1e
504320f21f1de42eef4c43d232f031e1f100e3011fe032fd30bef4ffb12e1f3e
4b1441effefbdfc03e0ff2beb3ffbec32f5b3e3fe2c224d1f2d524003e40ce21
f4d03ff256072dce2f20f1d101e103d4d519f1dfe501612fd42ffddbeee1eeea
bcad4fd0fbf0dfe224c00edf0f0fe1eb36e01dfb1fe333f0403b02a4de1b1209
35f5dd3023e345334e0ed2da0500d1bdca1dcdd3eeb1f40f0f63d05000e51d3e
d51a4e030bf50cd7def0e410ff6241efce4106b221012b315f0f41fb1fe0bee2
02f11e1d10b3dff25e424303ed0e1efda25f516f032d0dd11e1c31bbd3e4570f
4f111131e5422d5e4bdd20dc3f06e0d20109f04edcd50fd2d1224f0a4203e1e1
2f703eebcf221d229c2a656b11552101c01cd3423203120d301d342bf3e4eea0
e55c0b33f1237f33037ef0cb22ff1f1d1afb24010bcddb322d31f05b10d1f114
fccedfd04b1e2fe4246d00f206ec2eedccdfd5c4145f2ee1154fddfb614c60de
f04cbe3f1325e0e43f1cd20d002dcf4c035e212fe02ff2132312f1e23030ec24
ed5cf1f4e04ef23e201cce3fbfe1f3064531f2ebe29c010b32e42331253b0f2b
032fee0e21cd1433d02c0d2e23302e20301f2a4dea101bff32cc415e3ef4fd05
e13c3ede32e54fe32f353105a3dbd10e13d1dbc50f0e31dd113c22d21250d03d
4262e231001d3fedeced30eff3bb1e0b2aeee41de0d32f122e42d21b1fff114f
ff30291eb90e20f3cfc145e9d4e2dde93a54f050f1d4cf1fff7fbe2232fe1cf0
e243c01d21225d2f0e0511c0c41d9e2ceccf1d002bc1e9d0e4beefdb0cfb023a
41b25220e30badb0301fc3f1ff1f616fdb31202f1ef041d50f121da3cdfe4163
22302b1bb4df090f1ecec429c64f3efcb05de2221fd722241f0d012c3421cecb
0ae4f60d3f6cd4dfd5ded0f2c1fd51026c34d30c032d15cc11a54306ff3c1544
0fe316f0ebe4d3ed0e331f5350df0f400c33e203fe0c33ff5eec15b510414cf1
cbddd1ecedea3ee03f1e3e04d0eef1bcd311f3031c110fe333ee4dceeb622012
02140001eede0cd2e1ae4ec0fdf1314bd3fd011fadd0cc2100adfe0eed13d22d
940fb2a2ffef3092d02100d0e059e011ec41d01f2ecf1ba3e41f415deddf0e1e
d5f20ddd2e0531e164dc1eb12ceed23af0ff1e2241e1300fd04c22a4ee0c3f70
2233f4d3f4ec102e4ee22df2c2ed1f20ed5011f0de54df1fffd021241223e243
531c2010f04cfeff01dc3f00de1fd0be013d0f2e1da1200b1e00111dd410f21a
350133d012f04efcf02fc0a33ac13e5c4fff0fb122ef01ff0fdbf4fe002d02f6
410fad00cf066fffefb102ebb3b0f1f5f461f512f3a0c4e2f465e0ece1ee10b5
12fe4d1313205e2fe00dd1c03e415e44caee31b0ee2ee34ef1d3104f14f3ddde
f33f115f05e11314f0230ec14cf2edf3cc6cf03cccf1cbf22e2d50e011bf1e3f
4c21decce0bf314403ffe510ef1b0cddcc54dd6efcc45c1fdf1d31424de40ef1
2cac42dfed0b30ffbf5d44ffcae2de5f45eef0215033df1241211bc31d4dd001
0d40b5ee3161c133e0dd1f21cec3c1410ef042ce3f123ce131ee512fb72dd23c
1f3e322ef4f1eff002dc1ec3fdc0ee12f1a1ee0df211140f3ecf30dd1dfd4d74
3e00b3ef3cd2ecfb11a302133d1d14e1f3f3cc1d11ef41142de012011f41e03f
fdd0a6bd2451dff64ef23f20b0bdc3d610efee21d13c2e9da2b22e23fb3dc031
2041c1f11cddc0e4c1fd21feca501f1dc1f404f03e3d0dff5f101eff23122100
49ff2ee3fd3ef3d4f4e11294ebde2f6021551f22fdfd3ed51e2c03e15e2d2cc2
d21dfd2cdcfcfbdee4f1fec011fd5261df0e4f1c4ddd20df21bf2dd20edddf0c
d22dd0622fd12cef4321a4d06f042fd1019e15a02ebe3e3e23b5f2432d12eb2f
d3e1e5e43eb613ef4fefa00c4f30af21d6d307203f4d11ad16532e0c0fd013ed
eec4f323ff13fd111d00d0f3acfec2505eb1232f0f6be2030212d420d02d1e3e
e15c6fccd00e02f1edfdbe3cd35f1fb2a62d16e1e1fff200f221533f35e3a2d0
00ce4e9d0dec1123122d40103fabec0b1d3fbb354d4e3c0341d132d2017e1d16
2421deade0dc1625c1e4eef11bbc00fd053de4413f2341e5f4efdae3a3103f4d
5ce4413203e1de12ec0f6e33c1233f02001501e5c42ff10fdfcc0e11ed140f1f
fc2e303423df3ed12123a3fdb33e10bc0ff5fe4422cd2f004e50cf1f0cef03cf
e22470f0f0115e1abef10c512def60d1d1000d31fcae13231cf30c2ed40f3e03
1d33c5403e4e032bee0f721e30ce27e66afde32c07fe110c222311444efa1346
41ecefb2555e1312de6dc31f3df2f30ed1fcf3ff2b233fdf14cd7d0d0ff3c460
c11ee14f323fd2ebfc0340f0ddf545b47111f410d1ffe6ed5217332f32dfe51f
313aded1ff5cee07f532d42010fd0e40231033ff4ac25da3f02a301f13023232
2d22531ed0dc4b1fbc41eec1324effdedc31032d0d4d4c0fd3d42f3dee023321
cdbfa43e300cdbe2f33eb003fe01ffc323635bedefdffdf13ebc0fbdd22c0f44
4fe43f2cc24bf52cd210f015e9d2f05f2cc03fd03e0ec2113f12e04fd12221a3
ce32f4ef12e4bebee0921e1f3010e4f0fc0fecadd1d10e0ef1ef21212e500d5f
d332e0ee2b12ce4c21ff22be33d111d2093210b4d4300d0121f114fe3a04d11e
232b11bd305b1f236e1d01f5ea1c404f20024d2ccd0ce1e044bb6bdf9e21e351
0d0d50bfe20de415c3ddde134ddffdeb3f232332f00e3df1f3de01d1e03b1f7f
dff01a21ee50150fce2e32fcedd11e553cd3f1021c4d10e1e00beef3ec3d3ef4
643ef139fd52f34adcc02e1e24bf222d02420090b70cb011d900d7c9e0ff9cac
ce20211ed00ddf140d4cf2f5ee3f2221c1b4f3d122111e03dfb312021b4e0f0c
df4bc7c41c1501ded0deddf1f5100210c2fb12ded1fdf1235fd02ed24135eed2
21e211cf1efc122fc2e0104f2322ef1542ef3e0332d20e1f2fa1f2101011f1dc
1001d31f03cf4221d7f0421e4defcd1c206004353c4e4dd42fcb2ce211cd0061
d34221112f0b0313f00f023fc5400110fced2301cbaf1f1defcf0421c3ef23d0
ffb341fe02d9fbc1101f30d0aa0e5211e3d2f01011d2f3110fdf4d9d0b10df1d
c03e140330f1ee1e130f01133c1eef31d0e321e1fd0063cef533ffc3f63d242f
0fe1fcee24ebb41e2c421f5ed3120f0eec4f00b004b2ef0dc20d2000cef2c4fc
d3325fbef2f31e3f31e3e0cf3ffdcec3004002d100f314213fffe102f20e3c51
1f040dcb2501d14f3cfde3424f53eeefffedd20db33ed132dd15321125fe00cb
d44254bff1b32302341300bd5b4e30510a3d33d2edbf1112c2323b3d5bfef0e0
1ead0cc13f4f20f00310df01abe43fd0cc03101d014d1effd0f31fb3e9123f4a
fc43531103eb4b1e22efd02efe4413254faf13ef23ddc52c4eb5d1ee32011e03
5cffb0f5ed220bb014dcde43deef021c111fcd1efdfffec0e26f24fd3cf210df
42227c3d01002501fb3fb021de2ddfd3fb3f11130cffbc022be1040c2b1d3e36
d4d4dde211c2e20ee1eec300d03fedf2fdb30ded0ee03beee12fec300c3df230
d1f4c5b424bf50d41f1fe1129fffad32f2fc20431d332fc5a5cbe26e021f1fed
00f34eeef42d263f0e33b0fd2432ff2e032120ef5ec11312ce21c242ddf400d2
4ed4b41cd6d210345ff09ee0f02fdfbf0be23dc411a103df03e0fee02cefd1d2
0d1ecaf1ef2ddd005fbfc4ffed930e533b134432c4fed3df11df31ded314b65a
de6f2e1c323d1ed42dde423ff0dfd1d0b63c5339e54e33ed30214f04d3ddf02c
414c0c30e14f05c09dfb52331f341fdf1b44ceb0fdbeff3d022c0fcd0ff1d130
11b0dcc1e74a46fe10f3aed2ccf21ee301f214eee2fffee20f003291c0eee400
2bdcf0cf93cea1005eb1a44b19233f4fcd127abcda17e61e4f2f4225042600fe
207cd3a10edef21f22ec35c00c01dec0c63f13dd2dafd21c22d112dbf6ffc4f9
103340ce23df30d13305e2911bfffff2effd20e0fec45e24f23ccc4333253d33
02221b00f2cef02ec15af042e0d322c012ded4321e0c00ff211e0c0de1d4e02f
027c2040ffe3e1dcfe5df32fc42d4f3e3023d5011fec00ff214c04f144331e01
63f1b2be01e102e1d11ea7e31fee12ede06006de1e32e2f123d45c29e607e2eb
efd6e3ceec4d411db23c1ff21eefe012db2fcd4e3e2032f04b033fcb4de514f6
d5fce00fe3e249e4cba0334fc2bc30ae1d153c03d5ae2e1932ee220bd10e00fd
e004f7c2f20f2224245a301d1eef3e4400f1a31e1d101c2f04f024df2120112c
3211ddf3e00e00114540f1032e1edf6aced0154edec22cf5ef1d33f01dd161de
e1f24321efed11c6064319ef121a532d5b03ee22f2d3494ee14023e302b3015d
3ef3301f3034eddec32fdc32315c07e0221d2143cee600d2a3be3d102b06a142
cd53152f41bd1ecdedfd1ff4efeffe2e2603effe110d0be411b01fd0100dd03e
1f120020ddf343b7401dfc3a2f15fd4d2eda22de4c0f2b42de15e42cdf3a0e3f
de4e09fefbcff62c01332b11f11ae5f2ec3042de012d50e3020ef524e4051311
1e3dfdc3fc12b20ef0ce0ecf52b3310d3f3a026edaf3d5be10df2fcf03e1601f
11bd5ff20dfb7fd4cd2e333411d53af2231afd033ffb1f7ce3bfd12dc0ecc93b
3efc1ff2dd43442bbee63312e0ef39f31a0ded1cd0eb023220f2ef2eb50213dd
31e512e2fcd4a0fe144d53e3f4fe3fe1ddb0420c3136341ddee3353f2f142e5f
ef24e1111421e21d33cbf12f14fd71fc1cd00a6ee1e50c11e013f2e342f23ebd
5030220d0e2111ed4db2bb113e00fbdf2012f164fadcf4f2314d01e0d3344fdf
52f0fe441e42ffde2cbe10de3cbdc113215cd1eff3c2240ef04dc122d65543e1
774142cc5e70a54e6041cc2e45ef3f0d5cea1c30cd9e64e092e0f4e1f106e4ca
2455c1d31f0234105e6d1351f1165c632fe0ef4a1dd62030fe0b3f2d215434ca
41f2df0d1ef03342d2d5e0ddf30af51d03ed23dfe0edbbb04d1df2e42d0ddd1f
3cad2cde0b03f2cbf9712543de0ed1102305c031e312353e31b02edccd21ae3c
5100ffd1ff60d09b0d5eee02e313b4fff010434ddee414c43004e2f2d122e124
ce3d11f22e4c4e002fbc401120ea3322eb4b01001e33000bd05e23d2dffd123c
eff2212e2f4f1daf3c3d21e1d10350be221e30f4c11424f11000de2df2f21000
324ee45301e0e2f233bcfc2c1ffccdfef016043fe5ff2ee021b0ddded73e3f44
ff0f2eeab135e2e076cd2ddd50fc61ed0e1cec1dff02421290f0dcefd03520e0
ebdedb00e3fff2d0c3b676cbe1dd43eef01e31cd1c0ee24bff2f9512f1af4bd3
f3ec2e21feefcf53102433030b4ba1c303f2e30df21ed01eefef22d23eee3210
e1b0f20115b51f331dbb2f44e24c32e12e2d6c4c4f223e2f10e31063f2b0140f
20302ee31f1f50272203ee9cefd6aa3031ec2e51fceffc1d0f70420c1440d00b
2f0de31f24103f41d334223efe2231c0f1b32c1dd50f5233bf0ff00d20d031f0
222031e2d1b12de30de34fb1fd2a460ecfd03da1e5bfdd0111e3b222a11cdf34
fe204012ffd4e11c10c002e22e2fd12ed4cf004c400fdfe04ffebde333d3dffe
102d23ff0f2d3e551010e220222cdf2fd2ea22e150e6e0f14450c31bfcfad11e
203de3f3f10f4f3ee0f322f1d0d30e4dd230e230e231f4ce5042c0bceecc2e0d
1c5e02f2311df2ed112d2df1fb41ce320df3f324defcdec312e1edffec5f1023
161010cf1eef13df340e123231fe94b113efd35f24d1fcce00fe0434212e1213
eb2efedf1ec3fcbfe2fd6331ee3062321055dea0eefcf13fd1ddc4fed0420df2
1f015e323bce40ae4d0ecd504e0fb1eed3f0c3cd0e233f0f11fe2d41cdaec240
0f0e27d4ebf1f436ff3ed120ce26d05f011ed2121c2d13df117631a5225c1e0e
5f110c0fdf150fce31e5c9d33190d10f0d2fe033edef10f14101d201f0123fff
d0f232dd1ae1b121141e573c20211e02e0212150d103430111ff4e2ce02eb1f1
031f2bed401053d02235f13f421bcb4330f3d24305f07ef2b3edd6edde3143c0
efef7e04404e0e2221e3ce3f3c1f522fe043fc11c60b1f22104fa41d1ee5ee21
ef0a5c912dff3f19212b2c2f0040d612cff7f221ecee04f0b0203edf1c2e0415
d30400c11d1e0cee3d40eb4eff0ca03cabeceffa19f3442412b34c1f3fe4b020
32bfe1e10ce2b3ec04d521ff3323e1321e411e512fcf30f2f15f25e21b03203d
105fdee12fdfe54322ec32fdf1db554e41d1cef4f21dc4d1e442d3e5132d5ec0
e041121f293d302e3f42e32f3c01a4d224c6ddd13fb5ff3c3321ed2d0de12301
52fffde2c011316fd2163dfc23d044243105403e423ab0e4fd1eeecdfd031222
2f6f03e222f4c00032ebbdff02dcad0e5112009cd4cf31e320105d12023152fc
d10e12e12fde1de315f420d113d4ed4f2d43ebe54bfb3ee0de60fffdc614cf0a
ef11efd1e2dfd0db3d135eed002c1d01d2e51b0e1ecd113eff0effc1c4520001
dee2d0fce3a1035161fdfa5dd0126de4f4f26ce110e421521ffd0d1242d4e31e
10200f2ff22e34142fdc06fde21d55202f025e030f2cefbf0e7deee6d061c0fe
2f1d3e240c0ee31acbc2fbc129d13f02ca73c4bfe7efa4f7c0c4e3dc05364ecf
131010fd21ef1dd02f3139fe423fae2201260f3321db04e60330f214e360e42e
d9b92c41c12d3e0ba9c514e1d9200117a5e1e2db076ab643e2e2920acfdf0dd7
c42d01d1ec02e133de0a33f1d1eef24212dccde1242c3f0446fdcc2df543ce4f
4eeceeefe12002ff3403202bf2d30d0e00fd24c2e004f12d4ee5c014155ec4fd
f32ebff203f2b1ff4331cc4f3e0f1cf114341d11de2be002c2f3f1e011d144ce
165221af420de0010ffbfe13f3ec1b0ffc0cb02fdd09cdb25033bef0de6200df
45cd040d0de221c1060102fa01e0e03e03f1ffe4eee320f3633232d5152b6fef
ee1dd3fd04fd3d0053d122c13f3dbdd10e04d2efeee5ef34ce43233221f122ff
331ee3eeee10f35e1b541f4df11222d10c1cfd40b3032e24eff02ce22ff331c0
1dc22101f2e2b0e3f3fe73dded2322f11b2fbe2d05df2cddbc21de303f3dff1f
bccea3014adefbee35f0ce53fc542bd2211b72412ddbffe34ed55042020710fe
ddd00c001bd0d332ce23d33311fdf2de2d001b30fee5d420f11f370cfee60d41
21004df14e52bfcf111210e52ef2ce0032eb152d202315c34fdf55f13201200d
ffe2f11f1c33d0d3343bc1dd42ffeefbc0daf2134ebc2dc1414f122f634ac11c
500edfe2c641fea2e2f4e40cfe2dafb22f1ee35fe2de1c033f53ced7cdc252c3
3e4f10d201e2e313fdffe33c12f2f4dfe340d1f0dfecda3043e3dedfdfefd3c4
31ddcf30bdc0bfda2e05f0fe3fc042de24fc2e33c00df4f222221d43f4d60ed3
dfed0235eeb10cdeefd3fe612ac14d15e04de2430feccf0f60c3b122d5f5c000
f2d94517a1f944d1c7e22e21ffb7c2ee203fe4c0e02fdd33510301b2a20ffda1
2e14cd22ffc3455b4f15020e032af0fd1d1c3dbfe7013e2f02def3ff2f06f2ec
313e0df1f4202365233ddfec1d10b2f022401ced3e14e20f13eab142f0e0cff3
d32e10fedd0f5e3f2e4f01dfe2dc51f1fc2fe1a0173ae2f0012306f22f03df2d
f22d29f3ee24b3eee32432cc00d221222c1d136df000d6cf1f1b2ed0cb0ee2e3
4df301022deec49fc2e3f0b0effe5bed3311c66ec21acfc0f12eb0a3fe4d02cd
1eaff232cfd223e4dcf737b303321d221ffd0331e00b11fff3db02fcd1fcf121
343e3def212e40fd141ddf1e4e1dee0ff1430ecf33ecf12ed11c3014daf00f20
40443d6c212d002e420d4bb9d1d03e4223c6cbe2f5abfb14df0ced13f4dd3e26
21ce0f10f41f12b244bb01ddddfe0210f331061132f010d32f501bd401cfd1d2
fced51f1fed2e25202c15e53f22f3413eec0f0fdf0ece20df210dfd0fec5e150
4214eb3d2453f0c1e4140f3e2e1f7c3e212d4d033f0311bedf0fd22121d3220b
10011bef1dd320103353f0d3d052f1e12fe00c5fe01f321f2eddeff1e33edd1f
3b990020c2ce2fcfcfd707119cd4e324c4232ed94d0bc6f331dedf319d041d17
525d1624dc5f306e1d32f1feccfd4cf1215e13e5e411ceb4f0412eafd0eed12e
5bac45e3916c3ec9bef312b70b41edf502e1ff2f1063d525edb60d0fba1c4e01
42ddc513edee43022e21002d323234e2edc527cf20dec01e6e141511f7e2d0b4
c54fde2f4f11f2ef000e5e3fde4cafe01d150fbde3d4c53d00fcf6eb2e36101e
1e4ce0e1cf5c2f21fc52dc023010acdf3af001d2d2ffb0e4c034f1d516115edd
daf3134f05cd2eb093d247432e411db1f30d13611c35f02cfecff70ef2313233
41f3fed41dc260f401bddf554b1e4004effbeed10249b3f030a2002fe05c21da
2e3f30edffbfe411e1e35401e0104fdfce3b41341fe03f0f4ee1e64fcd34e122
f1ff3414d42f50ecfbc42026ed2dc322303515e41221f124de1ece2011ce11ed
3540ffff1dcf12d015e2d1d002d92f1e35c2fe1e2ec11c24f13eb011fe4e4f24
e005dc2dd4d4ce6c0ee4e50d2fe303a421f522f01f2435143fed2300ef2302ef
edff61401ee01cfbfd7665239d313af2e11bdbb9fe1f7f3dbe0235c017d0ef7f
0c2c0c05c31c42300e222cc21bdfd2f13d4b2601151ee3f1d3c1971ce452df10
d542e0143fe13713ed200101dec54042d3decc322ef3303037f11ffc0041c2fc
2f2f1121113d0ebb03032fdf4e6af212f1532590f5cb13301d4c12e4e34de20d
74eea40fd2f2eff241dffe4910dee70c04d3d52e3e00d1d46e1deeb0de32e4d0
0ff05c03fd03200e3323fc1e102abfd0ede3fb20411ee50dc02afe22d221a2f4
150d3ee4d2d2efb4dcf41a0510f2e4023c50d35fd4e3ef5121d2e22fed15c003
403f140e2d4feed0fca3c3d22eb1aedc051abe613dfbcfc3f00024e51f4900c2
0fc24d1f03f02f5b122345f5d2122dc3104ecec32efc3cfc500f23dcdde4f30e
6ffed11dfe104fa2fec2e2f03e02ecf20a210fd243330d434f5db03112fbcfcc
fc45dc124f0ffe41f10c0c231115e21ed2b5101ee11c12d1fec03f1f0ed12253
215241deeb532d9523f14dc11ff34b5d43410e2322ddecbd032df4f23c0b2deb
2d41d1131d51ffb3325105e411cc342f3dfeefe4f121fbd201eee0d314103000
4fde40c3f131c2ceb133e2331de0f3fe1f061ed1d0dcdeed40fb2eef2b2522ed
1f300d132efc0473fd02d42f3f00333ffeeecb00ce112ee413df20ede60eff22
4101ffe12c40b3da050451fcd35cce4ed32c3b634a0103ebf20f312010f0017c
6441eef0ecdec21b14fd30e32fdeddfe330fef61e1ec1e220110e3124cfd1e2a
f23ef2dd01cd0246f2ed023b2fc44c4f03ec107fefe41f0d6221f12405f0d2cc
fa1212beede21bfc102a5f0301fb1dd2df4751aee33d13eefd011e2ef140941f
00512ed2ef7e11dc1150353cd166fc0111c0037de011ff2cf33ee1cf115bc21f
1edf0450001011bb0135f213010303f10221222423f4efe1ecc0d2e330e20de4
622e54b1130ff3b432b3035f20cc9d11f9d0040e9551e4330ec4ec3ee11021df
e31f51b0db52e2ecdf45c24e200b35ef350dffefbcce1de121fe4fd2ded13305
4fee2613b0423cb51122e50efe00d12e123247015000fe231b423d01e01c3c1f
13ef20f03d106eef33d2b9c0104de4d12ffdc22eb0fdd01666dd025fbefdc115
de435e14100d3ec0dcb0e2ed0071a2c302f312bd46d0e3efed2ef3c1fa12f440
1eef1011f332f0324ef1e0fd50013c2d30fe34eb330ddf00143cd24e030b221c
ec0231e2efd00150efc35fc1f03d2f0f27332bb4ccfb3b003f143dacc0f1e251
4c330bd40b22f52de30c65effdecc37ef0e01c1effef2100221f0ee20feeef1d
1c213106415c30300de1cd132e333c2f2d152fe10500dce55fdd2d90cf11b43e
202f420d0e011ffc34314e5de2235d10041ccc11ece60121eed4dfde1501c060
e14500e10df24023ed43e0f32430ddf4730be352eedc326e33f9f1fcf1e7131b
f0414dc3d9bf20143c0c0d0f2355ee7c22132fda3f01f0f362ed2413de2bf033
12ece203fd2100e240e1d3e0600c1b30fc5a2f2ced04b5f4d3e4bf23f27e12cf
e2b561edf46d3f5441c203fccf0e34164eef31d22b0ef6faac5eeee3fd21c342
633e01234b2315d0cec00324b043efff1f1d11320dbeed1121fe54cd0c4dc10f
ecdec1cf33ec4fdcd1dad4f11f2f0c1313e2df11420300f2c53f0cb0d310d4f6
00afd6d4f1551121412afe1cf105b2fac64d1d0141c5c3b12db1f13d2f0d04ef
ded4124ce4d41321e6be5df0ce73413ff1df5d6e1e03e1332d52bd13da2e3010
fe24cd1db29de407edc2621c91efdc1f1c4c001ce2d50c01d54ae21a62310003
f19512d37ce7f3ec2f552af5550401eff402bb12d63255025ac3b3024ce4c1c0
d444324c20c350f2f4ff20c1905ab361d22fe3de42e3fcd0dece164cbdd03222
f0006d2bec40925b42ef4d6adf553152e5014cffcc21d540ebd6c0d1bedfccee
05fe3f2023fe126cdd0151301f33efc111e95dffafef1036f1d1d310c1f4d32f
20bf03ffe0cff1d202f33cbc50ffc2dec1eceaf320de0d4f3f0ece5f4d323f1f
23013ff21ef41f33c3e02c00c12220df001fc116e561e1e2c2ef4c111c0e31c1
fc21dcf1fef302420db0a00f4cdc21120f1bf41e4331ecd2c0f2ed0e4c21ec02
de0bff0145fee2ffed3ccff331141d0f3cd1c003b222dfe603e1e02c141c32f2
4be503ef34421fe3424f3fc0f0b3eef00e1e2e1c51bcd531dbe12b6fd25221ef
15230002151cf2fe3d3fd4c1fdd51164dfd235a3d9feffee23c4dc15b1bcf142
e4e5de1b5dac4d01c122bf31cb20f0fd53dece5ee22f3dacb4fb23120ff0bf1e
dab6c43e21dd146d45cfed593ccef09f3fb11c221e24e3f01d35c2e5e2c1adf5
534c045e3ef10d41b13f741d13d61f0261e35ccc2be1c0f130e11113042d43fd
31fee414fc1c35e91d0ccc1fc1f0b0e45f4dd1c01b21de5f5cd4b1d004003337
1beef21d11b45fc1f604adc211203f041f3cd13d35025aa23f3a436f3c230ef2
d61df23e1ccdbabe4002fdfd131e3304031c1b143e400e0b0a0fc23fc33d200d
23de3c341ee1021222eefffd40c5373c1ddcdfacb0fdb1f0ea322ccd1f2ec6ee
ff41a5c121b253c3b0ddcb15d41b2f3f0c45dc001fb1ec424b530101df4c0dd0
5f0aee0054f5523e7055cf0ec0fc9febd43de0f7652e6eb2262a22fb2ca05001
ba249ed449c100b2e0231ce203cf2bf11e14b27dd3cb2aaf02c2cdde3c5ced20
0cdf4d312e255fd1300df014bfef34bfc22edd4301d114c322fe0000fbc04d1d
3ee00313dd35d4e2a0eb2e12400de3ece00e22ecbd2e21ec2c231111c2e52cb1
eecf224fde0dfee0f4322aeedf142dbf243aec15504eef2dee125cfb542cf2ed
0d04ce552bc4ff061fefff3ddc023ecadef14f5d62411cfbffcb1fee31101dff
2ef513427c4e30d3110dbbdd2e21fe2ed4d4bef363102cfd3dde414200fe3f53
232d0101416b0204b109f2c351202dfb0e6f46bd52b5bcb57b3d04c22d1c3134
11e2ff1cf506ceddfe0603e00c00ee2053153133f733f5a49ecd403f4ce3fe0f
bc1a23314d102dbdc22f215c0efd16d2141b51f0dcf211fe0e3dee1fdcd34224
c0ed5a2ed3bc411fcbf51013ccf412311c0e32d4e1c07d4c5eee7221b453cb12
d3ed50015fd0f0bf2ec13effec13430d3ed4343e93de0ef10dbd344cb2e4f5f0
220d2f1ee14deeeede22433d2cefdc1f01410eb17fff0cb0ef2b212df411bb6d
6d2120fb020ea322ef3df301fd1eda5a442652d10144212e1aad3d540efdcfdf
5251332f30cff2cdb1fdef3df0c122dcbfde1542ddd4ecd359ec2ffc3fe35e25
c4f321dd1326be201e20df3e96e3efee46e5dd6d3fb0b4f5dfc3060d3f22e19c
7eed6efd0154b0d32de9e2d3d4ad3d264dbf569653be1610d25fa35f61d3223c
fb5d4afd0c0f4bd103e5ce1ddee74e442cfc4efced2151d1e13b0c0eb400c121
45fee331a346d30fa0d232de326404ecdd4feb5512d2f3d4145cb4d64e1f2de0
c42ed0fd33cd53ced23202ef4ee0cfe1de251f3d030bf14113dc4100114e230e
cfd22434d3e4eaa0f4f4d1e12023200eaeff231eeef912ed1210bf42e214e2bd
dd15ed2e03c0d05f4041031cf1b15be2f31e334c34e0dccdee513a41404002ef
ceae2f15b4fb104c1e3f500102212fdf51e2d43235bf03234e1fa3af0153231e
a4e2ccd92d44e15f3c53e10a11c221cdcb4cf043e0422ffbe3c5ede3de34eb07
de03c21f5e4ce05de134dcf151dd41c341d6ece322de01fe23cbc41d3bfcdfd1
0de3412c1b34d002f24dd000cecc1200ecc1e1a2b2d032011d5f4c3f3b2d53e9
4cecf2213b5c54ebee1c5ed1be53cf3bf1ed1c043fc2203d29d51ee2d4f4ece1
eab1c3441d42b55233c12cbc10e1e5e24100f0f44dd4e4202d13b5ed1b1d33d1
36160d0b0d2e1e2453ef0122ed3211c1fb11c1042c141c4b3332db5e551f444e
c9e03015ce4d214404ddb2c3c2242145d12bf2c2feee1011f0bc675f400eb1df
bffd3b423dc5145a1d0d5ec1a0cc1fe11101444c04bc0f3d44fb0c4f2112e12e
dc29c131c505d042eefc0224c4afdec0fcef000d44f0b44efa4e013431334db0
0c3c0edfd0c1af504f0115dbeebde023c53cf9122de11e12e6013046200e00ec
613c14d32524433d5036bd01f420e45edc160be12431211be63dcd121d10dd0c
0cd6f010bb4c111f21dcffef2e0430230f3011fe333e2b43f2ec5aae3e1f014f
e2f0e6623f0f0fb3321c21f2110cd1c2419c0433f24e001b231e2c1c236fb324
cc5f33ecd1f3ee333a341dd0fd412244d4e1eeb00351bf10361455023ed2dee1
d2c3dff3f01002d232ef02003f0523f0f4e1f2f571ec25300ae344d240f2df24
e5745b0ceccc4c5bed2f541c3115e32f3ceb44c6fef11af6240e3fbcdfffc4f4
c5d4eeeb5fde50ed1cf3feee5ff042cf42133ef020edf2404cd4dc3fdd3fbe2d
50a03de203d2bf14d4d45f6b3b3b31f103305f12d1cde4f0b12c024123050c4e
e35ffdecf2f34f13bfccd6fbf1af19093d4c6f0d2ff3fcfc44e90d4cdc2d4060
a6b4d1ff120b247e047fe1fa62f4dfadfd409053d16fdcef5a31dcff6eed2136
4ff043f5234e4430131ededf300c3e1fea3cc530cdf9ee3c1ae2403e0c4fc4e3
4c2e4205f3c2b20310ef3cec41a20ff3af13fe30b24c04d2e10240614fce0d3b
b2f2130e4b7ee10cc3e1eec10eceac2703e12dcff104dcfe023132c14e1fb0b5
abd3e4c05d1e53ed0dd4daed1054dbdf611243f5103613420be004e45b5e20ff
2f140f35de1e012e00ee24d2001fde00405423b2b5c50170f0ec6cd1000072c4
b45e0bc1bcfb01ec5e0bb4fe3efcfebf320b3ee53f21de113f0faeed3041df0d
f9e430e0f4bcee04d5dcd313db3cc06e3aff5cda0ff42455b6632fb41a003333
53ed1f0ffd1af1510dc3b301620f150ebe140110f1eeeae2314ecdfd1205ae24
5c23d5d1031ebe1d00e11cf2c1d1334562c3fde24df5ffefb3a3f0d3c4e0223d
ec2c4e2043df3f2f33fcc4ef15d220ffd0d1edd512ec35ecc1de31e40e51cc1d
eea3170fd544e4c335d12c41debff01d533ed461e000c1dc0c533d2f32f21c02
44e4231eeb2eed136d0d01f4e3a0124575275a0e2fab223cd2b4e043bc011c00
ed1d330db44124f1aefca24fdfd5ede323e4f4c2defce2293d2cfd611321c3c2
ddd2b3efec1030a0c4ec44b1c30111e00303ff032042c14bed1b02f41610fedb
516c40fdafde53fdb15ed7ce3c4ef11130c41513be1f1f5ffeb147affd30efb4
1d2e314d01dc5c03d24e31c5be3f1e3fdb0133c13ebf6434d0454e0e1b2613df
231ffc31e0043c1e2cdef006bdb451e4bf00e411a39fd34edf0523d1cd33a6b2
b41d3110adf0e4e0fb2bae2e5eff00c01f02c3c322052fcc0271d1bb23eeeddb
2ffefeb22cd4a2c0d4e22c3e31f1151bb5f4f03c24d0e7b322ff32b0003444d2
d4a2c02f35c23f006ce5010f6e05f14b40dfc3c4d22e1112fe404f15c2ddb3c2
10d5120d35b051e2fc2e21ee3e53b3c1f00025c63c31eb1cdcb2c4ae0fd3f3d2
e0f33be3dfb04bdef3febdd0c4d5ccd051d00611b1b1001d3345f1b1d1cee4ed
bef0dd324e3632302ef5fddb0d6ef104e2cde0e07221fdbd33561ff0c3310ce3
40f15f13104cb930fcede4c2113202f0b5d153f243dab44ac3225caf0520241b
cada431c2dc3eef447d6f4d4d0efed1a4df64c41f301ded3d24b002123306d0f
7f2947e4bc1ebdabc3201e05f7f2c0d452214da12ecf9fe202d2525e2e6e16de
d3bbb10c66f0f040260b1efde411fc520dd24d244e45c0dbe44e006f1f39fe03
541fdcf0fe6a3d503e5ec5af1c30df3421305e223b142e0e466f50191ebec21e
ecc03f3b15404204d12fe1fc7142e0e3f2ddbdc035e0ffdfdc4ece2effc23d23
1f2e334041e041e21f10f0e2c3c2ebfad35f403e20244b64542ffde9d0bc6e67
1fec3e3fd2d0044f3f132f65c3a2333e3311b5dc5401203f133111ef010ce4f0
5cef4d2e2e3f311f2d3a52e0c2126f037e1516a2cb3ef41f1e15e5fcf6cd43df
4de910ff2c03320026ca1fc411d402422dfe032252e516442093e6cbd711b704
452df0e42403ef112f03323d2e303504f3c2e1d1043dff733a01e32b034f32c4
ea0c310e033cf2cc05f302bd0e02142221d234e0b2cde4c42b10e43e05dc6446
313e06021110cb2325f315cc0fee421c4c326454301244be22bedf33322e2f2f
4f0dcdbeee0ae0c2c7d0fc03fc1ebaeb4fdeede102f1fbe1f431fd447e0dcfd3
bb55e1be422323ed433ebccf3f0b21e162b39fdd3eb3e1df34cc135ff431a0f2
ce10052700c3f12043f60c5df242b33d921b23303d132001cddd00e0f15f0f4f
c20b01e2f1e1df1bcbedeeb20ec2343011d231d2a2d0ae3c2040e210e4e1d2e2
12feecefff5b4e022dfceee1e32c200e0326c22c33ce42cffe013f43af302f13
55f3ee11125dc0510d0a2ddf13c22df4c120ef0b5214dec0ff4dedcd0de33f0f
6fe32fcebcf5efef4e332e0d1fb024d1c324dff1552d3c4c10344224d321311d
22d131021cc02fc324e32efdccdd231fc0fe2050c14fc2c3200be212d0e2413f
60f211ecddd6cf221e255f21c20bfd4ff311c5e3f39214bf0f03d2114a72a1ec
f1255e45c2f0050b2efe23d1c2f40536f32e300ce0fb05214a553e40a33c1ff3
bdcfc103101ff2dd0c153fe410ae003e3f303c3e54fe40411f5005d33c3231d2
6b605f45b0fde1de3eed45edbdf1fd10dae30103e14dd3f4eb2105fd4c0423c2
ebf290e22feb0bd55db1e6c9631e2db21fd503eebc153ec01611fc0ce0cde430
c0f43c232ff0d1d039d0330400f1251d50e00df2c1413fcef5d1fdfcde11e12d
4cfdbe00f0d21f51ef14f3cb011c190f1304b35153e70fa2b05f50ef63df5f1e
01c3d131a05cef21d315de9e6fff12202e4c4140d321ff45271b0e3ee4102f2e
30d000764deff0cee0faa4120de0e4ddee0d31416b500cd70a752d5eeae11de6
6bcb33203ee3ebec5df110fb230eef12f33c00defa123313224fa2d6fbc234f1
a56e2aee32f6304f1c322e32f3ec00c4a32df0543ee3f0fcca2e43c0ff01cdaf
a0125314e1d4dfb011360d0e2051ebcdd3efbd31ee3133cfd42cc2344be1e003
e334cf42d0a2d0f20ffe05db5343cffe27fd02cf1be62c3b0e02527e0030da11
553f51ef045c33faf11ae1d2defed4c67df22fae4df4c4fc49300330330fc1e0
410c352ea24230f02c1e3f13e1c1f4225d210f2db04ed36a2142cfefd1011dc1
2fb1db11af63f155c1ce2c74432bdc013fdded10b4040cacfe3e0d0d40d424dd
b3dfef4131e0e40f4e4befe3ff03ddc11d0e9e27ff2dc4a12fdcf5f161db093e
f01ff4dea6f15cfedd0d122bd12d14c33920334132ecdb0d4bd70e611ae9ee11
b2fd36d4ef33efec30ee3cfc4c33cd2e6126d6b10ce14d0dfbf1c1de12de321f
2ecc77e4e0633df1ff01451bc1ef2e40100fe4cdf30f1ed00cd0d32f2d32a330
204d11d20f43d145cee13f13d13d4ede1e21c03e0304012cdb015df42fee55f1
1131f3d01f1f0e5e5cd32ad6321f554cfd3c4f454dfffdd2ee054ab210fa53dd
f45c0fec2b1914413f0fefee43d4321c1f25c13414d452e0d70e1d31adf1d241
1360cde23fc001b39be71beee1c3d1fec52ab0ebe2e1e123d5042e10a2f2e1ed
ef2fc2dc1e2d30feeebe42e403f2d2d542f34131f04432335149361d6330edef
44b241a1f3e2dbcce2e434f1140ecc23dd62dd4ee1dfde4fdf160c6e42cc0ff0
d00f22fdcf3dbb4ecfe542045e14d190b50fdf4a031d1d26e22d1d5cecffd3d4
dfc12f0e03dfee121f11541323c02f1d11314325be503edeed0d6f9c43dde0a1
bc50ec1cd424d0e30ffcec34dd013110b43e4544ce3506222ef360210ffffe0f
02254ddd04c5103c3ff2b0e6df1d51e5dd1db72e1a7e13ecf1b10b01ec5a5ef1
bff210ec02dd2e5ffde1d620bf122141e7325be3d2b04cbb29445ebc62f510d3
ffcd1adc2bd32054e4d3e332fe136521332f1d4330260f0ee330224440eeed3d
119cdfe32736e3ebe0c622de5bfca1a16e6cf2214542aac5bcdd1d52ccd07400
0f153213c2b4402bed5f05f313f24dfefbff2ad61eef163b10024e2c0b742c90
eef53331a232fb1de4491f0fd414e14e52242f541b530f5d42e5e92552cdedc0
04ba4a5515ec4bcca0942d244e64f2920df2441fbbecb034bb9e3329c5fe3f27
2e2e14ffb29cf0ed2c32623ea12bd442440320adae29df430e2ffe02a394453f
5cd1c1b33c2fc3742cf9ecfef102ea5bef24dd0be00d33923ce0132c3cccb5b0
2d25f0e30f42dc231011df121c2445302e10fc2322e224c414fb4f245ca523e3
dca322c2b2e15dfd9e45e43fb251c030363b4a2e0d9c2201ed2cef1d41c2cd30
4113bf5240efd54061c23ddaf3bd42ec10bc40be302230fe125cbeec213034d0
3151b5c50c4fb0d0d11bf4f943941209510aefe31335ddd230f11bb7cf5fef2c
c21141d103413602614225e2d3b0d631fff5fbc304b145f00d0a211214f4d6cb
3d0af142e100d5313d3f113c3f14355c12cc01e2dda0ed4d00e101240d4103c3
aeb131003def2c2ea3220c63413e1554b10bcfed1fdf142bee0fe444ee11c030
e0feaf0c41e1a00f32bd034dcfbc20cff0e42b25da2e021dbdef4a3eee314e3d
274fcd23d0d005b1eddf01cc71a3c4cd3eaecf54ebce301fd5ce55e0c00ef101
50dd50dd3f20c13e23b02600c24ccee02bfdc3ee201d12fd14d1d04f142bf3ff
314ecd2031d2330d31b112e1d4fedcbfd62700fa921de2074f39e5bbb235e123
ad24f5f41cd0ec25ce1e4bc3002340d210e210f5213cf0d024df2e524f2200dd
e111ef03103fe55e0bc113ce0f0c3d1203dd02d10cc23a1d022e4adaf4a04200
4ef20be1cd1c020dfdd2fff20b402abf5cd0b3e513533ff59cbc4ed230020fdc
2e10430fe1aed02dd20e2231bfe1ca022c20cde10bf2f4cfe22beb3fd0e33f4f
4101202210ecd10ed20b2910fd0f4dec42ccf1dfb4d41f454cf114e1444143f2
dfc3c42624fd31cf33b4bc307e1b391df3e213e240c1f035f5e31435f6efbfe0
254fdfe023e4420c21c302fe2ed1be902d1e3034ef5cdd15a5fcc22fc604435f
91d3e7fd44b211f4ee1302013dd335e1ee0c6fd1dbf4fe1e43ec4eb144d5c0dc
41af03f40d1339bbed5555dde317edf3ad41bd32f65e2aec2400e2fdf531ed74
e01114ceffddd5df5c1bf3e5413fb1d0411ec50fd3d9fcce0c2adcc119ff644c
cc519eb013f5c4fc2eac39e343e31b426dc1d2f3151e25d1de0c2e0c043e41fc
e0cbf1c0c1bb3e41f04011d3bd020d04332f4e4431da4fc53b3d40b0eefcafbf
20cce3d40ca3eb3bb0d4f1e3fc245d13c32114e30b12d54b11dd544ed14f4c4f
3d22d1f014fface0efb04ee1bdef721cf3af3fdb0e17d51ca2f50f71332e7ae1
f242bd4edcc4dfd1c031dffdb040135145e022e4cfdd41bccd105ff1fb423052
b015dc1c14fdf9ce03e11d56c3e24231aedfd92e06e2d0cb1b3e6dfd5e3ec11f
12120b03130eced0e5d101e220c40eaf0b2e04332f2df1ee002e32323e5db0ff
effe22121532f57eeb130dcdfdb04ddfecf11202c31f4fcc1511b0dd105e70ac
5f1e4b14311ff50e341c554d04111dccceefe41e33400e003e1f434a1112e231
0c4db44133c4d333ff0fdcf1de0de13ef21f2ffecafdf33f002103e1bfabb430
30a0fd4d32495f0341eed1a1c4140c002e2ee440efd6cc30bd03fed5abca4f1f
cd3edfcf30a2351fcc33c053b35df2f31fdfd5e1eebed5c23d2be2a143bfd110
c11fe92cf1ff2d1ed1c21d31b042433cde04ef414e403ec4bdebeec1cfa1442d
f2a012de1dbf304f01f74fe41de5ff30101e232fced021c2de22fdccf11dcec2
2174d2b5044c4ee1f14bfa0d40ebf14e0ee2ce2b200e1f332cd2ed10102133c1
300e1315155115ff12cdbfdb01203040e3f6dffce06e263eec1b032c0b5ede31
4e42d93bad05332eb1df0fc250de3e2c11ffe4f42fd03301e2f3055d3f0fe67d
f1c90df3effb231ce2cf22fed31432e2bf121fe1e440dd2303f4104314221b24
f31c4f4f43d30b20bc030bfbb1ef330ee400f4cf4ee41d1fc30c3c214a34f2bf
4253fd044c1fdccc3ddc05d121bfc01354e1ffd3f433edd006fbd5eeac2054b0
0d30013b1035f4e1e1bb5b1dcd5eceb0adf42f2d201311f3f02df0313ee44721
0fce1e3b00d1c3ce4df41e0141c174c2dcd21d334135f30106ff0e04530cf00f
24c0254e53630e104c500e04cef25acffb03add44643f13e5fb452d2632be2ec
14ecd0d44314e31cd245dc4f62f42e260c44c772e45e003543011e1dd0c4e34c
bc4cd0be2fd3b1242154620effcf634ae21410cd6d06ade1cf432de1ade12250
347110a6fb44fc5d1ce1212a42a4e3e3ee23ac4919c6039c3f41f42ab4ffb3ed
25021fcdb13fef00cc20e6e1ce1dcb4e35dd0ddcf94c23c4e2ed2d61320f512f
2024350092fe44de4cf2e2ff30f22e2c250ed50be1fde1f0cae3b3ce051c1f34
fdce0f30e22aec374e0df21ae4e040400913d0e2cc25be0a011e003ff53f2e20
0cbcb340d0061222c552d111ef5e02e02d2b153b0bf232c14e32e02bed11214e
fe311d033f6dc23ef5231e3d17f3410e0bfeecc11ed3ed4ac430fec6f052d014
1ebfccbe200d023fc4bc21bb3fc325ddaadd1251f242e2dd13f1f236122d4301
f1416ad2cad13b4014f35a4ec52d2df33d44c2e21fc41d5eabfc03de0c03c47f
e2101cbc0e101ed23144e321500ce00ffdd32d141bfd015d24051213325ffef3
2044133c3c232fbf0dc231df23e013c04ece4a24d344f03c0ed1bb0209cdc201
b423a6d1e521b405fe5c9d174d3e532dfceecfd42060e009ee3471d00becfd1d
1343dced73be1dd5e4fea143415c5f1fe2e1e5efd6fe006dd4eeb3526dd342a1
21ff7b1d220f1e2fce23d0dcbe1cceb233c13e3c220020deda1200eddcdef022
5d01dd6e01ef32b3d1bffa043d3dabf3035106cee1fd2b03335cc5b0cd0300ed
0e41fb265bf420eda3706203e0e444f2cc4f442bd1b0d3e2930a02cc2c17d213
de510e57efcf314c0e34310e1053d2fd0eecfff1520bf6ad00de30f3f924bfd3
3062d1137fb011100341fb1dba7d03edc205de23bbeb3216dd3b02dbd342adff
b1053ece414b0c3ffb2f24fa2e00121fcceb0eff3d212cfcd015fd2664f0130e
ecf0163bee424de13dca3af7f032f2c4011a0de5be3c211036d1c324ee0e43ed
12e32f40c43bfdc3d053ef010040de5132404310053fa3b43ce1edbe3c0ff2f4
e1b05cc0bd6bfce2a4f402c1c01065f2edf2e2f4110ee330fe13d6acc5ffe2e3
df52e15c50341fb240e4ee4ddef140f02d3522e0c3c143dff10f0c2f2211f323
feaee101bc0f324f4f52ed96032d4d6c5ff5db3532d1f50ccf06ecddba5c43d1
102f4b4dfc02514b3eede135e353529f12552c2d3653d14224eef1d0be01dd40
2d0ff51cd2dc4fffdc93a411523e13221ed21d154b3d4432d2e4ceede3d1202c
3cd22de20d027cb1dd33e0e45f03d6e430025dcf12be1f31d10d062c33b3deee
de01f3eee5e414034022ccf11dfc266e41e642232c5d042b0c36ca2d150f5eae
dcb3fc03f3e03e6ec30e423fcd4f004a9ce2764a0ad6229eedd222ef1bc00141
2cfddb3bad5ed424c0302ceb63fc3211f041e1b04fa004ffcb2344be5551d0fd
fe23f10ff3e093e350b4d1c0b2fb400bde112df65dd27ce11e3b310266f53def
2c00c4da1e40f53151d2300ecfe33d4f73cffbf05d43e1e12442a54b43bcd21e
ebbae104b0a5efbdbe2ee23e240eeca5e01eed3c45f1dd33101fcd3af1ff44e1
dd42fd123eb234144e03cfff021e10a45305342dd4ec19405e001fff2ee0f412
3dfd4d45f0c30d41131656ece30dd3114205f1040b14043e450210f20d01df42
cceb5324bffe354abed1ddbeaf64d6e0d204fead0f43b25eea22d5cac3e10af4
1ced15dfd441032ff1b0ee41e41d115f3123410cff7bd04dff3dee0d301002ff
43f3ebd623f6ddd3f21ee1c53123df322d3e1c2dc4d503fd0bed6de44df35120
6bdc0ef2bcef3e42df2f0db55b01f16ff0ef0b1f42ddfe5efb12beb29c5e53a3
2def02f3eb4116244122201211b2e5ca1d0beb2f3d1ec1fd3542c23db0212153
cc2040f43241e2fcfb2f4f312105b12614e011310410ffd50ffbe0cb44e0c32d
5d3ecc57c2cbfb1db09104f212350010effed03ac55f1f37df40bf55dd004eb3
b3ddf33dedf2b53ee1b2df4e90430d00d2c1163b0e126d355dbbe3b3205ef043
f362ee33542b33d00721ff2ec4213ed15203dbe25e01e1d02306e2e5143fcb21
23e11402feec4c12002e1d3cf2d03fb2dbfffef0c215de0a2ff04b1d52ed7030
bf43cb013fe103ef1fe0cc11e21531de1212c1eea0d1dc4206c3a6c51beee210
4e2f3232cd43413f2a3424dfeb12d2a5342402b40fecd4dc00c2c42f0fe2cd31
ee3d16cae2b533bee3f13ed2b2d35deeccffd23d3f2ef1113411d541bbfcfcfd
bdc0fb220ed4025acef1d52be26ff2c0e20c26e2bebc1c631ddde7f04d6ec5e4
321f03fa3edcee5340bcfc5071defd3c1002241b0444efd0e0e72a42fe6e10ff
621e0e0c2c52ec3eebbfff234d1d316e14e020d1e5cc3fc3fef3dcf01e11a41f
e13db5953205d114452a13e27cf0d2423fad3040dff52d1e4c1f5c3013deb1c4
22111602ed000fc22ef0ecf3444cf01d00912d23c52000c7bd3e7c44633233a4
c1fcf1223150b5ee34bb2c2114ee1d2d222bdf1f4e2020fdde2efe4f1b205020
ee3ec9dce02b325fe02ef5224d033efd00daf307b025dfef0430dbf7bdc35d12
d2106c4ef1efef12e3330050c241f1d22151233ddadf3029e62df41f5afdee42
d0b1e3e2c31fd3331d1df3f32ef3cadc1ef30c3e213502d0e4112b3faeea1c5d
b5edf3ce342233a7c2b2c2df3d2b142be0d51212ce24e3af301031bee12cfdf1
0bedfcee024c0befa224fedcb4f5d4a3e3fd000f04ee543115d234fe1ba0e253
d02cc350dd4f110211404c33d3013400a033253db3cddbeebbfef0d3cd12fc02
02d2ce112ffe20f52c4ed411df2f5ee224ffeb1c351e2d320fd5c001df00410f
ddee1bd360ab4230d11ffeeb254c65211e0ef0c26e242b5c0000bfbe220c09e0
e04d0ee003f443efcc03df3221d400edf0d11d2364b32a3db30ef1011d2d3f43
2d30cf4c4de01c3ee046c0c9cfff32f0f54120edd10c90535b1fffff2df32dc5
3a221e9f0f30313eb1104f55a41ef0c364d6b3f13e0d013c0fab50d26bf52f3e
ed303e4fdf32cd3423ffcff0fefc54f03d04b0aeeffb204cf14f00362a1d32d3
b312dc172f112e4205ed0e0f42ddcc3fe1fd002d10de23ded1544ed42f54e23d
31bf3dd1c4f11f4dbc11dfd5203c4e33eeeed1ef030ec9add2e0ddfefd10b1df
0fd253cd4790f1f4eef3ff0356c1c5d32c0f011411310d4d64c4ad0b014efc41
02400a1b4e3cf440f3d0d6cf4cfde0ee1d1e3cae11cedef4ad6fbc0de4eab4e5
e2edd100232defc5f02b12e00eccec000f114d11ece11adc1e3f21ede230d31b
6a1e5d94023301effe511a1d23fcb0fd62d51013f1b2f12c46ce3f4044310cb9
f3b70f421311e01e2f2101c2004d2f2b3d00db2c212f450ef3f01fc3220e030f
a4b6612555fd12522ecc6b03213c041ef3320d0f14ea40d23f1121cd4e342e34
bdf120b5412fcdfec3d6204e1610342663f61c7341c22fe40e2134ed4eaefe33
9240d0ebf1e2ed4fd1f03e433fded1ce373d3023aceee2256e02c14ef1e44e52
2a4c003e1c2ce232e2d4224df1ed0fdcd2efb1ee2322fc1f0d0fcd5fefd43fa6
21f3f314e0e42435022eefef6d42141fd1edd0022c4035dc1e1cfeafef5f371f
e0915dccb0b24030330deebff403fee2450ec2112c2e022f5f03ca5300303d57
d2e0fce4411bedfea0fd0c2511431e1e0091015e33de42103fcd5cf1304f13f0
31fee311ede0f1c0d0ef09144ffe23c641fee3d5fcb22edefee0320fff214d2e
4fbc57166f0f41f513ecdee3155b20e120a3d1161afdedfd1dba0c1e211fe11e
62fad232afe033d1645532ef422eed1f42414d0704d0c47e32f4d0e12e4d121b
ea240f1a1aea1db00e44130d2cec0d93e3eef10eaffd22d011e1fd4e22100ff2
50421e06011ce31b3f1141dfee2d1046b2ebff2d4505232b2e330ebdc5afd301
3f31dec4422e01cc220ae63ead1e344b1b10210071b4e09bc360c1cde20201da
c263b41d5d321ee3c13306410b066f2e1012dd1222c31e35ecf124cdf132ed94
25fd13debd32f3c00036beefe31e1dd4402d4efe2231ae4fef22b31f0f00ed0f
6df164d2d53fed3d411af02042eefd30d20e1124ea12ed1fe20e0f00e2efe0f1
0011e23e124ca239e23405b103e14ca253201ef21fa0a1e51c32cb1fef33cfa4
f03efd56c53e22d500eba1217df20d41e1c22300f5023031b22dac2bdf15e104
4d100de32f323deee41c931f102ef60d00031244f0ee44d2e7409cde0d5f06e0
31c0f3e3ff0cfa4b1d1ffced0d2c213e4fb4f30154a3ed1d21e1abe9f211ce60
53f40e0fcebccfc3e22e6def60d22fa023ddef03230dcdfe5eb32f63df3b3f41
4053ac4ed010f0d0ce3cd20ff931ed0bb15002f10d16e32e930024d01e30f1a0
ecdb5d32e42d220c033ef2d0f00df12c0fec6ded13242b24fe509f4ac5b2f333
edd3ec20d1e34ffec61feff0f0f6bf00d151fb1d3001ff32e3ed34f3d3f41203
0ffdc5cf4e11f3e6f4ffbd7de05e2d29cf061f0d23ebfcc0ffec11fd22f5c135
0e4d21d240c030d03edddf5215d65b104fc0fdc01020f3001ccd22f00015d04e
f043fd100c391e013e1fc3029d0f32cdd3e3e40a202c243d3cf0fc11cd3bf12c
be1b30fd4dd23b024d221010d0fdf0035320f3ffd720021e00fdfc03ee17bcf4
ef4e10dfcd051fb3e07ddcc311d14dfe12f60132c1b11360ed2210011d0f22ec
2c33f2da2f120011d0e1ec411db5cfd07b4d554500e230be3cebfdd12510fb30
d13fce3fb32d32c4cc0ba4042f1314230425c15c31aa03dac36fdee12ceeff21
00e30f1e24fe1f5c21301d015205e263e3240f43f204f1eee3fffffd3f2044f0
35ecedc2ddde30eed31d12bf1e132251de51ce11d5b03d6000dcc1dde1ee3c16
e5340fde413012b21114001f04106ee13e40322055f2a2320f2134fede1bcb22
2c35441ce0ea1d120144e1020eef30ff32dce02e3d2cc254f2d33f2fddca2ebe
22ccf1f1dd10f113bee31ffeb02311fdefe31ded4fb500eee00ea220fdfdcdc0
b0dfec0ded22ed0200340112005c154f2f5112511fff5142fd330e4225de2254
e2d40f0341141cee1b0402ce3dcd92ffefdf20e2ce02f360c1f12c21f4104315
6e14fc39fde42e42d35d0cef2cd2b9f4c30402f30d33221efbeb5107c04501eb
f22fe3eb311cf04f123dfead5de4d1ce0efcffe0f0352b5cfdeeef12223e31d3
e16f44e2030371e534cbf1101210dcc200bd27351f434ff2cf11dedd1e63ee10
24cc2036212f024eeff15f333d3cf05f202196f12c5f102f14f463343cc4d232
0daf26c4d150ebeff32edde0ef01e363e3ad044f4e1c3d2df61e6ee02df1531b
10e12fba2e303df4cfe00cf00fe21ce6f2352c233dd413561ee363123475345b
14ddefc1223f2f20d15311cc331e03cf204b10e1a530ef033e3dc314d452c1df
cd23ebfcf0d2ecdab204d0cd001df4c3fb10112fe2defe6110ceef41fdefde05
22110e0042cff1e120c3bf0500e00e2d1e1dfff131df4bb321e5db3f21ac2205
021221ce32334e321b4e01ffe00ee13e3e3d2c1fed40ff545f34fef0012bcff1
1324d2dfa40331e30dcb2f42f00ff1540ec1fe524fe0f2ee1f6032ef101f23ea
205cee6e4f101bdbccf13d0242b431fe1270c31075f3f1defff141343d3330ff
ef143231f0011e4e42df1dd100babffc0dc20d0fdcd95d3b1e013d1d3ebc333d
21bfe0f25e012e33c032bc11dd01ffbc3f0302e11e11eb4310bdee4fd0ca0cef
31d12dd1d3f1d00f2d3d30e102df10ae2f5042e1913f151c11f04edde052bfcc
3fd02b4f02c20eedb123e1dd3fe1c01b0f2cefd10efeee40e11cf1013dbe0344
53001d00dcebc4ed1cf00d110fdd52e32c50d0e1c000d14420ee03ecfdce14b3
3ecf4370010be3014f2c1f22e0eb3ccd00d4eb0ff4ddf0c11d020d51eed30f36
d30eed30022ecbf03f01d3ee2f00354df111cb5e21354ca2e02012ff31e1be0c
374bfd7e010dd705f2ddb3fc0e1fe01eb27d1f2e55ef020ddf2014effecd33b1
05de1ffcac0e0dd02c320efe3d0301c2bed0efc02321eb0c1ed5040cf32e1c1f
1013432d53e2deff33d26f54f2132c5fde5213f34d03102103fd40c3130ddfed
db100f01966efd66c7ecc01412fe225f05c5c16f13221e2e141a40143c35134a
554201defe04eb269f445f9d104d500924d5ebbdef3502ef3cfc01ef94b2949c
101e10f14deef132f00fe01202d5ed32dddee30c1d20ff4e1dd24c0dfef0f26f
00e3df404dc1050f14244d1e05010efe3f51f10221331004ef12325e64fbffc1
245c2febf0fde31fff1023dc210d01c9ccd4101142fda1240f44e0f031105ff3
1cd02f001e0cff0d4e325f1000130012e05ede1fedfee45041f64e2e2becd124
14f1b122df4a09bb421c031e302f4200d3dcff22e31ebd32ce14bde19ffe5302
3b40dffd4b2433d402fdef103b041fa12cec2fd0c2f3c6d0c0df130f215f03f1
3eadf1e211e301e3b31d3e111d3f4e0d4d212305dbbf1fe12de3c2f11f51dceb
2e51120dcbdec14f03f26b3efff24dea9e5edbcd234fdedf30d2f0e222021efc
fe10ebecbfe320f4b4ede21df300df12d0c36bf4f3cee342de2f3c01301cee40
202ef4311e4ab0151f14ed63012e712f3ed31043b5f1d1db32e4215ff621cc1f
eade22230ed35efff1d0dd20c103e02e3d1c4242d3dc2d021fe3121163003c35
601c332c4ec4f1b440012c3d230fc011e22bc3f5ded0dd20d0dcd1d61a3241f2
23bd5f1d1f1dd2004f1012e1342240e615f1ef3eeffd0ffc13352e10263af11c
de1f1f39ff91e0b431fe41e24df0e1f2ec0d0db2f3c31d004c20d011201d3d45
351511ffde23f00f40120523fef0cf21a11d01f560231ef0030ee4a3ff3e33ec
40053040402fe11161cedfd12012ee7a3d5e230055d11ddb004d359e4e0f07e0
23d02b0d2e1130fffe3de6ccee11ce011e003b5c57e0c2c30041301bdeef3fc2
352f32ee2be035f905f1442fc1ff1d9212611fbe9ff2b31efad1e211b40b3f36
cfc11f43ed4500d2ee2d20a1212202fc215c2cdf320023dde443603e2d3171d1
ff3b3112e209a23310de213d1f3c22edd44eb4023e4ee1f34e00e3e2111fcfdd
f0eefdf0604cc3235125c03ccf0dfe4e02dded3e12f02df2f2451dbd0f20e0fe
ec102303eec011fb10b4d3ac021bd4bd0efa212ffd4fdfbcea22c231e2d3bc00
02fab041adf3201c1e0f02ddad104d2c2fe62d01f01e214b2125c423e04c0fc1
2232141d121f3e3e320f4be3d2a9be1f2fd65df221f151ddd3dc6e2d334d3fea
91f30f7c23ef41012d1e124c7d25c2532d3fe1613e176d22c13c44ef23dcf333
24ecc3dc02f000f3fe24c14ed2ff0dfd4ef01e1d911223ef2d3edbf103221245
2e03ddf34ff2f30c2d016dc20eeface10ecc6d03edbbf4b4dce03f4c01ecdcbe
2ad34024ef1337fb20010c462e04ff0ee0d1f0d23f3e62a9f30e6fce12f0e234
4e25f04d322bb13550223df4ded2ec06352df0e1123fec6cfea4ce2edfe330f2
d413010cfffd06df1ecf55b1234e2333cb40daedfd7150e4df3235dbc1ea32d4
cefbeef63322fdcc0e13b011a22cc22f221eedfcfde1ef022521de322ce4de24
02e6cfc41d0eef73d0cfd14f121f1022c057b152ee522f4413b062c41135f323
dd153fe0de101e2422f25c2043edcde22de513de3d5d229240c021d2efd31fcb
40d33341b26b10020129fe62f03f001cc603f13c6610420be3f014133ee2f36c
e1f4e4a1610320410ef42e32e3f033f3e21f30d11413e5d2fefe62d35e3def15
aeb5f1ffc1c0103c2e11210f1cd1cf10d012f442f3bf4032edeec01e3e03ee1d
00bd1deb0ee53ec1f4e5e51dc1224d0cf0f151cff9fff0f53ad2de29245c0b1e
10421c32f31f0e1b4aeec0530ffcb41eedd221110e2ae0c4b5233e110100be0c
336cd07dc11ef0fa4010041bf01fc33cc0310dddf4a1c4b2cef43ff40ece31ae
e0c21fff41f10d3230ed5ec10e330ffeecbf03246130d0cd1e2fdf1f26e4b4c9
d4104fb102fd532df524e111f34200dfc23d0f4331d33fe52e53be4131221d45
e13ad0f03e14412000e5de2de30d2db4f046e0cffc1e012d0d12ba4ef4b61de4
340daaf0cbefddea120212109dd402cfee5d00da93a211cfbcdf33e1b2c1d2e4
0f112fe51f1fb116cd395cf34ee1cd31f004e2d0df22110acdbcb42d00f022b2
bee0cb0e00afdcd53ff3dd0123f43ee14ed22db24231f3dc4e003d5302121c31
4df03e0030efb0403c06f9430f90c0ed2d2220ef03092e5c10c11f4119103f2f
32b314246041f092f0dd3d4ccb0f02f1f01eedff50d11cfec4ad33ff30fab2ff
0be3fa3d63c5112213eb1d3e422113ebccb102b0fc310dd1ddcde21dd030220d
20efd0f6a211fe2edf02e1c0fd2ef011bdd4f20f142fdc4e1230efa542f4d100
dc4f112b5ddf32f023f4253c01f2e1d4ffe1f22d15eed63110042442d32dff43
6ede31ef62fd141d7f11d145f0b9aadc131152c33feafd7ef0911b0d3e3360ff
2edee1d41522e10e1ff3fef114fc23e12af42c3220c0d00fe4570b6bf7300053
741403d9cd331e31d14ed024e4d5c0c3f3e3f2c4e2eed2201e01bec54f1de1dd
44f44425413fe211cffe30edbd2135ebee2dcebcbfee2d15f4eef40201bdac12
4e5f9f5e3ff04dbed21be33d11042fce014e12c210cfc5722e35273212ff40f3
1dd34d2fb1ec24e6ee0ef6213e3fdf0d2eb0f10b4cde104c2effe4fd0e1e113c
27b3203f10301211d32ef12df2d1255da0d4df2e0f17e0a994cf21221fc2d532
ff15d47f1c5f05ccf22ef0c04ce5e3452b22eedc001f6a35355c217241d0f2c2
01a11fe3ff311bdda1be31ece0bf20eff31eb0f0d223dbd13df4ef1fe01fe12e
211d1f33f5312126510111d710cfed431203442360d10533dff2041ee2f0244d
1ef4f233d1e1f2229e120f12e064d3e0f0e000ddc0223d5f004e2a4b240deeb1
9722bdfeb12f21de12fc46f3aef0edfda02d2dde11d045c1d1ecec1d57f00fda
52db00f520e00b34e0b1f00d22cc5dbee056bd5e13c5bedd5efec5f2e0ddd224
33d40d00b2eae13e022f10fedf4023d1a06f6d24fe2eeecc10d0b34e02fb3d12
d3ffd12dec51beeb137f24beefb4337cee2a2cdd2cec0c0d19f94f611f4f1a0a
05dfdf0f010efa2d54eff5e0021ecb606313cf1d33e233330dd20011c35f21bf
b12dc5c23d30e1f00f01dc2ec1e0ee0d0bed43d2c3c1f32edced5ced323f13ee
3300e103e3104ec134f2e5d0b371e2fd3f9e0125fc3b4f52f030dc312210ecc1
df4f20dc3c3031d2d00f02d2e34eeef01e231ee25d4f0dfdc35fccdc0614fd12
e100dd1ffefd4d01ecfb20eca4efef0ed4f2c3dd5291d12fc3f5a2e3deec5f3f
13a0e32df4c14a0f41f1f200d3a02e101ec33210d20e4fde3f1f10062102ffe1
140d302caa0ccb02231ee1feb73910ccb5ffe23c037fc3d9da1d1fe2453325fc
effdef21ed1feb9e4ef6e5c0f402efe0eb0d1f20fdc623ddf2da7f01f1c4130b
00c300fcf63031ef495ff11d305fd2011e0e50e14c50ff4ef522dd3100402e3f
d1d624e0cced1d3240731b04df2f1ece3f095fede1010ed230ee4047e4f43029
e5ce00300121e1f02ef0efe2e00ae329bf0f2d13116f10cb0ffb020b02032c5a
2df3f1a21cd2f323f4cdfcc1a0e2e522cf520011ffb103efefde20d3ffcf920f
cfdc2fffe20d0d4110221ef2f1bc4e0eced22c32b5215d4e2a3d24363d541002
6c21f163c0c014434ed7ee1e1d4f04ddf0e31132a21cd2025d0537eedc402102
2e0e20e140d62be1edbfed234dfcdc01c1f1353d07dfefe3fdfedfc0e0d433e5
31f44f33d111943eeb2d0cc22d1fd2e0bf0d210dfe24e42f1e10cfe0152c2c3c
c334015ce3eece1d2cc14dde21013d1ef05cef130ddc1ad009e90c40417f1d31
15e2ff31d5b1f0ddddd0e1afd5fe02f34f523ed1afefcfab4c1493022ef0a43d
0d214142203c1dd4011fee6e5c222e01cddb002ff0bdceee21fa513ce0e33f3e
0f1ef041efde1bd35b443c4be1cc02ed101c0e041de23d10ea103b001f5f4d1d
0ee11f30bdd0d5de053ff2f12e2eff3e4e20fc2011b412d1ff35dcfb21c220f0
0f02c24b52d325bdbafc14e31f6f3d12e2112ec36f255244e4e13ed31e00bbbd
3049fbc7249e0214f2a0f0c1d2f33b0260213d3e1f0f952f3312ffcc9c5cfe25
6ef05be69f192e1f24114f5c52d104d0a2fdc13ec13c1edc4a103e151d0b4e53
1fbc5ff2e120f147f420fd40c0dba31dd0de322f34def034ec0fa4edc1ce6120
19410feefe3200304311cd4e3211c3e411eb132c22fefd5e129f430ecd1e3200
00d3313fed10e2126e102c4d1f11e324411e51efdee722d2212cd1e6f3122d2e
3ddf34a153c042d03c131491431c314200f3cc33203013ecc010ffd2d0250124
ccfe30d1f22f1b24fd1161e015e0c2e01eb1c1e5bf2ebaeddcf14ef1fec233f3
09d61302351021d0203f0fe20f33d6e1cd0d131cfbfac01d0f12e3feee2ed37c
cf073d41cc34bf14a44d35c2d0f301f40e105f1ffb6bf341f1333d3943df1f61
0bffe02201c112007402df2f42c0cbe2fd04e12afe13422e3bf10333d3f60014
2f2f3fdf172124234d60c1d522f111024ebed24d1decfe3f03510fe22e3413fe
1aed42d12132c2515e00e00f1d7ee042b5bda100011fcf020effdf26e34f2cc2
cfcefdcee4ff0e4134d1f23324bf10f13d21421b310d3e0414d33c10dd3ee3ef
ce12ce4b231e0bba01021e32ce301d5b2de1d1fc3e420cf0de1d2bc5f1f0bc21
e3d010f0912bf2e0fe2efe2ee2ff3d1cdf030c0d2ef31ecec0e31f232ec3130d
bccef400eef30deff123d721d7eaeed9fac42c33361f0120eeebd1e4310002fa
e4c01d04a1cfb213d0cc0dfecddec12e1f41e2221121c39d21f2e3de0f2e2e50
2ff64ffff322d7f1d22e5c3eddf31520dd044e030c33f52cd0eff40001ff113f
d3f2e2eededb0f31001e00ed4c333e0f9d1c31d45f3113d25014f3302eec2b31
0f3f422413e41f2354c2104062011ec11ff0f2f2ffd111f2ff2beffeee253343
ee2f033e2de13e2be11044dfd3bf0fe112fe210f10ff324302dde1103e002fa0
d111ffbf0c30cedc4df031210f142ee1490ed2100cf00c6e1ddade220020e00b
1c5230220f234e1e1ed4f323416d303eaccf3d24eee2ff0f13100f054f20000b
d5c33210f12efd2224f20fd5230f206d05d01e42f33d35efed1e4004dd42f41d
02c2e0ed1d3e221e1b3ee6c2e5022aed1d12c1f4ff1ec2001ef00fe302c9b3a1
31ebce04433e02e042c00c1ce90130b2d521ee0c1cbcccbf0123d0df0040c302
a3df1f243ff40dcbed5023d4f400c25d0fa0ee021c52022c001ecb0fdfd2e441
caef36f42e0433ef1ee50f1c5edc0ee1cd0fe1ef3e4d124ecf0e4e0ecf150fe0
f3e4d9cde5333bdd42fb2b123b434fb5404c53cefa311a11432f543fff0d0023
3b0e0ef22b13c4b2badd43d1fcdfedf0324ab2cfea3df1dc5dfd4b1be0ef0c03
e002ffff29ef370e2d23030cf1b31e2e215a10c0cdf52c1c41ccc21423de0e43
e202f3413ff3e7cef1d0c3ddc232334c420e52e3d02501d104d1433ef3ebb002
efbd2ef5ed0fd4274121022d1242af2ff111d3fbf0fcf02ebfe15de3fc2e030d
2122fe4ff30011fdec1e031d42f41031d3031ccdbfe100300d273d32d3f9d424
1320ff0cef42220efcc03b3eb21e1feff440ef2220beab30002f0be25edbc2ce
51dfd0103ed22fde125106151be3114b3ecbf0f1f3f9fd30015f10f10f1f11ed
253e0e22130ff11112150df200f01c221213d24116e2f4fbf0e0eed32c312e02
1341ddc01b111ceffadf3015fb5c3f5fe0ced5fe2c43124e454feecfd1dc1fe2
e5edb1433fe1e11d35113dd214c0042f20f73035151f5cd4e030d4122d0125dc
ea26024e40f4e1fed1f4e0c630dfc3e56dedcf10affb5b106e2d605023e45ce1
01cef221b1dd1061b6429bea5011202bdf325b3d351cffc419e225f2cd524f0c
a551d01d24ddd1f2ef4110eff224f3314d3d5b1e5d4e0de10ee22d0e4131d233
bfd1f3bd02f21fec11d1d5eeef42f424030f020332230131d71fb23344000212
cec312dd333d4e0efe32dd33cfce020c13b3605d05cc4d64d4315de5ee4de6f1
d21de1d06f462cd004c33e1dd2cfee43f4fffe1cf2d93404122241d12341fcd4
e22befede1dc0c0421decc30d02f3d00de41bffa20e3e3ebea15adf40ce6b033
14ec0e1deee141004f41edf356d1def2c30d04ee51f50ff027bfcc1ff212cf24
0eb40112bf1ff4cee63fe01b24e0441dac6e40ef2f01d0ebf121b13ef033b031
b23fddb010d40c32c0fd4cb30202ef10be211e1b51f11e6530b1d200f9cb0f12
4c1e7104f3ef0e466fe300d56d0e1d4200dfd6421020b1dd16031f00ff11ef2d
c764f3cef000320af130420332222423d21f1b0ff1f70e22fd1c4235efc3a0fc
21a14f10ed3fc5d41230ef06003f101d0f0b4f2223f019f30d7f1323003f13e2
04f61f0d1e1d1531433c5c012fb3515152e230df2ed44e12eb11311031120ecf
b5f0f2ee1e123c2e12f3edee4d5e0ef313d35d0252de521ecdd245f241411411
4400ede04e13fee21dbd45d3d32f042451e19df00c1c05104fc3ebac431de4dd
49ff0f3e2f0df31effe1d9043b12fd1e024beef2f2e2f23e255f2121d5591b15
fa1c242622231d0123d2ec52ed0c0f1d11e51e2cf2de430fe23df4e4124e4ede
ff2e41de1dff1c21edf12d154d2eefdce4c4d3ffb1f1eeedfb329c01dbb1ff2f
0f334df22210040f0e2e42d133cb2b30c17f4d92cc25c1221433c22fd2e2f2e2
c1acf0f205e43146e16ee300fe11ef42ccc023f10efc14243ad1bc0f2b431c43
50e2ffe5fb20224ce412d14ff01d22f2b315f911f1cf0fd31ff43bf231f3f4c2
22e3e423cfd3220bf415d5b0560ef05d2b201f20bd4474eec21b0c36e4d320df
4fc0610cdc2beb1fef124d7aeeffe320cd10441233e03c0e30c02004311afef1
011ddec36f00ee0130112ce2fe323ed0fd2dcf0f4f3ff11e53c21e32fff11401
cd15ee125b4fdf0dec0d024eae3114fef23c1dfe2e10ef41b1fedd3c4511f141
d120010b42fe2bff2de1e252143fecfb2fd2061c521cdd64ede54e030fbe2f40
507f24531102252f101ff2cc502fe2d23f046c0ffe230f0e3cd4e320cefe45fd
02240eade0140edfe63f323de1ee4d1d2f100022c0f1040f206dc422e33be21f
edf1003ff3f40106fff22feedbc0ce00f12c1709e3c12d54e0d04221004e3066
b754101e2ff41bd92710122f44f42101bf1d10e1120c0121ef10441353f5d3dc
fcfdf0c0f1101b0ef1f2e2e2030bc90fb2f5932d12bcf3d5d502fc95d00ffea5
03e0f02fc310ce0fe4d0f2bf14d0d3e05f4d11e1e145ffbef02e01f2f2fcebdf
e43cc1f04404fe0ffe1040f0eff3bf206ef10e1023000134e002fe2fc00e34d4
edeef20c0b00000ed2dc2ffd9db20f2e033fdf0100cc4e01bd4d00041300ecfc
eb32d31c31d22df114e5100e12e20cf05d01cc0090e30043f5ce5cfff045d040
330f22e41025e52ee2f2f2310dfddf043312e22de2451534253ec3efc5ef3032
f6edd2c02bfd030e5ecd33de2ddd7b1e2f31e1ffefd4dcc32221f0e5f3f2f404
340e3cb1bd3df2d216c302ca0ebb102c30333d1522e500dd05d1fe0412000550
2e3f2fcf013dddf0abbdedef3e3efcee7310dec3c900ff0edc0f1f1d321d0c1e
7a3b21232edd01ceeb120f104d100ffddd22ddd0f041c1032df102ec0f0c0c1e
0f0ee212d503db03c4b2020ef1c12feddfe5423fd2df46bf2fcc010eefd0eddd
0dfc524eee202e314d4fe1f32000d2402fbef053034c20cc4efd3515ee10324d
ce40e01e2d1343e3bf3e131ef7a0d120c3df31fd5d130f3e22e1313cf0f1273f
ee3fff13e3dfee2f231d22344200d12201633ee3e03615c25331e434cd0102d1
b322e13fdd3b33f02e3f00d100212e0d9d315ee401114b15c3fdb2343c1bf3fc
cce11f9f2ef452f09d1de0423d6de0cf30c0ff144e22ff4d403e2b0ed3fca0d3
16450e5f3cc0e1fbdd4b221f1f1035f7112131ef1c153010f5015e2c3e0cd0f5
10cdde01b401ee5ea501e5332ed2dac3f32d10e2ded022f7c2c234e0d2fe5cd3
c3001eedddece221b210fe0dfdc2fd10bf124f1122423f0e0c02e41d2ff1df35
e223d0e1defdeb131c63e1ffcbcf125e3cde231d22ed041322fc2a2cffd3ef00
f2fee40e12032bece2c22e2d45db2f130dd41d1f1f63e004122fde0eecd3f1c4
d124ef3cfefd05fb3401500011ff3f34323afe04003fdfdbc7bc1331524f0ff3
e241cfeef54cf0ddd3e0e324e54eee2c400e2df030d1c3e2fc1351c42d3d15e9
e1432226e03f050d09fd1ead403e21e52301a30040e46ed13f4ddc3a0212dc4e
200120010b1b02fef3efd00223edb0d43e4c22fd2e3f12ff4eb53b0fc14033df
1d1a1cc2ecd1fced1cde11cd06e001e2d440200c0213f11e4d2fa4e31d249d33
d0ee3311dfa13ce212f103f02490dbfe1132132011de53e1d201ef3dafe31d0c
4e51f1f6d0e0000335d9e2b5f5bf5e7000ef4dc2c020af2edf4f402447eef6e4
4cd13de45d03041f22bb0e2ee323c01ffef110d3e2fe0bfdfed04010e253d031
021021ff2301f435dfb3d0023067aee2d5efdfff12e23f03ff3f3f741eff4fc2
42c2d234df1f1320100f3313eadff2d1ff4530230eed33f1111e13fd3c1d3d0f
3f0103deb03e722e413650d15ddef0442eccaf2c011e343cfecfef00ec260363
33e1e2c1a3d36ec3ddf31fc31e5fe00fd30ede1e1d40e1c14ff1d0311f0e0f00
ffdff93045ed9a7c4c032ef0206ce062ba0037efcccbaeeafbb033c405e5f1b0
0f303dd0def34fdffe11de11e4d2f3d00140dcfc3fcebfe3f24221eef4133ef1
32e4e64ee2001d44c164d343e0f125f1513052d2d0f3f22dd61ff3c4f03f12d5
dff3432e124fefe302232401201ffee53d00c040eddda5ee2d3002250241d16c
c3fee4c0ddf53412f34311d2e1f20311104d53413c4423f1f26501eb62f56144
4dee1bee4030d45ed52d2d604df352f20f1e5320020e5c5f51f23e143d5420c1
12f20e1452d1ef3cdcd332dd2de131effd3b1c15dcf24ffde411ddfe2f04d103
1f3d3e4f02bfcfdd21df301de001f524cd4d3fd3e12c213b04f2fc0c30cf06eb
f033e433204d04e22ed5000e42600eb501063ed220f0f53142013dfc6152ef30
0110d34a10d31f31def5010e0f0f1dcf25c3220dd32f403e4ef12d31f0ed7121
321af301e5042f0e4d4d2f4fd0ffce503b71a020d0fb0de12203cf30c2ee5fe5
517443c142e43d201e632064c03f0ee040de1131e3fd21f3e31ffecd04f12271
4e2d0ff040bf43431eda1cec240f1ed2050dfc24cf1202002c11e10c1deb13e4
0e1efd33332ef2fd0f0f13fb0240e0ef2f006dcdfdfbbc0e4f24303f443513db
e40102cdad4070f6103ec331a344e232011da45c2ecc3023d23b2b55ae340b0b
ceffca401d3311defcda12e2e5b0fabbd4e4f0dee321f1301d0f10dce1c31c1e
4210620f3160110103ee210d2423dff6120cd122ee10f160120f5e3c44c24fc1
2f3efdf11cfdc22b43dfec51ff41c111f12222f1fde703ef24de3dffe2ffe3e1
43732f52d0d12000331ff20e30c0eee1f1e343142d37671d40114fcf0ff20f1d
e20620c1011d62f223fbc12335cd47eaef01c3c1331e4c332dcf02f011123cfa
0fa111ce37d2e52a2193154af5debd4b41d6c20e13029e4ffef16b4d5fef02b0
013dd02d53f2d2fe01a7e14b4e40c0501bb216f22df0d3ce5f34e2e0e041e1dd
51e002e22d3d011c1104f03e2d2f32e4cffc1034edfe240e2421021e0fd104e3
0f12f30ff1312212fdf2350f4c3f41224d3e201f0c10b1ecef220dbf30f005df
600d3d2211d2c1f4f2452e51d14f0f0f3cf30d62eec1d4e24cfffea22140224d
c1521fe323e1353e102e0fe01fd0212bff2ee423325d333eee4502e06d4e01e1
0c4112e4c24f2df2d0df2dff340bd20213fdcaf20f1eef10511fc5da2d0123cc
1ec2db5ef1eef0123025004cedf1c4fd12ed3051ef3e0e52e03f1032e121df2d
5ed5424304ff2c3013e0f44132406ee20e15e131006ff5e03252423fe2e4203e
a2e110ae1ebff929cbb4fc3b0e0123ede011bf9bf3f5f91bc01ff01f0eed1c9a
63e33fd3e36f20114d0140c05fef2125dbf1643de4df0e4c3f3d16e2f2cee454
f4cf4333e1536f03510ff2c41420b40a01d10323341031d233615d110206d21c
eb21ffbc0c92bddccc20fc2dba23edbd001d1be2bdde1eda0f2eb03f5d3ad2be
20c2ed22dc1420fefd23e02e5e4053cf2034f0d1c21ec142ce1ed612043eff3d
996241d412cd3d10fd01ef3afad0303fdf3c0fc2001f1c1ef053022bd004041e
04e0d1e01f533201cfc3222c31ff3ff2f2cd644fee34e020021d2614e300c111
f0ff13d402d05c04055301113a501f131ff143e3ef03f3506e235f006ddd1744
d263e43d0402040f62e4e3d3f642105f1d4051425d6eff4cf1442d3022f55f30
be65012c1d06d41120c1e01ed19146903eddebd313ceefd12d1e2de1bdffd0cd
1dddf33ef12b52021343000411b0d013f0123ffddcfc06d0303e340e91023042
bf2f01e03fd5eb2f1c12cf4cf4b112d2d5b35f2c3001ad2043200d322e9212ac
30dffed5f5ed023c35e3101f1dc2ef64301fb61f1eecfa4300f443d50031316e
de2eedbb1f33ed13ef0cd050c01fc053ffae9d0eaefa14ed33f1ccfdfe41ef2c
c0eb2de0d2e022f1331c5d3e5f05e25c30fc244f0f1f2fd16311eda5e2322660
d4f311e2d2102fecd122023e11e2131bee5dc11ecd253c705f1102412443d5cb
1042e2e62042ff4e1e430e30d45223014f45005042001d01d4d13ffee131e4e5
be2eb21d1e2c0f2d6f90f2def6f00fd4ec015feeb5c35f4bff10d3c34d50ede4
021ce2e2dce31cfccce3f1b12fb1122d4e62ecfdb10eed12e1df234233f20c10
c24d0f210302dbc2d22dec20c12ccacb2d363d411e030dcd1ed2d1bf501f12a1
5e1dd333310ca0ca2ce5fd2d2cd3e3e1ff407ee12f022b302ff1fd0de04123e1
0d32342002ea6dfc23ff4bf111ff07fed241302c64cf601c0bf1044ceb0430e7
22efd0e2120ca14b4212024d4a42c2521bc043c31bfbb1ce00df020ff6de302f
c23fbbf02e6e1cf2de01e0f127130111e42ef33e30e6e1cf3df1f0eccffe02df
04ecd3e790797c000d42d0a71d2a1bf2e2f40a01d2c1b2519f2c132b324bb220
0e4efb3d26ccf95d0fa11eebef3ddb13ebcc6f5520d7f2db43cf001c320031ee
35d0f0cced233025ef521e20036e06f62002c12f24dee23e233de32123400134
4b21cc22203db10004ec0cbd0a01e02ebceb3c1ff1e3f3abdeda0513e0210fc2
e2141213ec3f2dd2f43d2c12533acef23b52333ae2ccf331ed01010bcde2013e
2e61cfc43ec024412d00ff0404a14122d2104b1b2d404d2bd2fc2ee1e2cc023c
233040f35f4003114def2e232e44e40e1f3fd3e333256e4f20130423336ec4f1
f9fece4f24e22b4be3ef0b2e010ad13fefe34211c2300bc31cc3e5a20c3e1fe4
de40d001f15340221013fe4fa0e3e10f3d252311fd0535f522bfedf4f0f4fcfd
6f502f13111c631200112130f2364310101120cc0f0d431501536e3122eccfde
c10cd10ec3bd3c252f01040f9c4a9dd4ced9110119eef1ffabecacc2d00e1e32
0c54d110e12431e3e2034d0d0f4d6c1200eaaf3eef222100ed1fd3a14e401205
fe431f450d616efe21131f1035c133c6bfb035fe05f36031eff20ef24e4d44e3
30a2df0df0f30523e464140e333f1edc542ff3102ee0d322fcff3ec52e2212f0
d102b210db2df4bce13419feacd11d3cd3e13f40e2fb3f0f1ca1cd3bdbdff2df
e570d3b1b1db35ee7511fd2e32a7fe5cc1f31e5e3d0561bebe006dd2ee6511ed
df41f0100defe13ce1f42d3de2310c1f32c13d340f42ec13fff122ccecf121e0
156064e3f2ef3d41ee342143232dd71fe03efe4e740c240500223de2e3145123
043df25dcafd0403ee74003310d3b2be1f050fe3f1da47dfe0cd44e5fd5fcee3
e0dc01eb213fe123ce010cefcddf1dc02f2ff0520ed1d4fe29f0fdbb1effefd3
4200e214fc3fe5efec0efe03400f12d205cf2fe0bff15e22ed13e0eccf5b3bf3
fb1aedd34cfe13fb2b0e3bc0e26230e3220fbb921f1cecddf1024d2d11f0e133
1cefdc167f6b0c2b1d041141f16c4df7dd42239cbe32c14f0e3fe4ecf4ddb3e4
c13bf2ec1e3f0cd3e31ffd020f04dde0f2a00db112fb33bef5edddf12f01fff1
f1de010ee3122e421136ff00e3d12df41e5ed53d2100cde1fef1023020d73f23
1f2dae2dd3a43dfd29deddfe14af2911123dc402ec23be3ee1cefd32b2ea4c0b
3e22202c12b33c243210f02eeff3de7e40db53311413f5edf6f62f5f52bd374e
c024ff14005311ee32d2dd1134f31a30ef0fce10fb22de131c304c64ff0b22d4
b243719fae2d72f4143ec22ff0afb2fedce5c10d62bf1f42f1fd3cc20eb6cefc
3cdedf5ffe2c051ecfc9011d0bde20a31deccef030ea03cfcf9f0dffe14cdeec
2fded3e311263f42112f35207f22323135e275e1c1433043d4f00db2e14111e3
0eedc33d2eafac14134217b0eecf1a362d05df4e12e9c3044b4deda424c13433
20bf120ef1cc3dd31301d3212001e31f21db0dfb0e4adfe22ed04d22ae240322
4de3ef00ff1ecffe110c25de3201f2244e4253f4c44912d40654dcc00d24000e
3dfbecd42c4df009d0de1fcae92c10b20f3c2f2dcf231ae1ff0eb100cfcd1cfe
c0f9bd2e3f3491cf0ff0d2fee1c13bafcdc24fffdcf41f011e2bd3100212fcba
1e2531edecfc20c32f0fc2c0cd9037cdcb9ebdbc0719fd4b4e5c0fe1c2de9efc
e2cf540f12e0542373e0d1cee5d1f033e11c51e00142042034f771e315e4222e
3e16fd43342df203f5bef322fedff12d00df0132ed2ff652342330f20141002e
dc3fff2123ef9919f1f5ec2ffebe0cdc9dc05ba7cf45af23423d02091d0f13ce
3eaebe237052b03c12dfd1fc39f13f410e2543e504e10b050c43d213960d0deb
1210ede644e2ef3e0b0f3110df3fed2dfcfd2231f277de130413236d02dd332e
14dd05ed22e212e441f22fe22fdcede546152e312121c0d755c0cdc1ef0e4f37
f4a131d00bdb21cede4e0fed1e41e24c30ee2d0ae31e2c412132efdec3e3cd3b
b3d3eed643eed32e31c44043440d4f23f4d031d3f02ffb2e24def1f12c502564
3d62f33d5f42e10d41d0301062f1351f2c13e0f506cf5004413edb7fbf43df03
e002f3dffcb5cdd3033a123e131311cfc1ff1ed1e02d1d34012edcee0e012c52
0603ed1defefdd3d1e134e333f201230f2215df1d336155b4311dce1eeec2330
c0e0f223edd525f1502e2ed21d56320ff31e211d441ee2ce3c015e0333ffffe3
cc13f2420c3fe510c1f2133e114043ffc0dcf3e21f115cd5ead04a4194ead003
2fcefd4d0bbbd3accfc39b2c00beff1bdc0f211a2ca0d021bfeb1e1f1c3ba29b
7f31ff1010ff2dff3342ec00de904e303e54f020fe2dff341324039e2c234211
345eff4b0ed2e2ed0ffa22bf2d3f50242f6e4434e1e20414ffced321d5fe00f3
3efdc0f20e30feba21edea3cbd2d309a09322c1dba02f3b2e0fe30e22af4b0ce
d0ac00c0c3af1d3eefbf1150d35e0df323e24b2d2d3cac0242d2ecaf62d96224
1421f0fc0002c010f055e2020f71343f3201bd4fff5212e302f3fe5010f3ec5e
cf0542e2f0511fe032e21e113111d0ffff0ec1114e03c34402c310422044d010
101f003631b1f12dd9c30bfd2b2f2ee2f323cd2512f64d43ecd0b7cf52421ee1
1ec010ff3a11e0def10ff4fdd3fffd40f06ce120211f4d0d1100c1f1e20f1e32
fc020511d0d1d4e063e2ee74fecff5e22001df0e30442473e35d0f0324d5dfec
51b50410d3cd4102430ed224e4b20d1aff3ff05e4cc41731ff2f55c5c2efed22
b171e3f1e1707e23f20210532520dd0f430cdff4de14fe102332fd5004003340
e160220d15002e2efcdaff3dd03c333d411421e00452f1123fd12f2c3fc10eb2
0cdee2bba0423ce3010d14320450f153df5f2df0333d202101dd343e1fed42e0
503c0e3f4eeccdffc50d1dfa1f41dee00fe40e043ecea02c01024b0fd00222ee
e215441f1f5363eef32de0ed31a033d211012b0144abddd0e00154e4b1e4ef3d
01ce21f10f0f4decdb12d3dd2c31d3c300dc1dced02f5d23ffd4fcbb315d2320
22a2f4deb1c062de4100dbefbd70ce0fef3ec0102e3eb306ed3f4945edcfe010
20e30f1cdfe4ede2cd362dd1f1eb1213000e12f1d24d5ca30f093e0fcb1edc1f
10f2fed40d2ff1f0fddde56efe1a1f1da302f0bc753532c422f1fdddfb111a06
34e0ef30c02ff32c20e0e21442ed0d31e52de2f4fdcf5431fe360e4f10c02e02
25f5322dd1e4c11f0d00f41220cb32f0fc1ef1301af020ce1e1fc72fd22df411
d521231f011d5c01c422ffef2120fe10ffd21bf14f10fd2dbec15c105102fe4e
04ffb3f262e23d0ed050f12f1ced01d034f25f0fb6022ef1e13c11d111e23024
ffa01d30324b1cc040cf51031d42ac320cd0f111fb11e1e24d3cbe2edef011e0
01fff20ffe4022e11311040fe2d31eaaff0bd0fe3d245307f15b32d50e57af01
e3ff32f11dacd21f00ae3a2bf110114ed102d3211e1bfeb3203f1c0edfc0ddd9
13f23123e4fe0022132144e040d2232fe244eef72300261ed004fd0e0d4e4444
2d0301ec10c02d00c424f502303f3e3000123ccd3ebff02f324005a2e2d1d21e
1c016373d02f42effff11c451133dee1f01d3ff0e312e0c157def0bf1f2110c4
f4e24be147c0126c0324d2034c0611f01115402011b0d51251e352e43fcf3f01
df143ef2d2243edf22e11c20ec0e32ff311df2e512cde21cf0c32ce3403e3f32
f54de415e704dcc6252cdd22131123e242a2ef300430e32105d25f1033df3ff3
e0e020c42d334ee1353eee22f0114412ef13e3433103d1f22ed72ec1e12e2f20
d525510d3ef1fd3f05ef5b105df5323fd0321cc012de5412ffe1c2a211e203f2
2fef4d2c2e3e00ccfd2134f611bb1fea2f231db0136d0ee31051100104209d12
3c314c423406211e1f47b4ef72f354f3f01e42d1040023eddf1030c03211d34e
5e4cfe14234e2f1deeee3fcd11e12e1fe43323f1fe3e2f1d63e7f002d53feee0
020c0253f104eed4f3feee2d702425eb3dd1f4ce1b13443300c1ed141220e013
febecfd2b3edb4bf3bbc0b05d0ead0e0e1b0b1d3fc421f9f0f5add1fea341034
2f1332fce00c0030d0bd5bd0bffbcc14f01c1c1e141beadbf0c12f2f134dd9c1
ee04d320234fcdf104fe30020e0ff225ff4f55e3f0cf230221e222231cef242f
f0e4df1211223f000112e22b50efc1f213d13f424c3cd22333edcd3ef000521c
deffcc5e1f032222fff2e2de0041324315664e31f000401d300f31e4e00ee210
9cd31a1fa4d321fcabb01d3dd030efd102014f6114dfe0214b42c4615010011f
42354142fe02b2cf520dc3c5d4e762fe3f11f24df43046032d5f2100bee6f20c
0a2e2b3bbd2004be20e2e61632ff1de1b20f322def3263020f2fc5c31105d1bc
de00331331012b1f6123f10fff0d342531c4e00e30cefe2df3104131011dfeda
15dd32c66e413df6c1fdce5c1f0be4d01d5dfeae1e30001ed9222dee3110cc33
30e3d1c02ef0e20bfe30ddab0e3f542100ced2022dc121e4f453edcdd02e1f0c
121f6b51c3e32015f0f113f6d33f332011c3e5540ccf531052230dd6ffe0f1d0
fdd0533beff1322dddf1dc3ce0e2ebbfc2b1e1fd31ad3fcf00cd5a01f0cec2df
34f34010c3b31e4deb5d2f205f31432edfe302421e42132f5011d3f244e301df
4d3b13120422f3123102e1ed010133de3f5ff43044d2dd232e50544003c4155d
20f2dc1bdd3deb2402f12e01ccf4ea3bcdb10c20b1da220b1fcf4dcd9d1cc120
10fad4343f3d20031f201451e1131de204ee1e30c3e45e140bd1321c313f4114
24d010f1b40d21ee23a3c301d502fefefebce00335bf01010f7103dffd143f23
dcf0033e1fdf00d1043a1fe1fd21de31e2e432033fcdef2f5f00ca3effef10ef
c6e22332dffe592e0e3e4f1fce024dd3d0d23b3c3be0db0dd1ddf901dec1d130
221c4101fc421f05cf1f0143510ff5f12f32edde102473f550fdee431b32ef02
170d24c14ee4df31323e2311f13d4123334e37b313531e301fe4ec044230d110
02deff4142dd1f011252dc03042010334641251212e5efd43104f2d3eee5cfe3
5423e22e014101f25f4e5011e3d3de1e100f00f1bd5f25001f12cee303e5254e
fc1110c0f6afee6f2bfa00bb01cf0d41215ffc41ab3d2ff17934e31003df013c
e11c2eb0f0c10e3cb9d34f0fe12de153decf3f2dd0fe0f003ef07e2dd0d00d25
cf5c331efd100d4de74b41edd0236ee21cfccbeeb35b0f2121354ff0b412e2dd
30bff05c1d3c25e2121e057ee137dd00dbdec4ff15b625f4f3033622fc17d0d2
0d0ab3db3dec11cfcf2d3d31420cef331e2e12c0c1c2bba025d13ffcffd22cf0
6adf15f1f0d1360ebce2175fe40c0d4191b63141c6c100b1cf3b65dd2f17eb0e
3ee46df1240f2ef00e35d3111ed4f2cfc200f5d171e1f6f1f11c30c20cfdc10d
551fd302341ef315215f204e5fe1e4223e3143532eee054154d140e10d1e10e3
addfd5de71eecdcdb3be20602e3eed411e4140004d2e3a21dcb1b10b432f32f0
a2129131e30e0c2dd72d03eefff1ecb00d1f1aee2cfde00dbf1b3c1ce0deb11e
0400e02e5e1e242561bd210ffce6902c032d32f03542eece2cbde0e100fdc192
13212343201f0e31e23d4c43d102d20211210e222fd1df32d0e1fd4316ede413
cb1fd302e2c13e0d43bf2b0cc22c3f0d3451e0e20230d10020d2b23114ef1df0
012bbe1eef6e013c0f3d05332ddf0e1110211e034021e3f0ac200291c113a4e3
e016f3001ed021004f11fe142f0cc32335f0120fd4edfcee01ebd43c13cff04c
5f9b4c4fccf34023fcf2fffcedf3d9aebdc1c31037f121c205ee202afef01035
f14f01b21e9f1fc440d1d135d14002ef3031049012330421f0300030053110cd
e32ed4111d1de00011f233d330f2315004afcbe4e42e22feb3215dcedc2c4423
c203ce2e302e01cd3b0ec3ebef2c4e2de4d02ecc3bd1ec1f90e213c2f2edbc10
f0cbc4e1ee1e13d7fcf10bdb1d9ff3de31601fee3d5fcfae920c0a10ff4b0d44
31125cbed2e30bd51e1043ff35219f474debb353013b0d1e131b01ee3cfd7454
061eddf3df253f0f7112ff4212fee6261e0d4e231f1fe1325226b1d51c3e4435
4b4f1e042410af23edee3efd1de224eb504223db3c0d1c43c0c24e34fe2bc1ac
2eef0fab2c12f10902bdcceff63d1f45be134fd42c301001430d01b005010f4d
02eef11eb251000020e103afdfeff4f43fe1341e21df2f0e30d105edfdd0fe2f
3f0f1d0ece31f1c2dee523bfcdfa2004c22ecd00f42ceeafc22c0e99cdac0e12
121e12f157f0d273db3c0ede5e5041322721110d2e31fd2e111c3b00f03cfe2f
5d1d37ff7302e2e14f26de4a02ec6fe34d207230d14ecd0f20eded4074133d77
35f45c032b224102ed1f3f3cefde31d111403fe05e22efa3ed3013ad2effc631
eed0d1b10d2e401101dc4ecf3ede3d431206c413f2ccdffe1f90dfcd141cbf4e
30d332de1d06d4caddc224ecf30fc3632f0f4534ecf6dd11fc6cb54eef150001
f51512b200e2320e2eec3f2fedeedf1cd2e2de00e1f223e03de1f10edf10d1ee
0c1e1e1ff1c5f0e220144e3e1ced320e0152e22230114f20edf3124f24e15006
15f4c0c06fee210ee0a01ba125233f631b312f04f1f092ce2d5ebdd2dbd1f173
02ce340000e1be00ddb220afcd1eb21f431c21bd2df00ceec9bf6f2ddee2cfb0
d4f3e615d1fc1c44e4002ff42c0d663042dc0feefe3e01dff2ff610320ed52e0
0c1194d2b14b2a2dc420fc11fdec2c1c119c0cd1c23d325d04a43e1104ef30cf
fb4ec1dc13f23f41a233d01d1bd011a1e4101d1d01de0e30000331fcff31e024
bf03ff4009f9b20e3f3c40ff01b01e24fdd0df02d1de12de2a014dccfd10f330
f0c4307f11f32122ffdff12e2f42f2ed3fff232f3c113dfe452e10531ef1f632
cfd112cd23330d15044f62e330f1214c31d20e4db440120e5f1e10cf21ef02e1
00df4de3ef43d5e0e3520f3115234e2610c7f200361750b31f31020fd133fefd
0110013feffff0cffd2f33dcf0fee4d61c4dfd30c2a3ffef2dbcf50d2ef3fde2
e2b32adf02d3f72b9b940f4b33ef2d13342f02122bb21caeea3cf26f20121dd3
f04304cebdb12f13e30140004d01feac5013d11f015cf34b23bce2d2110a1f0c
042fc50413212435e33f540321221d32504022e31fcf40ff334d6c2f03d032d2
e112fe3cb2fd1200131ec3e031eec0e110eef1d15fe44404f411a2eb0f0fbe02
f2bd00e6e4de04f4a3edd5bc332eb3b14f03fb5033efb0e0cdec03de1bd2200e
4c3203125224e12fdd3fe0d1413f3f0edde541e4f2c42313430f6302f3333c1d
ff4b22b120d11d40e24c0204ee3230ffe3e02e2c3deb0b7b1406cbc2dfed2f0a
f2112d492aa03bdd1f343ffb0efdde23aa31122009dbc9ed50d10ff91dcefff3
f41b14e115bb6df1efe3bf31bf02230c430af0c5f0ffb120eb14c33a471ded2c
21ff30ef03e201e20fe16e54f266c223033031320117e604d17f56701c4202c0
5f313cb33ec04442005f122d1f3efe241c2e13f222122404024e43eff21440e2
1b202e0f0fe0d00f4d531932f0451df9ce001e5d4af06b3d2daf1fe325eef4b0
127f200123d11c0ce2fc32a05ffe023e0e2d2c0ee342fe7000e1f3d40690014e
3f20043123f3e0c22e7e20fd11fc5ff31f21e1d142f220104f3324efe022fe0e
2d0f32f30010e11044bcb23d0c24efdd20e24c0f2f33ce3f0e43dc0512e21e53
bced21df9fbe10c23cd1d1c13fbc3f1d04c0fccdcf3d440ff2e021cfe0fc41e3
112cb56e60323ee434f112042ec35d0f22fcf1513c5120d115d5fcdf4d101e23
452a06ef431132d2dde3feac0edef4efd5e3123e3cb1cc614233d0445022c03d
beff3ee22f4c3e0ff01f001e3cf2fceee0ef0c20bebc133e1f057ce0443de4fe
e4e64c4d2ec0ce1fc04421d20e2ee34cfd0d0113002d4ec0303ede213ceb5212
ec04fe4524d1df0b11ff3c01471d0133ed5300633eb6b2f4f033e232c1c442e1
e2e6f201bb9d11e9e253f3d1fde05e00d51b0ffeefc2ce2f1235a4c0fea33d24
1e0aae1eaf51cde24fde9bd9ca3c12ee023dcdcdd1d0fc0ddee0edddfcdbef2f
5b3e144f1f21fff41c024fe3e1d2feef03f3c5001fa2b5020d4642df2e02cd0f
0cfdc1dd2014fc50e31f4cd02e1c203303c12cff1d3fc3fdfb11d11cf0fceab1
22e00ee0129fb1fd5d390d11dc22f2de1ed51c0e0f0eeffdcbedcebef32e1520
22f06ffabbcf00d0b122ecfd3ed3c0dfeeb4fccdfddf2f0fc4b313d4e1bd0290
10fdb3c13d12014c01edd4cd6ef12110d3d0cbff04bd303011053ef5dfc212e1
4d0fe00d0340f3310026fd3e52e34f43e0451410212f62fee50fd433c1ed4ed4
f0390e2c242020e631d12062fc531fd223f2dc3de1a0d0f0beb4ee3fde4bff1f
d0103f2de20010fcb7f15330140b4c3b12fe1ef3b061de3d506202d2f1c33e0e
32216c04f112ee3e206cc04e02dec5d0f3000632212f64e114434e4fe213f13c
121deb4e0bfe3401f3261544deed12e4124ef23e41321cc0212eb560e0132e2e
e0e110304d0db401f20d3fd0e511df74df44214302f01010422f3154323d2413
1b2f24b1d030df2e31102ce12fd0cebf3f4f1ede3fe14d2263f46334ef1d20fd
bc94e4f22f5f1d06b12045e010ef304b43403dff32913dcffde23f4fe2edc324
233e0cfdfc4e13ddf1030031330e43fccedf11000d611e3f4f21bf41d6b30df2
00f1eee52db0f00eea2b1d0ccfd1df0df44f3023e020c01e1ed194433dc202eb
4f02fe402f6e00e4204e3f3f742302326e2feffe1f3237f1f1ff1011ee0c0ed0
4dfc2bdfc2fd92dfd0c0d2dc32ce3dee310d02edbfcda000d31c020090cdec23
1135f10105102ee2e3c1ff20d044eef301630f43024e2ed315f0ebeac3de0014
c3f30c61c4113431eff6101fd135ebcfffe0df402c030e34fd40df00beff41d6
1114010113ff01d01e0ebfeaec02d05fd2f903e3df2eff2021d3d4413dd0effe
d2d53e2dfcee2330e11d2de3efbd2d120bc30f444f3ffd00d373130301dd10c1
f30c123104e3f0ededfedb3d1d1ff0b30be22533d1ffb23f3d2ed44e45c0fef2
3ea3e2de33ed03feddd0cecddd00dfdee24d123311c0303f23ede21dbdd3e221
2321211dd3001f163d3101143307f001e6e02e0bec54f22ff1fedefd2de1122f
0fa1fff2cbe13202b5c14d3fef000c00fbe3d10fde5111f2ee20cfe31e2fef06
243c141e4e1f0e12efeef1312cfe121e1d12012defe110ff4c2e32ecd4222102
ce304e0e0f4c100f0ffbffc536cc0f4e1b0ff4a11d1fed23f141111e1cfe13c3
6dd50c0f034cd123ff2b41fc5de231af1bdd31f04c5f10407c3e35cd2206f5f0
5fcee4de061f20db0112de0d0e2ecf01f3002e33c2deefe2cff04eda2f12effc
e1d00ee30d00f30220c0d22d0cdf3df002de5ed33d0132e0211d3cebe102e411
26200240bde33e0df15e12e5e113eeeeef34262dffbeee23e2efc124011100cf
d40e123c32f0ed0efefe4e1f0121c11ce0ddf3f1ef30e02f120e40fb3bdde30e
4f4402d4eee5fee013b44f01fe11f2ea13f12adc2010a71133ddf231400e2bec
a11ed022eef33210cec5b1fedf24a06215354f1e1d2cbcefa1d72c04e01a3e13
3ed12eef14fffddfc1d3b1200f40d3f5f44df1ca04b20eddc531f01cd41313d1
ef1010474bf320d1e32d7f0e1022cedabdee02f431424fe37ed1f500c3414b15
4e470ef110120cf031c04e15c4ef1fa3f201dd201eec4101011132d42fef3d1d
d2540220fd03d22bfc2c512d341254f440e113c6060bb0e1f1e12ded0ce0f2fd
e4ff200dfbf01011aade415230eddfe21d02e0df4ee0be23d036dce324131ff2
042ef11f2d1fe24a10cd100ec2031cd4d212e0e3ec4de10f0ffdf12e302fc3c0
c35d3f301fff40df2a4244edef0c43d0eebc1ff21f41111d016e41013ee230d0
9e2423f02a31bcd03d3c6bf4ff0177e56cc0f6b30e50200d2b95b0e1011403f2
0f60f633cbf21c04a23ced02f240d32c002d30023f0d00fff27e4f1bf2f25cda
d000feff210dde14e5e04f1bd0fb420a032f0ee03e23fdc03e3e1f224f2f2c60
d40c0455d9910aa4d112fe112344702ad42f205e993c4037719c0f17fd1142ea
2fd5d2ee0022d67d0df4e2e311eff2d2f9f32251c01c233221e1e42afcc3fed3
f30e21c10e1efe105beb2420530f14bf40fee4ccd3f002fbffd4d4ec30e0e31f
260fd2cf06f30ed34213d4f62121e3d3e1d210bbf4fff12eef1ee12eedd0f3fa
206223fd20ff1ed9fb102ef224f153244ef2f6d222ec11ededb3d00d0e02f3fd
f5e513f3ea2eff3b03efd70ba900e166df5304cf0d24d033fef627e30d11c202
123ff1121fe24fefd3cd14020e3e315c133213211d22c0f110e13c14f2db33fe
f44cfe32ef101303134dfeddc32cbffdf1f12140f12e01d312501e0ef20eef13
6f1e1030131ff33eed1e2202de212c0ee050214f1c22df23232fd1f012e135c1
3ebc2101f1e02e4df0d01dffe3cf00d20e100fdf2342010e00ce1302024eec0d
a35e17312d2319f342233d0cf511b2011de913deecdd5f1e0147cb2ed02e2a32
1524f11cfc22f23dae013b4cf2cc0101efcef1db0f1d44e12e00c22f1f10d031
0f0a0fb11100dc2fb1d1e42fbfc13cdde3035bea41e011024edf3cedfa022e20
e041eeecf012e35dd2e4e52f21111110f001f40bd1cded021f2c303d1dc5440d
bfe116d41ef43f2fe56b0cd3dd1ffffecf3effe3de42ddbe146fe210022f6f22
3f350f10b1dde1162ff0012c4112fd2f0d33205b4ebf2224f1231edd0cde2e30
f00df11042001e0110f31e3edefee0fe03dcf412303f0d3ede44023ed6cd011f
f35c0c04212b32ffcf2ce203003d1edfff0de031ce1f1d3442ee25cf14ddefd1
c1dd1d20ee2dfffcdcefd13e0f2031c222efdf54421c2e0e2fbc1b0bf22ff505
32122bbf250f1130af3e02e240121e1d2e21902340c02b1205f1ef3e403d3d23
1325001fd01d01f5b02bd61c00e23d20fa231402f121c020f3430601f04f12d2
cfcd4d40dbf27feccf2e21921a425e3ea1d1352e2d49c1652d0f9b24b01e6217
fe55041ce40f4f460212af0c1e0bdff2d30031f15ea13eaeefdd442001032420
1ced002f000ed03fff0ff001c0fcd0043f12cd5cdf02e113e2be0fdfbe2e2df4
07fc022dedf12f3bfef5cfe1e22e40d4ef242ec5100a20e01455e151f0ed40e0
eeb10e200ffdf24f1f0cd2fe3c2f4000ffe403edd3dce3114d1d0506fa2f2121
c2310b31dee31f3c0ee6fbecbd2cdecf12f12d10d233bceec5e43b0ed3cd3cfe
ce3310d24e2d021e0b6beed40d04e40700f237d4224301214ee544d11d32ef02
d1f340210ed46ec2c210cadfed10ee21b1ddf330cdf00f23f1f5f331fcbef200
0fef24120ed11f0dfcf0ed25b55f112c03f344dced5fb00444b1c2fcdbe1ddef
0ff311de5e420fecefff3fee2f31060625d0e1dc22b1d5fc125e032ae3edd11e
04eef5d2220032f304e1d00ffedbefc323d3c02f022022e02ff34e131eefdeee
440b0f9c032cd15c4a21e146bcbf52f760911ede319e50faffed5cc7f522d740
d300de0ed0e113e30dcec500e4fef2e10de54325dfd02be1ef4bc0e22b2d1421
06410e3f2214eddf421f0ff2fee44300f70a3e29cf93121f1046600db290c3fc
ff9220fd010ef412e6f11d410f09ecf1f2fe13dd6ff261d0321d01e553cd2141
f500d3f1de12d501bc024ff3fe1021102e330e221ecc2e2f30fe01edda3142e3
c45013feb042f2ef0ec4ffdd44e3fe453e21345212bec21210d4ce2df33c22e1
61420ecfdfd00ef3ccfbc31e0fe1fe4eed300ff3d3c0e030f14f130e105500c1
162e4053ca065dbe9f5df0f3ad601ffcbc11e4e0dc404e336f12e23ecde11bb0
3dcb1eb32e2c3235e0e3d524dde1df030fe0d0f210d42cced43d3dc31f40342f
6fed103f3fe0efb21c0f1322c0d6542ef0de62c5f22f02f233920292c1b0a32e
f2de510311f12cf21d5c513e1fccdf0fd2c0452ce2bc4e304c002000e2ff0cf3
5045e0adfffef163effcde0ccff1a1303f0e0fcd61245eef01cfefb2d201de1d
50ee04212c0f31fef0f31d1dcb1fd16f0e0f4bdcd10cd004e10135e4100d02e0
d6d23c3110df4e110d31edbfe2522ff1ccc31f5fd92c21345fe0d34d2112ee1f
af5210f3b0fe03040debded0214fbff10c234f1cef1bdd1031c6202ff0310714
d63d2d72eec22ec1dd524dae0331df0cd21003132c2e1f644356cafc3f0f5001
10fef022fd1f2de111f71101dc04f1511fdd3021dffc02e05fffdc16fd234d33
e133222000162a002143ebf4e13de2fedf2e33e52fe100f3eaeee2193b364c0e
e3f11fffd51351312f4902e2eb55fd0dcc2f01dfcef2d0451dcdefcce3004d01
ecd2e0011e1f3550ed2005d35fe1bcfd0be30c233051f011400220de211243f4
3fe0d1c2f4203f1d003ff2ed2cfd32d32040d5cff0b13d0202d332d1b0fe120c
10e344022d33edc0e40e4b021501c11edaf012b10d5e01d26a3e0f001bf22fd1
5432fc10df21ff2fe0110f310444e02e3031ee3fdd43f12e1c002000beff1e0f
2e1a401bcbdefd0d2d1d271b425e31eeb1e3e10532e5233e2d331ed201f7ef91
b0d21f66cbe632beee32fe2ece2fecca9af04e333efcf1061120c6303ef42b10
2cf01fe0ccf13ee1bebb2dee21dfddfe1e2e0ee90d32d4f412e51ee33d4ed030
c04d01110d03303cd94033011c2021d4da0211c400dd20230256dc1ff3210c23
025041ad711dde00bb7d5f220030043e12ecf7de11d0930f5e544bdff70315af
04060010ddeeef031e3c0d22cb11a300310431f041e4f112a3f4eff51c0d02ff
3fe49e1ec6def21315d1231d3172eb00f55fff4d412fea31d1eee3503c5f4fe1
254301200df32c3f2c3b3510ed6401e0ffd046c2ffc12f256ee0da21c5f12e12
4302f2feff31efffde203b06311200d01131e324310fd03432dd4211dd0ef3f0
e0c41e1d34efcdd21e02f32dd032c100d33f5df13ee1b0c2bfbc02e3c4f4b601
b416ebfcc0f2010210c0d12ab36200e31024efee21c5ede1b0b2dd2a1df0dd33
c1e0fde2f1e1fee2c305eee3fbdebec11340d041ee543de1f5ecfc31c32c2222
de1efdef4025f0e1d4eb5d11d2e12f3c0bdece1d030f5f3ef05cf4eb04001103
f3fed3f0eff1f2fe0cce03f0f0eee0102fed1401f330bfc21ed1c4fe1ed3e3d3
bf01df1e0e1e110f2f120de7f1f0c1412ef11f0422f3cdf04b3c1e2e4d1f4dbd
3e1603e0a3f3fe0f20f00cef1e2d10ce10432d12d1cf33130532e0f511402f2e
2e25d2d1e11cfe21ff500200ae23eefefdd2e03e1e1dc00424bdee3df14ef336
a220ef3ee1f42c23c2f0b0f11e2191c1ff4426ef0edc1c9ff7cde10ee11e2f0c
02c411cf54f420fe22f4e10eecf0f031fefbb11cfd32420dd11f5002e0b12040
ec340cff1edd20f001f430ee302d414ae624b21c01adcd20112e20f1c12d0de1
c50342222dde41ceae4ec0f21f3b5e01ddb140dd40cf00343063c24f3e33221e
4f1c12f12104e23004ae0c2f0c1210d223b00cff301f0ffe32dc351351e22c4c
413202bf102c107c3b5cdee53ec0e4e230331ff6343f3cfcd53043a5c532d33f
de1d2fffd3fd123d3f4becefb1235d31d024e112db2daf1410ed00ecc304321d
0ce40d2f14f000fedebdee30000ff0ff0425ff001f22eff3114ddce2dedbe01f
e034f201eef022fec1f35c42cdf020dcfd3e1020ffb1312f310121f09ee02d02
21cc434131d12fcdffb25fee121f42f11e1c4f3d31fc53202e0ced0d2e144f0b
b50324df35002d0cf432131cfd11ce43f30d2f30feff2cb2f35f40e0df1bf253
0eb3e311e32d1bc321f4ed162234bdd132e0f0233db2fee0d1f10ad11fe13efd
eef3c102f1fd1ee5df1dd60b1c62bf101354e1502ec22fc1bf2c1024db41ce42
1a0313e4eb142efc06d300d101eb1dffecdefc173060201d6341250243f01a40
334de3cf3401e0fedfd4d3200fd2424012313ed2021fdee3320ec3d42211141f
1dfe3c22df2f01423eece00aee02200201fee5f54e4e5f2fed6bf41deb3d3141
0c01fb1de03ddf0fd02140fbde24c0501e31212f1cbc21ff025fe3e0c100f006
04e72e1ee3e1200d000dcbdece02e004dc0e2ffd1b1f00f43df52e01dec32fed
e2321d03f1ff10f2341e10cf3f3be16f00ffeb3c6eeeff0d04c1bc1f211d0afb
dca32e3d2403e21f10d320250de312210e11ecde404f1f2dd10ef2e5f0010e2e
37e00f3efee02e3dea10c52900233111230210c12112ee21f9c410dcf20495f3
f15deff0112eec2603fee4039ffbbff2e20d53f3310301def4fd0fedd63200fc
d33204fe2313ee11e0e2021c1cd2efb31f20212cbe52e0e4012ef0212ee131dc
e0e3ef01c30f2e201305c3d0f0010e10f2f2ef2130feae32f34d09110bfe2e13
b1bf01e0f3f05e20c105ffe3d0cdc17032f133326e4f1cad224b101c02ea3341
31340f3ed2ff13f0223011fc22f6eeb01ef0d40c2fcbc0ffc023f02f2213de02
0d4c3d101d0300f2f13f00c63cde2fdeee2f1e3e0f4fe2142d5d312003c32232
14e1fdce03491f23f1f3bd372bbee2f431e41e9c02c732fc05a22b01ee30b20f
e43e2e4fd221ff02e10d110dfc353d4fff0d220ffb3fa226e0f0dc11e1efefce
ebddb00d11d3f2eee51fd1102f131c3302de55032d0f2211bd01eee0e0045111
141f212f2ff1de5b4f4dfcf655e2dcf0dedf505cdde231eed2ed7ffd545fd101
ded05d951c1fceb2e03143db2101933c431ee2e13b0dd30d4f0240e14bc1d132
00d2ccdd3e4dcec0e2133f11d22defdef03e40e26de2d40f10ddf30d1e03bb2f
011b3ffe2ceef2110e5153de22fe1f1ece4dec3e6ed4351dc3dcd132ba03245f
ff235ecc3341ed10ee30ce2de22e4ffde7e02e2d3c0411befe1321f1f16211b0
211d4e22d4312332e3003efe005c04d5df2410dd442ff3f2dfede332d0fd1323
e4329b6fd3eef120452ecf0ff22f03c301fe31ef0efedefef3edcf2236230c3f
003e2d23d02d141debe325ccfe50cd0ff1e13f0d1431f4204e2ceefe3cf2cf11
df00214c02bb22ed0ffc4209ce3e20fffb04fe1c12b43d00d1ede0ed0f6d1e14
0f002fadbdef199cecf12f32331327ca35323f5f4191ecf112d4fca0b419e347
ef4a11c34f21ff24e1edd4212c21f0f1fb31e6544121be2efe546def23efe2ce
4df0d3ecc1c0fb0fed0420f330c0d1d332211e310d01d2031ded1fe26e23cfd1
00d42bce2f0fef12b20fde142e241dbe2cd4f20e121f30fe01fd22e0e0e23111
33201012f33213324002f23cfe25f1e2f2b25232ef00e3141f2dd2030e50e21d
d1d0b302f1af134031e0cff131fce0f11ceecc3f147c242340bda131d12f2d0f
0b20d00e101fe1dc04410f0510114b212f006f113ded2cee2f0de4024fafe2e0
dedfe0b55dec0fd3d2fe051e2dd42022c411d2520140320d112015d0ddd4e0df
157dd02d31cf2515572b0e11129bfe3f7f7fbb339f5f22dce3d020411403153b
5421fd2101f0eedeee101112ef25de11233d100f311e20d002002e23d04e72d0
3f9cede4deedf559bb2f6413ee441f21c6ee0fef0e0012210ffc033eccefdc1e
0e3ddc512affdbec0e4d2ec0e423ecc0ed103fbe02e613fcef02c412fdd1f171
1c0feebd02e0df22c3e110c3eff34ff010ded04f0dc440f1e112f5310de3155f
d3bde10f1efee1e04d52512bd0f2dff0d15dd1644cd601dbdf0164b1c36f7ce1
3e0d1004db094f2b0b3447f3e065fef0df4d0d0f303e1f1023d11e0e1d0e0c41
f10c211f1dfff621330e3fefe0d3b05f3afcdc0101cc60f1d14c100fd5ef52fc
f55e4e02d1e0e00d02d0c30d11240d022243f33fcdf1b22f0101cc1e02326c12
1536ccfa61d4241144fd9ce573fec4ed6df2fee3a43004dee5cde322dc3f56db
1d34315e1953e92e0d0c52e01f13fdfe1fb12dd03cdf31d4dedf00fa315dddff
0b4fd3d21fe33e3ddb043203ed133c04e42c02c0d2ffe104ceed3dd0cb1d24e2
eeec17222c61e0f60f440fc0fce3f11143efe042f0fdd3d1225242d3e1f22fff
ec1dfdd0caee0bdedfe0113fdf1e0f11c6ffccebee30e2004fc133e01b2ef420
bce1c02034ae13edc23f45110f521293c22d0efe413d42ed40a9e41fd1c30210
3211cdb0c3defd5f24f1dcdc10e33c2015f25111d1232013d0ecd13220e300d2
de22f341e2effe1110ff1dd2e12021e113c3de4d100e3ed32efee1ffdc43e300
dd353fb0e4e6101b1d41131122fc0cffc30662303bb354f1e0022ee0f11ef5f2
02fb00de00e1edf4ffe2311231f341e11e311e11f011142fef242def45c1ce1f
47ecef3eb9201f371e3f522a23f79e204b00de4e1dd213edf27e31d0e01d010c
fd29d410f0f3f20d5efe12240d02dbd0203d41241ffdce20c0f344de0e02003d
1450d2c014040012f1031df040ed03dff04134050f5bcdc1c131c010d6642fc1
2d1cf2ce3ef100233f2d1fe423b2fe3cedcfc3330313f1eeef1211ef1522a30c
005e042f4a2bdf13d32ffd0102cdde3d3e22f102df00ffc33513e1f352effcd1
3ee112bdc530fe1c33effd2343cce12ff3010fe102f3fa02e1f4ccf114e21021
24ee51b42a50e4f3fd0d11cdecdfde5e224bd252ef2d2c12f01460c2af3f02ed
01cc40d4f0efee1210230fee0c4beee52fe4dc0031dd14024ffa1031af1fe133
42f0f34b0042fe3f1f02fe2420f1310ee0c37d3ff2f0f0fcdc0b13dee31ddef3
51550021c214e02b50c42e1cf10b230021ce43de22fd23013f1f4e311c62f1df
e34d1dedefdd252311f2d31de0efde03eefeeec100f5d0254de0c141f05f3e33
0ee10ffa4ec2f5c305233eb5310fe3bffcf00123f4d7c3fdd1ac274f12f62f2f
0313f413df3ef5b43fe232bdf3242e2defe0d740d3df3e00e2111201ad6ff310
ed0fdd30ffb316fad02321f4324dffc235e14e214e210f1142f00f30d3322d03
f2120edefd1ffe51c2efef3130f510fd4c3d33eeefdf14e2c00012dd431232a0
eb43ff6f31df06021343ceb101eedff22f044ebfce201210321c1ffff2c3b140
fe030343d4e4bd000113ff43012edc3e1f0b02f5510c33cecc022ff01fd411ce
dbc9efd7d1cefd3dfbcf021d0e442ff59511f3eff3ee3523a1e2002edd0fd254
23d21bc35dd20320e61dd2f11f11ef3dec40e02330d3c00ee31d4f03e1c2103e
e3e111ff302e43e30230df22feecec0e15ef0131f2fed212dfff120f32d1b000
033063e6c1edf531dd21241cbc03c0354204ae130f4b2103c21310d49d52e2ee
d30ef2012e2fed2f2d2f11fdeebe5e0fedf01c211013ceded02f0003d0e0e301
0bb34312b4d011bfbe12ff21b10f27a36029f3430eeeca402d61b5f4c3ac39f2
1034321e04110e31fb03515f1e4431e21efef12effe4ccf31e3d230f361001e1
23ef57960a720cffef3430e3ef42c04c2f2da2031a3b00eedd023093edfda31e
5130e203ed1b23f02fecace1fe20f02c4c0e0400d1fcc1e460e10eb3223bfe0f
f0f1f2c0e2100dec0dd373e1ef1f3c14232fdf3c02dd14fd1fe3e2410c54512f
3c1f4120ed03053adff1f044200431fee4b3122d003300efbfb00e3e1f2311f1
00063befd1121e1eff4ffd34f13050ee1d21f0d131ce0e2221f2d34ec3f3c120
923e0d0b6bf0ec050622cdec501ef1105fe0ec27fc220209d33b14302b320f4f
3feec4c0dfc2eff50ee1f3d3fdce2f01edfff000ff3d20f0ec4f2dd1e202ef02
10b30d1fe5fe72edcfc44e00195d42d13133efd195eb1d15edec24c1d4f3e1ff
302e1fbf1f1c1610dd70c1b2c0f2e23040209f2630dc10fbf45c22e1df133221
0d0ec21303f20bfefd0321fdd3fe2000e1e0d030e2df2d2bee1ed3f2fc0ebef0
0cb02d4ce5f41e1001fe033e1f4212f3e6135414defdb01dceef3430622ffc0e
12efbcdc4253b403335dff03313f0c01200f3dffef1402ef130f23feec4f321c
03e231ac0b213dde5231e302244d2fcd1e0d30c2dff31df0fe4e1202ddded201
24a0fee91e50b40e42130fc240dcc1f93913dc1e6ac61fdee2ef710f2c104d11
30dd1131213112fc421223ff22dd0132bedd0f2ef03cce2003bc343eeee1f0fe
c53c21033a0bfc32224cb22fde13c02ee30b1f30be11c00115d15df0e1c1feef
2100bf5dceee00dd7e004cbf304d9e0cf1f1e31ec0d1ddd541213ff11220f000
1333f1c0f1041302342314f03f2cf3c1e523f2f200ecd503e00f30fc10320230
0d3e1ff0d222d331edfd14ece0dfcc11df22024edec330e4c2244f0e3330d0fe
3032ff643fcad42dc3ffb040ffed32ddfe1b2c0c03101d01320dd0b0e2febd20
30f3a0e1d5e33c0e0f333e5022f2a0c061ff51dcbfbcc12e3f203df436340001
d3564ede401462ec41e1ef31436ff2f1e0041ec201e130e1f11ddfe0ee53c1ef
163cf1f35000b7105700a2dd222dbe0b4d24cfd6ef00b3dde41a00f1beddfd52
23fccc01f20edb303331b046f1d210de3003303f3021eb2441e40d2311a1f2e2
11b0c1206c33f2e0f41ff0dee0ed1defcd4fc0e10115363ad001c6310e21ee61
1e4472bd79e2142000de6c3e0110d0c1c6d3dce1bdf46a25e1ced9c00cf01262
004ebe6ebe1333223102efd001ef04e12be331d24ee3ce3d1f24eff542ee22e0
0213cea1c2f3e61232f9ee4e51b2ff1123a34e3c2fd330f640003cd0703e33a0
e3db4c0e425dcc213e4fddae4f4012cece22e13f5007f4eef20d02eccbef4201
3141c310fce304dd0022d0153e21eeeef522422ee3e220d361dd2bcf1d2104c0
cc600ec3021110f133202320f24ffbc5df0ff6022000eeef3142f3e1a4e1e2d3
ecd2cfe212233a41401d23e3d003c203dac14f3f00ede20e5d1d401211f4b432
112db25f03331f1e32ee2101201d0121f01d3553e10ebff03e4c42f0125003e1
e021c2bd1000f42e3f2feccce414cf2de7ff9032493d6f21e30d311f34f0ce4f
303fffdd0d312dd110121252e0d2213de5004c4fffe014e3d0221e0e34f1c000
db1f5f2303fd2120d30223ffec426c10bffeecb4212f252000f234ef03e1b0de
1f3ec5103dcc2415201010d4dfaf3132ef2e04220c32d40b7fef4fd004e20312
2020111c2323b0d0f13e122c24ed53eb13beedc3e1feb1c1d1131fd13ff1f401
f21f13000e3ed432a2020e030e124cfafdff0211e330a9be2c3f22e14401f0fe
04fd0541c354103e3232e2ecdcae0f4df51ec3430022e0df604142e3c21d61b1
f123bf2100404d0f03dd2dc2330ee024e001ed4202033f3131fa0e1d2342e12e
e2eb3dc43f4e0f13f31f20dff205fdfbb2fbfcf55c260410f3cf51f0cbeffc21
1130e2b0de10ebdd5dfb0fe23fbf9f0d233ee4f3ef01e1132022ef010dc01e11
4baf04dddf5253d2cad025d10c5d51022b3c15d00ddc1c0fea4d24f4c0aee002
2e05d0df02f3ec50134fd1241331f1d1e3dd1c32dd22021ec3ad11111003e101
e1e0eed1023e22e111feef0210340ff022dc2efe3e1012d15f3f0fe3af1fd001
67f7116cfe62efdeebeeccf050d2ec1111f33d7efbc006e0cfd40e31503e30dd
34110ef4eb32dcd100e32c2ff0261b2050e1b231dd5c2f0ee23121e01ebce2d1
ef4dc2123ee2e6d1fed124100efc430cf04143200ec0d2d3fd34ffd13f3f2f02
152fbf04c361c2f02e14100ff034213c5e0df1dcd3ff20f0ee036eb237efffbe
0f271122f25df46f4ffcf30f4fb1bf32410145ddeec4d1d02f425ef3ec42f2c1
1503f3ef1c1dd50152fec10ed0fb32fe3431e13ee12d20cfe5e0f13141000d02
1de022e1f1fdf1eeb2301fe321133311d31fe0323f2f32200d11d0200f3023f0
d1e124fe0132efec2f422deee14d531be11533ec31f2cbdc501fdefdd50f2f15
ccc1e251f302251c1211eddf11e1110e20d561f2c6d4e30e0ddc10e03e32e1e2
d433100d503fdaf0044f10c5212ed100c53c7e4fd0d32ce02ddb02f0eb0ffefe
13f02130ddc30ac22eceb02e4fbee2ff400eef22ff4203f4340e2f53fc30edf3
e0e4f30ff22f3f13f33542321fe00f104030f030eb027f1bc04f0d0d2ff2e131
c0024e0c119c3a1211336570cc26d41fdeb2fb02e0c54e21cfd24ff01c01c454
06fe322502fb030300cde41e31e4deef0fec02000ffe0005d033f120f57e2320
df23be4eed21f2ef11d43c31e33def0fbc0e2d0ff3f04dffcef1c4eed0e4dc21
fd002e1df144142e10e10433f31cef1234b14fda1de5d30f100ef21effe414ee
4326ae0123d1b03ecfe212dfe1fbff0b323316441dffff9d0c6f4bc7fe3310cf
d1c01bdefeb12f5df432fff0014fe0eff21e122e0d2f52feb210021d32b3c33f
332002b2fe02fd003d121cf41dc4110335f4feeeb1fe32f1e1fcbe2e200ed3f2
5ef24423b61e3002cd03132f114f60b4ef1c21de2e2efc4fe95fb3e5e0ddcd02
10b03ecd2214cf0d212dd1135e02f21313eef21ccee2e3f3320fe12001ffb11f
236f0632643310e1cf4f12220f70f44f4e010f1ea3f7cee241200d2df0ff1015
1cffe215b00dc272161004e21df02df13020d2021103a01e053dd0e35f16effd
000c2e3a22fc01fd1f13201fc2d9f121346a2f3b24ce202fc31211ef0ce1b241
eef02e2feedfde02f10034e0c1b2321f503ff12e3d42ef10d00403c6200eb232
1b031e317efc114212fefb13e21de0021ff2efede4f022deded2fa2e0dd4f3ea
32123c2d2d000232e210f2e1d2f1c1fe2e5e03e0e231000f3311220520110102
320103d210f4f1ec3322de1f04f40200b55fd11171c34332e5fa050b3f4f2036
e3be3412ce10203301fe02d522e44ff421e4120f102fe21e2d2b00e330d22ddf
6b03341de7193203e143e0dfeb41f225b4ee33d0d00e0c2d5314f2d5201e331d
02d2fce2afef1c190fd12ed3be1e3931ce1cdd01e31c23fed4cac0e352e7cdce
7ff450df11dc213ef4b0e7fd20af20f4be21d4e35a1bf40e4190d3c3f0143e42
bf12fef1ff1ef1ff3f3f4d20e505d2ff2040e0d321103322b4ffee33de04ee11
f42ecfde1212f2b1ec204e4d143fb3ccf00f0e2d0da111f33eefef2fe1cdd006
e5e1fdfb00f1e3fc14d1e34f0611b1cfe2fd1e40f2e5b2271df310cbf11bf337
c011bc6532fdc1401040fd00ef2ff0434ff2011ff453013f4045312021c0e2fd
00c00de230f3000f3000d0c5fbb23f25e0eff1cecb302efc10ce3fe50f62e0bb
04c71f34f0f5c10f31e2d141142412b30e6ecf4f20cd677093fea65df402e342
c5f0ebf32dc11f0a4400110503162c0e116ebe052f1e1311e51ef301e32f0ef0
4ed2f01744f5cf2efe11bfece1e230efc3f0f02400f22ffd44fcdf24ef72fe4f
f0bdc1d330212cd41c303e0e01edc2c04ef10021fdf0ff1fb1d12d0c0fef0b0f
e03c1340f0f002f2222e6e40fd1c0cfc3321ee3ce1e4b02f20122c21fbd1f0dd
fff2f91dd0cce2211f323f1ef2fe34350101f322e2111f22c2f25fd020c10153
21e323f2dc303c1230200be110051ee2e0b41121ff3d5fe1f21c005c242334f1
29103013f42a7e22f0dfaebc3dfe1db2d0b3049fef3b3f1c1cbdb0e3fe211dab
12eefe2b4f24121eddd0000d010c0fe34b1e23dededd21d00b03fd1d0d0cf0d0
ef0225f4c03defe21b4fd3194fee24f100b2f1dfeaf121f031ebeeedbf425930
1da124dd004359e2d2032d14ff032fbb212f43f01c2f1f2dbc02de30c02fffee
ff9136f4e512e1b1efb1d30e01d620f3f2c2d0d0391c01f01f0aa5ffb26f42e3
fe050e1d33fe2d210d1e2c25fc2fffdf10e341fc01efcdf32e1d3cf2e1dd330c
d2122000ee00403b11d11be1efcf20ee3ffcb2dffe3d11f092de0ef04d20f3f2
3d230100232d1ef2df21b4ef2c2f1ed0a113e0103f004ff052dcc3f3f13e0e53
33b0cfd201e4ccee1cd2dbfc2433d1ff34fdff64feeb3430d053252ccefde170
dd1f34010ffff1533eded0b34c022f34fef22103f13241fb3121dfd21d5241e0
3f1fd52ef2bb3e2201101f224d530ddfd1d112bcc5f02dc1601ecbafff0f6e1f
ed3b1e2d5d2d3f23013012de0ceee5451b5d01fde2369c1f02265ffcffe3cf2b
f2ebd20e0d2e0111c102c0eeedfbc4c111fde1f0deb3d1eec2030d2a0edc0f3d
22ad1311ede22ddcdcd0dc2f35e03dcbf1ffe352dec25ee2e10f32dbde3bfe13
1fc34e1da2ecf25c33921fd0f2d32cf504211fc4422c03304dcbd2c413efe201
032a0213fe3721d0ec4f102a200dbe0cfef1fffdc0c5efd010f25e21d11c4f23
0d7f2e4a1cdffffc0d3f34eb0c0fde1e641c19e102f601221d213ef0ea14c0bd
2c5b01e42f30f0e0ceee51e2df7efe0b30f04e10c4e21deefd420e339e10fd1e
d5d042ecff1b4b0032d11f0de4a3fb012f2f13d44bd9240f1dc00000c0ee14b0
1d0b341d210f11e12ef0c00cfd1e1e2202e3f2d1c12122d0ff2cdf0d0242fd2d
e22931b13fe000ee3c20e51b2fdcefdd41cfdedfcec0f1d0eedd0041d0310eb1
0cf0340e21eb2fd0b11e14ff20f0eaedbfb433ff1d2100e15002bcee1d1342bc
43153c21d1ed1d4c41312c10f0feef04023fed43305021ffc130e2263ff5ffe0
5e0f11f1f5f32147f2f1c4e0102e42230e223fa2111e1c0ef33f22f715433dfd
d21023f6ece3c2ef74d90314f4d7522f2a72be47ef7f4603c7af202d1635f9f1
f0321ef511d20315d310d1c61a512d25112404cde5f50cef5e5003e1233ff1bb
d042dc402f22a01200e11f0e0d59c0fd23f01dfe04df211f221e1febf0df25d1
7f1142c3365e1ee1e1c1bfde0ad0e2dec310151c5cec2dee6d040423ff30131d
dee2d45c2e36ffee01b0d0fd21fd131ef2f1df31eecf1fe13f1e0c4abd0d1f13
f2e0de1f0effcc4f22f2b1e41302ceeefee0edd03e2f3021d1b0123311c50330
ef294ecc4fd0fdff0b3f2f2fff3e4140022bfdb0c10120e3c3d35bcffdff02dc
f5ebd1fdef250edffcb0f34a0731eeb1142f0e2d0dc12e01b0df103dcafafc33
1ee2fc02ffc5fdd240dfeb100fcfdcc110320323e21a110eeffdd052e00d0fed
1e0120c6fde3c5e3320ee20013e5540f0de0e024c1ff22e1e43fe225051f2003
10f5d3d4432e3fcfdc21d04e4605110c13e1303f20d122230025f54ef0fa3335
f330d2d59c94c6fd432e1632021e33440f32bfd1c2e42230c310131d52032c23
e0f021bacd310d2101ff1f1be2af1db1b2ee1f42fdff252fcdccfcda0c2f0121
3f9f920f5020fe92cb00daf31a3300ead3943def0f012b1df035311ef03f02f1
e1eabbc9da10cf1fe252f0330e2af2e1150bfd1cd4edee31af4d4dbd1c02c1fd
ef2d3bfbecdff0d3ef31332c05ed201142fe0e1f2f453d2fe10351f2e0c1f231
2130eb121e1ec21022d2ff10e30fe20fddee11121112430146fd14f400b1ef20
302ce0f7041cc520f30fe40ee1fb25050e4e9feccd360dd016a1ae2f3211fa3b
6dcd22c21301012fff0025ad0bed43504f40430d2f23c0ce1fe36435c35b245d
20f4bd4f0cf4d2301021dd03f05f112e4c313df32531f03f105033e22093ff12
122e0f2011bb3321232e3df4e21000155c2d3f02e24213032004110650f1dfd1
1dc1e0e50fe21e2031e0b3f150de2f00eda402b0ee3feece3ed1f23100121eec
23d3bf4e0b20f10cf44149221561b10dff2e0f02372f314f10402d10f2b3e2f4
dee3d3d112210d0c33ffaf0c1ef2e0c292d0bfee1bd0d000dfab9fed12d2fe42
e4202f1dfc094a1c1f124f1bc2eedb19352d3e3b40ecb0efdc5659fdc9bcc70d
49232f7eb510c3321312a3db19cb2ff7d13d0fc03fd3ffda1fd3bef022e0f1bb
1d030e2f0f2d0e22e0f1fe040f6f3cf134f23eee2ed2dff14211221c0f0e3d12
114dde5d320304bfcdf03051f02cf01cfecefe2fee032e03f115314fc2dd1f2e
ee50df7fedfe113006123016ef1001230e0110db05019fde33f71d5c71b2c2eb
d3e1dcdc0010fdd3f0e13e0313210c0f321f4df01feec4de0d03d3f30dad02ef
5e235fd3e511015206c022132fc1f125f120d0144c1f412f1ddec4c6104d2fd0
fd4a3103220312141d4006fdffcc6035dfff00ceed0d5dd11fcede4501612141
1c1e34e3921c1f042200d4c20cfe0c320fe11ef10c012e1f3e21d3f204e32d41
bd0d3e5f1f0fd4f2e52e1ff61024333122401fe2f44fc3fd031110d251c0e120
fc2bddc0eec3e2edeef0222f1d102f340fffd010bf01eddddf30e10032f11ce1
f2c3d1fd2e0eedcd4bfffd0df1c2cd0ade3cef043dc3e430101d140de01403f5
0eec20ee312c31f0da505334ed1e221c4c11f22cc2f3efe312156f042ef20cf0
7fd2f00e01f2bdff1f21fce6df3d01e23f011d011220204ee011ec0033d3d53f
d612d11d0e100cfc331eed3e26f41de1e1ffd0400ccc1430fffef25e01eff134
d5f5dfef2eddaf2f420f3d353465ee1ef0430c014241c4230e44142d0ec22244
22dbf501043460fef110f10e0e1c1e3213df10d0ef343bdf4e5d2f3632faee0f
31f211bded217e11ded01c0501d0ee13edde11012d191e1fcb20fff210dd1c10
ed2ff00d3d024e03ff1f2fd113e01f415ecf22c1d54cecdcee4561033dcdf301
f0ec310201f1efc5fdeeb0b43fff10fd20a131cfd00c2e0e5f3e210ec1533e1b
1d6003f144fff323d2fe3ef70f0070162cd6f3d0c4540dc1f6e11ed3003f0ebc
32f60d2c11f3ee6b24e4deeff101f3d4f15dde306c0d1410a2dfa12f1fd0e513
2fbd10c1d3f2314260cf1de2ffa540f5e02fc0c13d2be203f0db0de12112fcc2
bf0e05f0f1f311e30e2140d31b02032df9e05410b121fbcd020f4311b1cf2de0
3c0f2311f32010b0ebc4e2ca1dcdeb0ce6ac1ff04cecfed1fd3ee1f1dc1bf5ef
010be2ca2b1fc3d2cf50100def3ff301d00def02ce122111e51520fc0fc30045
f1f0f3f36fd0ed1cfdbd1d0f2f241ded20deebd0fc3141c20dddd1ccd12f30b0
2e1142f2e3ed0fcfdce3ee2a3e00edecd3ef022f40b0d2324feaf1ebcd3f01f2
d0eee55690e403e2f0f012031c5f3d44ffb740fff30e3bdf6230f02213307bd2
1e5d432d322ef333f07df0f3cf1a3e2021e2eedcd2323eee11340b2440f00f0d
42e133b404f21ef1cca1910d03c261c195b321f14aeb63ff5d1da421a14e5c60
03de33ae3f06424320c0f12240d63fcf3b0312e41b3df4d3efca21e4102e2ef3
4de131c1ff102ee1fe311ef11ccf3f32df2ff3bfd22fd2ffd3e20db0442001bd
e14c49011220e31e346f1e43ce11e772527e0114f554f2eed7d52e354212ae1f
d01cfacc3013f3f40df14332044c0422323d5d02e2441f0f13302ff1b4ad1122
2edcef4fcc3000eb3e20e0d3f1cf4030eff0e00dd32a411fafe00b0e2f02f1ca
e00dc40f1e30e101f91d1f5c7430f0c9e104214211bb41f3e02d021bd0303b27
dfd5f0ade1d41ecd1ebf21f30e1510c0e1032ff50d2cf323c0eb14bcde2f5404
cd1fe336f4e0e702ff2f1224212fd2f32cc602c0b43fb0e1522d24ec3304fb31
b40612f0fe0d124ceee24cf301101fef23200d110413d112cdfe3cc131c40313
b0b200a4123d3f422cd053d73d11fcff5ed53ecff069eecd5e2f5e01eddf0fcc
b0efe1fe1f1141cd2daf00011fc11e0e22ef24d3f1c12f22fbfd220fdcec20e3
b3f0bd42fd03e2e1e15ffd7d164fd4cd5e1e0ef014260015112e0b0122a21ef2
141dea40e1ffa3d2d4344e20c23ef0045d310f403141af4312f0f40c301eef61
6d3f3ef115eafd23ede0c1d0eade29fffdce13f022fdc0ef3b1c00941e52e3cb
1b242ed3f30010142411d1e0efe1143ff22ffe130e561ffe431f15144202027d
a73bf2fc001fd4b00b2e644f3604e71c1d4f0c14c2d41f01122f74fb330c1bf3
e4dfcfc02f1cddcfdee23df20e1efedd02ee314f03e21e20016ce3fdf1c10340
4dee5104623c5df39b22f5dc1a0e330000bd12ddef2d0cdd1d0620e1ee1102bd
e04b133e51372f22ee6e50f11f40e044fc130220f6264d1eef04422fd0f001fe
a04cca1cec2f113f34d05d12f0feff12fb1d12cd0416c321c5e25f0043a5e230
1f11f13dee22dcbe1fe0bd3a34cecbbb102fe1201ebf3332ddec3efcdb1d0214
42c3bd2b0022202ecd625fe2ec4df3d0251e417c1f13003f11531f22fc9ef420
cd52b21f01fe3f311f4f022302340421fe14fef244252ee2614f2fbd50061fb4
d5d0f1efdc01cd1b12020e4cd41ae100e16dcd5f11b2ef5fc000b3eaccdcc242
5b0432f2cf051e52e223b3eef2edcb0e1e2032f13be3edfe4df0b0140f2e36f0
fdd0112b0f01d2011cfee4ec6ede0fcdd2c11cd2001f2eed1de3ec2bedf032cf
13def7cd421313722daf1a3dc25daffc2f420ff54b33bfbb432d4cfcde130031
b1d1d4c02ed245ecc02f226f4d420c00f2f200e24f1f42021fefe2ae0c001c2e
44203df3d22012ef32e1fd913bd21202b0f2f25fc43022232021234b041db2fd
6244ee01031dd10b2df010e012f3012101d002fef1100f71fee2111efde000f2
501b554fec31f0f4351bee2f1e2dffbed1d3e01cbcdd9ecece2fdc1dfde2f323
1b1d4ff0d2dd01fdfeff2fdf10ef1232ffeff0031033422e0fd2e2000030e1da
ab112c02cde511e7f04e2134003331b5e22e1140f332edd631ccc1a200f10e0f
31d1f4310f01f109e0ff231f01d31c1c11d13da04e2d4f4dc2ef3f312ff31124
0252e1ee52231ebe64202df2f0e0c0f3dee0de000f322602f145ff3f45f5407f
000211c1dc9beab3001fe2de20c03012a7f4f17ed0cf0dc02f31ce1ea30c1ffb
2336db4f02e667cddb4cc035e030fc0fe0daa900370b2322bdd1dff21cd77d22
1fbf2312f11ff03ff200d4cce1e01e20144332401cee1ede114cedf1df4f2ed2
e11ce1ffc0fcc146af2e10d1be1120be9f4030131350220f31c112dc115dcdc1
1e1f0dd3b1112f16f0153f44eb2443e0c044dfd5ef60202600bd1f0f053e23c2
fcfbf21e3be1c120c34d321f5f3e31f0e1330214ef342edef41c200c104e312f
4003ce500316e3bdefc1a01ef4ff2e0f20dbcf2121edd121ac20306febfdf303
1f504d12fbb41dd5c522f312f2f07fe5e41f51423c62e9e710dbacd663002ee2
3a3111130ccdb1e0a421a22f2ecd5d00a41fe03dc0422dd2d0ec3cf6fcdbedcf
41210b10f1b734c3ee03ce10d4d0d3ef02fc50fee04d2ff2fdd21ffc2d0ff100
df363e2ef1e32203cce3c0cdb1f1ffbde3fe2f4d3efe1030fef0d1f2dff0dec0
04d365a3ecebc0f200c031302c2e510dff24042ed1d05ff2f2fd4defd6fdec0c
3d432c414e200212f3e0d202fe2e32f20ffe3f2ddf334173f0e314232edee200
0def3df0ce1e0b4e4f023331d5b3e02550100fef3cdffcff1203fc474d2e1ee0
22acf40ddf3f1fab2f3c0c0f4101eb1c10029fdf0dafa01bcd1fbe2e3b022a25
230bcd2fd10ff32200ef2210df32103d0dfb0bee22ce2230efd144f20d2f1f02
f6afbecdf131640d2effdf2dd221bfcbf000ed122260fb2cf311c3edf224d230
0d120f33e1e20ce27f1e3104e3d1533702ffc34d2ec2c2072202cc75141e3500
c0ff9ae1f4ed632f0e101334a4f42ee2012cbd12405cbc41c0d0f4004c011125
04bd61021e2f1f343f303df012f1d22f31f32fffebdfd1d3e0403025e3eed351
e24fef62dec0cdc41f2cc4ce42c05ef0e2fbd03eefdf22134020cf10ddad0bdf
f24fcd0e10e2002bd1fcfe03df1c1f0f021e1df04f33de1fce12d1cf50353010
3f0f0df1b1be2f15f056f3f4a2e2544ffd3ce2fe0021df55500fdff657e012f1
220f2142f442560e520f002f4f1c4e1e4feef2cdf4d0f1eaeced21121bf34d36
2403d41d203b0df113d14defffe0f0dd4e15edefeba3b1cd1f30c013f103e144
ffd9414ee45cd400bf9b4eda4c6cef1010e4b22fe1e0d2ed310f41f0ceeedcfe
ef13b11df05ff3e02dcecdafcc0100cfc3ef2ef1f0de11d4102cf1fe4d1f0fd1
d4a4a00d2012eb2f00f1dfe2a3e0f3b2002e4bf2e1be4c043333ff2212f2d2e1
5d2143e21300020efe00c3444fe14d6fe0fbcff024ece120aa0e1122eec24c23
9dbd3f113f501273cbf4f0ccf12f1eb05e5450f01ed430b2b3bb5ea0314e0fe3
f40e50b3c27a1df31fa021ff4e11003bbede01dfc1de44e1f01031f1d1fd11f3
c0fe46df234f23242ba269bdf03da3e22fe0d0f1fed4f12022c142cde6f0021e
f0df6920d022e30c2f3200e12edf4e32ecfff31400f1e3c3aee112132d330dc5
f4d21cee313de3233d2fddf2e34ddfe0d0e2dde14c01e111d21fc313d1fffe32
c004ddf0322e2632fdc1c2001c4cd2400d2d2fbde011e200f1f1d4eb1e2dccd1
d1f3bf3c401c211cebef2bff3233dece3e24fcd4523ef0dcdfd40f0e1b340d04
0f20d0cfff00e002e641225244f30243d3b1f3fcb2d000232443b15404bd3e10
dc4f14fd153413e91c0b3c024f54be032fde0f04602ff311d00f45d03ef15e3c
01c0a0bd321f3201cff097494f193ceff31f2e3f32f34aded32a11e29a2bcaee
fdd906404eec04f0341b205ce42efd3221e5ee1c01b2e1ecd2010ff3ef034d40
3dec34932b20cdeee5de1f3ffb1b3e2fd1f1f441bcee0f93210ff00c33e2cf1e
d201b060cfd703df2173def5c2b512303ffb3edf23e1c415ece3e5247d16312f
f2c102e0ce332111b0ffdd1ddedf2eefe2f33c3e21013e02d21ec00deb4ee000
0b2530b2cb00fd0f2efe03e34ed242edb300220df3e1c1d02cd1ffff0f2f10cd
35a730e1e261cdf62f9e21ccdc2d321c0313ef12c0224ecc36713d1dcebbc212
ee24fdfd03d2ee200fa31de1a00ee10dda0c7edfcd41f1d5400df0ec0200ede3
1ede4f0ffde102f5e2ddffe031c0ffd2d4e01d1f2efe3dbe100c03fd1c2f0c1e
ef3fbcf135231fcfed36e1eff24feefc402d501242126f7043ff43ed1f0fd210
ee112f03e0243d421d10ef0001b134c32c2c11c32e44cef300c22e05640443e4
b0334cad41e02023eef2042ce0002fed0236404dff3410ed30ff1dadbe3f2ede
ff1e2cd2acf0edec0f0dc301ff0b3c10f0fc1221d11c21c2cffce31dfe1dcdd5
ddcfacbfffee0d3ff0273d2ea7e1b2bf023230c5ff2110211045ef35f2f2e6f1
101411efdee0ce4df4c41ddfdb0e04f2bdd4f5ffff0f11c03133ed3bf4b0a312
ef301f40301020312e03f1d00ff23fe3ef21212def34515f32ff3ddff1e040f0
2dd3f0ff4f222d2fd1213fef10f2cffde312fe03ef4e220fdcdec23ec233fffd
d52eeedc12e046bdf40ccbfd007fefaca100fce021d13e2f5f23b3d903f0304d
45f4f0f1224f24ac2a3ee0d0f12f3f0052a9ef0c30fe226deef6274e10af4ef1
3a3442bf3eedfa413002ff003f32d0430f0463f30e54f2fd32014c14f311f311
ede0554112ed1f2e3f11e2ed6f3110430f34f42f001f231e03343f342eff3ef0
f0f6ae4eefd352eede2ff1ff321d3ed00d0fddbf7f00110cedd0123fed3d24ef
2b3d5f22ffaf9a21f3f3e213e2f24fd6d007051aae04b2c215220b1fe6ed0232
2314a02ddd0fefc0e12edfd41de00edcc40e0f53e02ebe11ed0d9d2c11340fd4
3e6063f7a12eba117144f1a40bb42445bfd1b70cbdd0c107f1033f5d009ea310
e4312fdf220b14de05ea5e114e11f90ce1ff9d1f341aef1b9efcc2cd59ef0a3f
33ce0301de1efdc1002e200002d20e2e00f35ff1fdd42fc0f02eee03f0143f22
3fe225dfd2100002cef41ee0de1ed2dd1134700e13c41d4e231010eec10ec010
fff505ddfbe1bbdfe51e710d61f1e1e0ce03b3e1d0de23e1e33ef11ffbfc110e
0b0343e40cd2b051312430044f0343331c023301ed2213f100f1ff05f31de203
31220fe034044fcd225ce26ee3210d435f0d90f01d00bf210132c31610c04d33
1320af00e314551ffd04bd0e4021c0db1ff12b1d3ece3f3dd033222c0bd2222d
1feec2fe332b421a00d2df002eec212d40304ef43030eddd2fffd11f20441022
f102f6003edfddb3230f532c612ecf010303015edf3d2f2e032e1fedbeed012e
bfd3ff0c20cde1c2fe910b0a003cbd1dce11dee122d0220d0e1003b0a0e0cfec
de200012cff2110fc26410e112e222d4a63fff5ef1f2dc332f1cc1f3042d01fe
d01211fe20322350dcc25dab0140b20d003303f1d2b4f121333352dd134ced2f
62f0f2d3edd0edf2f6e130f211314140f234e03dfedde2e022411e1e412f3250
21e002d1dde3d104eff3d412f1bf30e3b021dddc2d11edd3f12da0d431ffcce2
391f64c419bdfb3fe705f05e3f322134121e45f11021eed2130cda343533ef12
3133032ed4de33f10af3fc0f25c305f31dfd2fa33fe2602c3117154ee5b0f53e
c0230c6e2000fbb05ffde111039ec0feecdcf1fdffdef32fad033f12010ddde1
00b041311d0ddb12000d0e2f52fcdd3e3effe4beef10b202b22e4dffb0fddbfe
d0e1e4c1ff2f0ffc4a3b5000f4defd4d7ef3f2e02fbe0fbde05440440c244201
f190e12c510d43e0efc0102c1631e0de53cec0dd6c11bef90262222ecc01f052
1c03de03adc0fe02341112244fae4f2fb1e123ede30fd116ddec910d32ff3d12
50e13e61f30f12de100da511f2bd6e24f32ffe1d0fee1f20bf02f0ffef3fedf3
2c11e3fe1d1eff3f2dbf1dedd1f0d0cafd436ef2020e02faffd121d2fc61fefc
5621d2e4af501ded4f2d3fe222fee03e3bcde0d2ffff11f40b3ef04efd22f411
d210fdf22d00ec02eef64dd2ec03e3c4c1145344d1255d5620eff3e913f2f020
e0c1f0d22b2ffd403fded0ecfe0d02de2f21cef2fbefaebe5e330e02232e1fe0
de10b22eb0312f32000dc2133d1e2d1011112004130ec0d40fdede1331e3f012
eedf05ff713f1f4231126c20131390ad3f353f0f6cc24ffde33ef51212414fff
64cf143f23201f0d55cf30fa3250af0cf2d5de3deec1fe1f44723f21c4d0d031
d2d4cb02cf0313f20cf0b0f5b40112e5404b1f1442702045efee002755e536f4
ac20f97112e50230da22a13132d0dfe01d3e4fe143ffe161fbdfd12e5d3ed1e3
3e332f505f12410f013fddef42d0223e31c293fe4020f031cd31eede0d012e02
412d50323121f3a3d02d05ce2e41107eb5f0c06115f3116041145cee0edded0f
4c31ef32fdf21240faee4fd2cc1f1353c1231f3e230f320f420f3c3033f0d41c
50b4e4ffcddfbbf31210d1c061cb20e1d3c2deec9dae1eeed17de010bfbbcf23
d2dbc00e20ff1054c1e72d0e92ebe0921e7360e50ce32fcd42cdd1efc462c2d2
01ed0041201e1b1e1c241e0001d24351702e3f13e202d0f14102e043e2344fe4
b9d0a53c2111224d9e0e4a4b0262d09d01465bf75f354e4ff3ec12cd22714121
2f3b6fa21cddff2d61ddef23e1ff42e10df3b2ecb2e101c2202c0d13f2ffb222
112d2241232dd12d5b4fe2dd23bf306e610cd2e112bbc11b10143134ee1cd5d0
de021c210f01f02ff0111fe321124dff402b0e320feec012dcf132236c10edc1
e1d214ed2ed0c075c3eee10edd43e0b12f6301131f2100d027ed0ebb1e4fccd0
3b59152f120f1603a33e2f23cd421212c120e31202ff411633dee4ad121c43ff
63dfb111d65b41f0412dffe201011132fefdb1c033b993101e45e531dd142251
1110203e54f130bf0e4c0e1f03f1004e21bc0e1265f1e42ccc32f3403edd5d12
01fe22eff0d0c264d0d600ceee1ff2d2115e4042fe346114f3dc72c4b002c0c0
211c4fa3fce13f302f274dffed11d1f12ff434242451e1e50fe23e424500f0ec
f3f0df5e4546562c49eefd0c3e3fc16e5edceee0144fb26ced3563313de35013
fe0f311d4e03113f0fd25bfc1232f0ef240321000cff221b1431422110fb2eec
cd3b75ef1edf0eecb42f1f1f6c2efe31b113104b12e0041bee0c340bda0b2bec
0e01322fad10f114ff30d4e120015fee2ffc20e3cd0fe1d4dc11240e31110ed3
4f56d200eec4cbef7215fdf3f0d7b305302efe0e4ee5546543e5104035d0f74b
e02d17012be9d01015100f22412f1cc21414ef40fe45bf0ce11ffdd42e302e11
e36f0de4bbdee20103e4e203deff42fe902d1202e2122024e0efd3ec42e1def2
f31f5ff3b410441a2a1ec1f35d00206efd20eef2d43f021fcef401226d2302f3
25c1c490fd6b2feccf1d51d1d1dcdefb3d0eddee1feb30aed0fff21ebc10cde7
bf0eeeee2324342ee2feb1c0214150d2ffbd1144f41eed4ce2f4f10f5f1ed411
efe3121f5e3fcf23df1f14e4332e1d10011dd114d11062c113df2c343eff01e3
2df1402fcef22e22fedea042dfdfee1dff33ecd133e0eedd0f3c1fddf1033ff3
b2433e1204f4020e2cc24f502d3f03eee0f40c0022f2c0230d4fc1d3311010d3
134e0143010f4ffe0110e0111d4220eb115eccee20d4ff10c41bed212f2e1d41
9fdf1c3c151003c1fce31f34041e3fe30eed12e1ffc3104fd413fcd3230d2f24
d0102f2d1d500d31f221a2feefde102f2134e33e311e30f04fa0522f1f34f24d
db2310f1c2d2f62e0fc2f65e1eab2bfeef22d3ef1310b225decce4b00cf3c040
ecd1e1ec1522e41e0312cf0e0f014f07f1303411013f036dfd05eeae70cec2a1
ec3fcc1902c5f60e0cf1ef02e3312ef31ff2d345e4e00c090011d0fd3d0d0eec
32e2f0f40efe0152d422d0fc3bb01c313344322f4f30d1122e04f3c221c0e1fd
10b242140c0132311021f412cee2fc4f13032331534114d04de1fd2dcee2e00f
dd11edf0d22333ed2c0100421f231413fd33fee3d0ce2c1f0e3e19110eef03d0
b65cfe44540050224f34fbd04fd4f60bee3001f2dbed301334424215d5dcf00d
c2df4f05b4c13dec0f04a003ee0fe32be1324cf1d113f23f3d45fce2b3b20fe6
5ed0e1da3012f0f30dfc5bced34d1fc213ec1f24212e4e0e03d10b66207e253f
4104eef4f3e141143ec3de410e110dcb1ededd1c4203c4251fe113f4c2dffb40
1d4fe24fed3c102b1d13f0fc3c0f5e44f63fe53a5233c14412e0e0b3ff24de1a
c2d2e942e4e3d3cfff31bf31e21554e3fb2f1df5d01fcf3e2f141e0f02db2f97
3b0f00ace3dde20ffe10afe2ee1e50d5ecded503e02f312f2e24d21c42fee0cb
00125165ceff131e212143132c23232c0e212ce10203e3251d32eedede053fd1
2c5f212fa5132d5d00f2113cfe2e3340f5343ee00f039f03e333cbd5a1fc0d4c
00dff31241c2e3c500ece3f35401ecf32f2c9423eead5dc1b4932f72d062221b
1114e0e3f2ff060320beb43411fd0e0032dc01dff4212d03b1211c030f4dde5f
c20d1f51c132f1013fef0e12fe30f1ef1120fe2c1e11e42f521f0cc1e1a1f2fd
d343322fd0e4f13314e0d05c1fff4221d44314dd4e20a3044232ecb2c3a00121
eddffecce5d3f60cdec04cfff1fe5d00e2eb02212040a021ff5401a22ee0d0e2
f050f2210f2411321b03bd02fe2e23e02ddf31f02e0fdff1c3e02ff3c2d1210e
bd5f4f2304f02d111ad1bb10ef1fffde3ef22fddef34bd31e11edfd2d1b1e303
3d0ec10c1fcf31ccfff0dcdff130041234f0f10ec33f220fec600afee33e23f3
33413fe2439e421efadf2052410ef0006dbf21f6d2ef3ceeb3f41e6ee11c2224
ed0ffd2e1213bfefff0de112f11ffcf53f2d1231133efd412fdffcfd1fee0fcf
ff1de00f54f31511010febd175ee4d003eec0323111f1d5ee1c159cf12cf0202
20fe4d2135c451dc2ed090ce135f02fd1110e12ee11e222c2e621e00e4eb2223
fc52ddf0e01f52eb0ed3dc4d2071140ae0be211d4f45a12e00efaed001aaf313
131313551e032f3f0ef14354e1c32dc14041e0cdf103c0d5efcff4fe2101fd33
edf0c0ecf433e411f4006dca2e3d7d2414111410022f2e70ff43fadd1fcec2ff
200f2130ad4fe13e2221050f4ff2011eb064ff3c10eed3121bd403214dce00bd
c4924f3f1f1f2fe2f50e10d331b1e03ee04e3ffe0f30d32131e43ff1224322f6
000f412243e25122efe22e2eef2e053d1ed44ecd2fd012e15f102042c0002345
d102f2e023f3111110ede1e2f1011d0350cd2401ef010dffe0f11d4d4150e1f3
0e10ef0ffff413d0ff13112331514204bbdfe004d140314fef1dfed1400cf2e0
32415051f00e03022e04f43fef1ff321c202dd0000e1df352ddcee3e0fe32002
f3e2c22f21e111e3fbee3e0324fff0d35ebcdf22e11e3b10c3031f204061f2dd
c2c132d30e42c1e21220ae1e004f3c121bebf4031e00fef020a33bc12121f4ec
f3cc0173003ddef10230bfe422c4d542d0673d21ee1ff40f711f6a14f3665514
ce14ffd12311d63deffe2553fe0e4fb1f21feffe30fe2121cfedf4303d101020
ec412d24dc31effef521c23edcbe2f401d24322dfef0541f2eece03c1ef1e0f2
0e336262d35d3e0ffe24d020ebff0fff025fee10fee320f401cdf32eee040c5f
4e5e2102c3200f2e1ff4c14e1f32f40ecdefc30d412314521d12d21042f0ee31
01d4f3223d4e0e22050a00d01ee2310415f65f0e315045016f635e2032124525
ee311edbb520532c1dc3bed1d24f23f103c24c23d60f0feb3d32bd110f1fe423
ffd3b0be221417fd14e5b3fd4f1c5026e0edf77d2372d4711cf1f2dd7dafe1b0
0d214e23b0fcc100f1fec323fff10f44bf301e2d311e12113b03fe0efcf3e1d2
f4c42440cc00fd4af52ee41dcd0d4f55c240031c020111e62ecef0f0df265e10
0c52c00ee20ef0ed0f1d265011f132f2424f1eee12fedffdfeeece3d2c5fbd0d
10514f14fed230431e0f1134f2f1ff1b502fddee33e0ff1f21d1e1300242ed52
f7093450600bceb67473c2a051e7a72cbc1cd024b90c60cd51f27a65d7242c1f
f30cffbc12143fe0322edcf130312ff2e23f123d112ec2ff41f60d3f102102ec
0b3fd1e0cd441e62e440f1f9fffe22531541e50f6dd0100f410bfc0f111d0d39
e303f3051c3af133f1fcc4d31000e1003e34200df000e501322d003f1e154100
005ffeff302e20e04011e4320202142df4df012f0ef3313dd41bd1340412ef41
21e445d5f2601b72311f13efc9cf1e2de2750f197322a2e40ee1feefe1b30e6b
3213f3e32dd54e21fbf4ad1312301dcc43cd0f1e0e41ef22b4c012e1114b2d63
7ef22fb120d6e11ef9df9e11e43b44ce5efbfdffe4325e1b0ce3de51014ee14e
e2cdef131f233212f020c11f230ed343efd002f32e1f523341e209e0012f24d1
f2fd2fd334104d131fc0fbd1354dd41f011ef2e121e2d24de334fc12b3eb2252
02c2e41d7f4ce422c400fd9452e23205d1ef2324203f413222147c121f3174f1
e11ee01042bd05a2e343bd234032f3dd11ed0e04c2f0323df0452e4f001dffb4
232dc0d041251ef512f4facf1f3df00c31c1e1016de0ee22e3053c03c2f00e7a
0f6d327011221c04e151d111f0f0d34d20f4be101ff30002f4f031f4f17f3013
f2b202e3fb2ced4fd53ea5202cfd02f4b1f4504c204fe6322e30e01b3c2702c4
e30f9df03fe4d7b4dc0e1f26553d2b9549baf303f01c3c2df7152b3f7e1e02ec
d11d24324fe30f13302fd200f4b3df405473dd2443c1f2b134e0014e025f2cfc
d4cfe0ffff13e35cdf2dc4012cf35144ff53364224211016004210ecff1355ef
ef3e3dfd03c3202efde003422fe11e201110f2d310b1fcefc410e155d03ff15d
a10dd1fe1e0f10f2f11e1dccef520112622216011e0132f043442f05e30d124f
edd20f43ff1fd10ff51ec5420fd1ec02dc30f1f2ff20220243fd3f2b40402f03
de013fe3fd2b1e40f00cc4c1dbceff22d3e5103f422f12de4c4f110f12f32411
1d44f034c2c2f51efed0074500e14debc2900ee1142fd0fddbfde16e1f600be1
d1f3d0120404d4e2ff1cbf031231ed24ede1e1f2012f6e30f1d4fa0d123132e3
2012e40c5102e1fe103ebf022fe2e202e123e40f0e2b601140d04b5e1f4442d3
f33f1f1ef1f23213e3300d144431021f212e042feee22123e4f00b5f410f11f3
23f02e3622e11291e0f6de22536302f0fecd032ede025163fd100ba2431f03a2
22d090df30b0d110dd19df34065e3cbf2ed1e01602df691ea4e34072e02af45e
4d63e0eb05e3d5ccf32d241f13e3e0f1101d0d1511de300eddcb1bef715edcb1
0fdde1df3f42c50f211dfcfd55ff0322d13e0401ff0e5f2321e01a3150c3211d
31e5f1175ffc1523e0ce02f7242f0caf3feee11311322313c1de035b2d562131
ffd4b2d1ff2eb5dee0f30ce023ef4d03b01bf73f30502c3ff2020ec96cd1f2b1
0f6e3d1ec1311c113ee4ed3e0d50012d5051f31c5c10aff505110fc4a6abff3d
f3402041f4d7e5f32f242a0e51103e04300ce22f2ee3ee53c1140cd15f4ad20c
127cf223d03f4de01244a13d223e131e12e2231c3cdf0304d31b1cc1c3e22e2d
ee21dfec0e11b1bdf13b01323200f2f26e31b0f0e0ec2110e2103e7e517f23d0
e3f0102520eee421e12f44f1bcf2d122d143e11b1f0ec5c35ce023fec0d51f21
6f41d3aa2015cd61013050ed00ef42210312f10f6eef1ad3f10d09c2e01e1e6a
3a40f5defd4e0b002be112fdd21b054cf71e0f6b115ff3e101e3005f04c1ee5d
435032153e0d4147fe04b3f30d11101a44e12e1df144f22322edeff1e3350053
02ef200032f3331e2be34313332021fc211411f0e002f224e0e31d02f12eff13
aecd0deaf120f92f00eebeaee53d25fe40e611f0d049d3eb3f75cdf3302ff101
e3310e1d4403e4d3fe22b0fe431d01ff4cd203142f11fe3315333143f03fe32d
2f1d011fff123eb2e112f0ded2eff4eb1ce0ef2fce3250d0f0103e64e2711122
dd3e213fe162ed1cf603213d1ea3237e116011f0f20035e23000ece212d4f01f
6d031537f9ec1b00010124eff3201033a3ffcf432f3225ffdbfef23ac1651c3d
25a241f0fbf12e30f23d3ecffe0fedf0e3e4111d2ff063333fe54efd0fe146d4
135ce22e0ee2121ff0041140520233edfcfff30210e25ef4e3d43ad033dbdc3e
2fb1d10d1e23223fe4efd23c0fce2001b0322320301301f231e6fe2110f1101e
b0313eee35d4140cf3022c1f433c4de131f3e4f222203002f306ff4200fd15d1
c3ec512305005ee12ce3fcf0304e3401f3ff33deed03c0141e3422e4f3a22ed3
ca023feec1d2322d12e0e674c3ae4fe2e2eec114d5ee2d0c1f9fff2b1040ed2e
adfe110c21034400df1d40de11fd4f402120512e01000e3f3277e0d40fa317f2
dff1cebd40fc2f0dd1ed1ebd25502f00033f5f42d52c351d4027d0024ef0e720
ce4f4f6ed10d340c04150e311f5016fd4e120f1dde40c31e0c30de03efeee2e1
3d12d13fe00301ee0511f5411f12f22d30f4d103fece64d0e2ed2c4211200140
4000d10ae3ef10bdedfe2f5202ffee2f42eebdf3d32f1afed0c0fb520d2fff11
de0f0233b1130a52fe01d4fceb0d022df73344eb3130124022e3e2110f04f05e
0144230122dfe0f1000fa40112f2df3d1f42fbc22fef5f0021fd0bf2dfe4eb4d
03f31edee01571f4ddd1e1212f2e0df1740f2ed2f6029d05e063b3034f200146
220302210c4d2cfdef01c2fd11cff34f1045fdece1fe40ee3e23fc3311d3021d
1321e1ee01d625d3cbf100f34121f1d3fcee1ee211c12e14e1f0ee31115eed04
332fd0113dfd412f02113fd21311d41141eceee010ef12dc01000d70d4413e24
eddff10be30ff21bf4f1e3ee11112501de555552e24d322c3c440b0d51e2f6d4
0d3c2e22f113510d2b10ece21e4df4de10ed2ef21d01c20e103d00e403ce2f20
2f3e12f2004c1900313133ebbf13d7fee561ff2f2efef00e0e2c1130c425df49
ef014045a222535c20e1940f3c02130ec3514edf3002a432ec31efc013c10021
e41ef164232ef23031f3b34f4f25d1fad0fe0ee1eed02234f0e31e4121231e2d
00324fee1e0c03f325fcb2f20fb1fc0e1043ff10d3e051ce4ebcef10fc2022d1
c2332303f3e3d4df0e1db131232f2cf00ddd94e2f0f2feeff4c02010e254000f
2d0f210f2de2f3d31031e334201ec3f3e103d2231fe25f1ef2dd2c1def242e4f
d1f101f2c34c3d13302d2b3d1fcf42f23c13d16c3013d102e5c3421b4fe40d0c
033d0f40100334133e01eaf2cf2c404d4f3b2fe4003c031f1f544e350323d1e4
00e22321ee246d1efd02f3020ff1e010f2e4f2f5d0042b32ed21dfd5d33c04ed
2f2ff0ee00cedcde21f0f0f22ef2dfdd03350e40ff133f42b1ded01501ff2df2
012d121e3f32b3d003ce14e2d164ec21b5e54ff0f4fc4ed2fe40f0023d31b51e
1031ffe03453b241f22b02303d2043e3f1d250fd0e2e332dbfd4430eef12232f
1101ae402f4c5f12ccf347df0442b0fdc00b4d511dee1ef12b443011eeeff40e
db43022d32232ae2ef2411343f75c202201a01130cd73f0f00ef2fd7b0fc1f10
303203e0c753acbf433def0c1edec012ddc0bf403d02d43c44bc233e10102b63
210df00ee605d1a3e10b3b5eef01d4ff0f320231f11fd24e41d301e15f54ee04
1de21113fefb0cfbfd211fcf002312e2f23c32322e23405422033f2ffe0e44ef
d0c1e13fe03b222ddf4531d31200d511d2d3fd30fef134241e22d32ef3f2f20f
4f003f1d213f1c4501fc2c1f2dedd212c23b017e2e2ff03fd0d452e35e312c13
61df2f5a20f3050df40becb3205c115ed4e533cc230bfb13efe1e21c0b30feef
21b4242c20be0e5022213c17f20543ebecbe1026f1ecd13a11dfc1ebe14c3d13
f26f3d0eeddbf1f15c03c90ceff03c21f2201cf3525df41b3d52f1fff3d31cd4
ff40222cfd42df0f12f3fff1fe45f0d2310c03f0140049f4201dffd52530061a
3cef1dd2fe20cdfdcdf20e2e431eccd2011b016d3f105131f03e11140d1d2544
2330f44156044f4124d04f552dce05f0e3fbf753ec310c30c10303e01e4420e1
00fdf030051e2d31f2f1220e01c131df0d210e603f31c41100c223134e340f3b
2eb3e13020eec3320214f1254016c32d230234d40ee0f2e2ed4d0212d4112021
1f116fcde0d142f14ddc31ef3010e02d1f2e3e34330bff22331603d3c2e0e02d
d00cec4f314c40333affd4d3141f3b1156de5ee2313df110115b4df622e293d3
f252df2d4ff3d011fe030c041f544fe03edb3d041f113c24be3cfee50530d1cc
50f332dcf0ff2f4b1f0f30e3ff4fce10b1def21111eefedf2e3203fddcf10113
101310e02e0aa1ffef3113d37f50f0df2fe13d413d052d35e4fff513b40b5022
f15001a247532e4113121d406dcdf40e3aa5ee5240fff34ed6ccd02fef4e1b22
6013522142d1f25f30d1eed21f523320e3fd00c504fce0001fffc0f4df0f110d
3dcf40cf31e3af2e3ffd0c24423e14e2c0e0f10310dee1e2c3efeece0e3dfdfb
330f431ce105ae4f04fe0f1e2e3e212fdb31cd01d5d0e63de3dec2cbe0015e43
d24ed13f20e2be30f101fc113c12f42d21fd0304f20ee12adfedf1040e432c11
dff0d101d26fadd1f00ee64d43c1d12231f1f44cf240d31c4ffe410052f210fe
31601f12206ae1dd0c4fa3fe1fee5adf2fe53e2b7d0e1144deed4302dec1d324
51df52ff03f2e33f36df3c3401f3f00c2d0bdd32e50bd22d0013b3b020235144
2f0f7f9f0214b2015ffef4422d0de10decd1fd24f1ef2e25c1f1d1ddfefc434f
df20f2e00dc1ee0f02f100f2f2e1fe0fc40441032ef44b151ffedfd2d51fe60e
10031ef1154c1d0ef02ed5ee5ec0feb2cbcb2e3f4d11005f36e211fc332f5221
0cf100f2f2ea33f2bfef16eef3eeafdfedf5d37c0f23720e3c04340e0e13042f
3122c4e2fffb922ef1214dc244023fe10ee022300fe105e02d12033f2ec00f2b
31e0e14020d0a20f421f42200d11ff4f0f24fc3213db341ee441ce123fdc030b
d131fff22350a0f11d32e23f0120f2fe43df04e2fef1f4231e1d230411f2c020
1fd14fd3f524b0c42402e6ee31c0df002ceb12f2d321d4260db0e40e7e3101fb
4d11213d20e3fff1e12f2f1234502f1cf23c450fe3ef3df1eb011114234dd1ed
13300d5e30413253001e2e43f30251f1d5eb3533002d2d2ab1123df31222f00e
cf2ef0e3514be0a1bf2fa62d0f1d10efb210f0294d00f3fe304a421d42d1be03
53c1e1323010d47d131d6201c322105990e3f21f13f046e36d6413e20fe44e0b
d25e1022024c1fd4eb11c020d2022df2b5f354211e36200fedee1202e344d1ef
20cf2202f31c431fee0f0f0f2423cd1d1f3aef03e02401ef4e2123212022041c
feeff4f31101bfe1ef022e031032ee3ee4d14151ff124ff53d13330ee203d22f
6ff032cde0f34fb2021213414f3dc3103eeb3100f40d3d160fe0211e324df13d
22e51224f3f9c2eb3f2302f3e4e503e2ee150cfd40e3f11d4323e1019291643b
05c251eff1ef2d6f330f32750e4427fb01eadee2d2e2b42d22c5dee01320300f
c1033103c2f05f01134f03e974b1b0c039f3fd4c1a17a22141ab152af1303253
f0d1d243d14dd014ad0f22fe34ffe0f2bf102d6eeef323032eff3222f3f4f2eb
2cf2d4030c4b3dcb0d0015c112ffbe1d10dd0f30400462ff4d0f032fc6bf16de
efd1f2e334436fe5dcf11035df2dd131f0dad222fc131923f1e20f24e023c2e0
e2f0ef3c11d453e1f20134212e20100eb61423c413222e26efee20e31313d3e3
4e190f2fed33073d079d049b07f9f97df3fccc2a143bc4947f251e7b3df5f5f3
313f33e0103d6330f10e011c42ff2d2dd00eed2f331011212d03312ede00fb44
49003c34034155c0ecdcd1cd2f119eee410c20737de13d0742567021b0e2ad3b
d301d31fdc3fe4f11f2142b0c12fd322ce9ff2bc2e00f0d3405bfe0ed7cd0103
4efc5dfefe42c5f05f0ed201ee3c0240140ae1c4e10e1b2530d5ee231b00042a
e13114de02fc03bcfe14351f201411fdd20b024010ff1e271053c3f4a3c1e7ee
224111123ed5e05d53f1b01d0f4e0e21b2ee22a024d000e5d3fc31e2ff0bb110
10ef4fccd13fe43f53f321131b1e54212110eef6e300dd5041b1e1d14d303a14
f1d23de200dfb2413f21dce2f12fef4dc53d0330f2fbf4d22d4e2e2f4e143023
13f45efb03c44f4d30300dde3fe212febdffeee3f30fd3f0f0e4efc1df1ce42b
e123b300de3e41e0115115c044cdf0ee0d2dd03d323ef6f0ec0f230f01af140e
f0f3300030efb0f3000e4be1000e010f10303251e3fa13efe21d3f005f25203b
4f1e6d202ffc14ee21d910ed1d0a3c20c1ef1c4f654a4d352116e1f5ce1ce12c
0ff0103f0fe646c022dfe7cfeffd3f3f242c4dbe143e00b7321d011f3f01a604
2d2404c2df51ccdf002006f25114f02c9c39fdf2000336e2010b030c1301541a
b27ae1534f6fdff2ff4fdffc10dd6af3460065f14e7cb42f3f39523e2f02b11a
e41dd212302aa2210d0f5b242e51e13d161a1ee0323023002171f1f5cbe204ef
0001d1c0114b39fcd22f16d073c431101e1adc5a5de6021ce00f173c24cd3530
1f0b0efc215c1e0111f1d112f01e2bfd22cd32ee32ee4cf3df22111f4b24f21b
2f020120223f3c0142112c4f52de43fdbe22e260510d0542e211d4fdff1e504a
d220d3f102d0d32fbd03403fe32f3d12c2fe440e2e10312e0b3e03020312dee2
ff1415e1ac1acefdef3322100444f21e00040c0201e0e523eeefde1d11df04f2
bfdf03d11111bea3c0141674d024d52ea5db30d3bd14fc2df0da2ce6445fffbf
f23ed3511f42e242e13edd0124dc031fe4d034311e3433ebfc2c3e32100fdf10
2240f2520051111fee2dd32e14df5b1ed2c2f02b324cf00f1a3f301111d1fd14
f241bf030e4efff1130eeed24132524dd22d0ee04002f411d43d5e3f3bffe50c
41d233e045f7a24d23f1f21145cf340bd01dd4ed0502b5e121ac13eb4b6d1ff5
c55ecd3d1e4ec1125c12ee00e1f230f0e23d11d2212d2f1ea01e3f053edeedcd
e12f310501425407cefa5c7402eab52012fd2752fe2efa5e3d225e360a17ac11
e1d0def2d302bd331f0d233d40cc2ef02d1b2311201ef62f40d3044c1ed23e50
c224c531eff3b3d4e2273530e51ee32fd4f15dc3df05ee3ddd2cff2f071f32ce
c033c107066051d1015dd10e640f1cd010ebfe3f4d00f73b5fbe324140f1117b
7c114ddc421eb30232eedef10270bd1fc2f1412024fe3c40d117edd1be2d1142
4f1f3f015001a0ee2f10cde32df0efe0ef1e2441643e332304131fe04e01d554
1e122dd1f12013202fcbd3fe1d2ecd1ee2d40d4004eb1d16e2d1c0000a3e11fd
023d016ff012b4f4ec100c4ec52e623c07b14211100cf54bee4110434af41d1e
0000c60ed0eef24e022562b11321f2ff1dfe0fdef000210ffe3fd0d3e5023e0c
010f19d3103144a11ddae12adc1c2bf03edf1e004d3d53202f004234ffcdb33f
01fe2fc2e3f1b4a15c22f5edfc0c01f0fcfcfb1604e1e0034ff4f2e01001c055
42cf23ef02b445fe201517d11222002bbdeffed005cefdf4db02feff120a1724
2e3f4fe1f022f45f21d002f31f1221ed04eb30f302121f04e3330eff3e3f12fe
1001452093a00f0212fd7c410eff16311e399f06f10ff21f2534e2d1b4123d2d
f1104ffe31e3a2ef20ffeaf411004ffe202c2040310ffe0ef21e31f0eee2fd0f
010eeefd12e55322311e1df3cefdd36fe1c224c0e63be1c340103f0d5c24d31a
40d1ee30f17e310fc2f15300200edf2d21cff35d32f165233250143e0e04e134
0e111043ff154210f42226e2b44ecfffcdc210c0f6ffdce31c3eefea22330004
ee400114f0fdae01d240d3bd4fe12d1001fa1c2b5d24e4005c014e3ee0df34e5
4e5e0002424414f2fd1baede334e1b1d064b004f344d0212ef0352115e30c541
fe3e20d31f5ed2effdfde0fe5e23cf00f0e12e4d5f036205fd00f23ed3ccf501
311051f1314cbc43111e223f5e0d52f2f2dc412f500e303203c20f00223ffcf1
2fde1ecd03ff63600fedf1145e1ee20224f6ed5110200e241ff3e0d30b1f4d2f
df101f200efdb0949b030f52b2e01333e5e001040e332f54ed3de124302101fc
11f13e0ff22a002d14501cfc6fc412df0c30cb5d6c2f226b2102332c10cf4e51
31e021d3b31c5e21161220400ef001e3ccdacc1301f3d63947d2e41dc1f23043
51ce4f0e32e3c1d214d01d4fd31f204e0c31c313d11ddecd5203110b4a0311f1
e00c114e201f95f42d0f20f3f25d0e5025c325e1e50b41051c114cf53c42bcfa
bffccf10e441c0d5010e1e4223cf4e2f13fb2433d1f123404e015e252c42d10d
2ff520c330293f2e1020fec110010f0dac3b113451e041fef2053322d2dc2609
200cc25df1e420c313d23213df40e43cb2fa4fe5f0123b23ee101ff71422a41d
23e0f3c133200e2e30101a05512436c003c641470106113ac1be0fc227007f32
1f10b24ede1edf4cf12141e2f4f0f1ef3ee3111e21f30101fe12ff21b1de541b
1321ff3f610ecf4201e01f53f33c4403023541e1f040d21ce42b3e0e0df1f1d2
f1ed211e01b693e301d0f6d1f00eee41feecd222f5edc0f24f530d2c10000ffc
ff032123a21f2c10303e3040f2f10432d2f4b111f413240165d2111c1e140a3d
6e0f3e1def31001f30cdf3f1214f420ddd3c1214361a3e34000221deef3bee1d
6ebe50ffaf12b1f10fee373cfc1a0f63fddadc20f7dd0d1241440ef0c3d0122f
1dfe30ee41f1dc20f23041d02d43b0212fdb0fee21c0f003fe13e1f00ef015ec
5f1f3d2d5fd2f10f22dd00d2fe1fd23e243b454d0521f0004c03ff113b420224
d112a344ee4c0400fd020310cf31310025f303412e23fd40224f220f34f4cd20
122bfd311f5ef1d2ec01e50f303fce23efde341f3f3f3103c1ff4ff32f20e3e0
001ef02e1ef6f4b33d00364fdee0e11eb4d4efd3e23fd4d4eb205f2d4d2fefe4
000000000000000000000000000000000000000000000c050c02020d000e0102
000000000000000000000000000000000000000000000b0c0c0b02000e030205
000000000000000000000000000000000000000000000e0e0e0d0e04040d020d
000000000000000000000000000000000000000000000203040d03010f0d0e04
000000000000000000000000000000000000000000000300010e030e0c0d0c04
000000000000000000000000000000000000000000000c0c0e0e0f0e02000f0d
00000000000000000000000000000000000000000000000f0c0c010e0e020204
00000000000000000000000000000000000000000000030e0f0f040c00000a0c
0000000000000000000000000000000000000000000004030d0c0000010d010b
000000000000000000000000000000000000000000000d00020e0b02020b0201
000000000000000000000000000000000000000000000406020d0c0b010f000f
000000000000000000000000000000000000000000000e0e0d040d0a04020101
000000000000000000000000000000000000000000000b0c0e01010f0d010a0f
00000000000000000000000000000000000000000000020f000d000f0e030300
00000000000000000000000000000000000000000000020c0b000e03020d0105
00000000000000000000000000000000000000000000030b020f0e00030c0103
000000000000000000000000000000000000000000000d0c020f0f000f03020d
000000000000000000000000000000000000000000000e01050f00020d0d0d03
000000000000000000000000000000000000000000000e010f0f0004010e0f00
000000000000000000000000000000000000000000000f090002040d00030902
000000000000000000000000000000000000000000000d010c02030f01010e0d
000000000000000000000000000000000000000000000e0e0e020d03030e0009
000000000000000000000000000000000000000000000004020d0c0e0c0c0c0e
000000000000000000000000000000000000000000000b0f09010c030f0d030d
000000000000000000000000000000000000000000000e0e000c040c020f000c
0000000000000000000000000000000000000000000000020a03000c0e03010d
0000000000000000000000000000000000000000000004010f02020d0e010101
0000000000000000000000000000000000000000000003030e020e000c020d04
000000000000000000000000000000000000000000000e050f0c0001030f0c0d
00000000000000000000000000000000000000000000000d010c0201020e010c
000000000000000000000000000000000000000000000e0f0e020e0e040f020a
0000000000000000000000000000000000000000000000040c090703010f0e00
00000000000000000000000000000000000000000000050e040d010e020c0c0e
000000000000000000000000000000000000000000000c020d0c0503010f0101
000000000000000000000000000000000000000000000b0a0f0404000f0f0d0e
000000000000000000000000000000000000000000000f0e0d010e0e0d02010d
000000000000000000000000000000000000000000000b0b0e04040101000d02
000000000000000000000000000000000000000000000c0e0d0c060501010f00
000000000000000000000000000000000000000000000b0f0e0f020f0f0e0e02
000000000000000000000000000000000000000000000d0d0e000b03010e0203
000000000000000000000000000000000000000000000005010d0c0c0e010001
000000000000000000000000000000000000000000000d0e010203020e02000f
000000000000000000000000000000000000000000000b00030b0d0f02010304
000000000000000000000000000000000000000000000600020c0f0103000300
000000000000000000000000000000000000000000000b0c030d0d010f02020f
000000000000000000000000000000000000000000000d0f0100030f010d0205
00000000000000000000000000000000000000000000030b0c000b04000f0100
00000000000000000000000000000000000000000000030e0e03030b00000d02
00000000000000000000000000000000000000000000010c0e0f0c020f0d0101
0000000000000000000000000000000000000000000005010e000b0c01030203
000000000000000000000000000000000000000000000104020f000b01010c03
0000000000000000000000000000000000000000000000020f0f020e0c01000e
0000000000000000000000000000000000000000000002030d040d0d000e0d0a
000000000000000000000000000000000000000000000d0f0e040202010f0f01
000000000000000000000000000000000000000000000c0a0d0f01050c0f0f0d
000000000000000000000000000000000000000000000100040e0f040d01010c
00000000000000000000000000000000000000000000040b01090d00030e0202
0000000000000000000000000000000000000000000001040200010d010d0f03
0000000000000000000000000000000000000000000002090f010c02000d030f
000000000000000000000000000000000000000000000c0d0e0e050b01010d00
000000000000000000000000000000000000000000000f040e0e0e040f090f0d
0000000000000000000000000000000000000000000001030f0d0d03030f0d01
000000000000000000000000000000000000000000000403040300000f0c0d0e
000000000000000000000000000000000000000000000c0b05010f0b02000f00
00000000000000000000000000000000000000000000010d0f010000000f0f00
000000000000000000000000000000000000000000000404020c0102030e010d
000000000000000000000000000000000000000000000c0c0d0300040d020f0e
000000000000000000000000000000000000000000000c00000d040f030e000f
00000000000000000000000000000000000000000000040d0c04010f010f0d0b
000000000000000000000000000000000000000000000103010d0c0200020202
00000000000000000000000000000000000000000000030c02000c040c0c0d05
000000000000000000000000000000000000000000000c0d000d040f000e0e04
000000000000000000000000000000000000000000000201040f0f02010f0f0b
000000000000000000000000000000000000000000000c0c0c0d010f0e010301
000000000000000000000000000000000000000000000e0f0100010b040f030a
000000000000000000000000000000000000000000000e01060e010f0d0a090f
000000000000000000000000000000000000000000000f0e00040e0b000d0d02
0000000000000000000000000000000000000000000001040f03000200020e0e
000000000000000000000000000000000000000000000f0001020d0f01000f01
0000000000000000000000000000000000000000000003010004030100000d0a
000000000000000000000000000000000000000000000100000f0e0f0f0f000f
000000000000000000000000000000000000000000000c010d040e0e020f0005
000000000000000000000000000000000000000000000f0e000c010c020d0f02
000000000000000000000000000000000000000000000c010c0e00030101030c
0000000000000000000000000000000000000000000001050d040101030c0e03
000000000000000000000000000000000000000000000001020e0f01020f010c
0000000000000000000000000000000000000000000009010e0d040e04010e0b
000000000000000000000000000000000000000000000b05010e02010f0d0e02
00000000000000000000000000000000000000000000000b000500020c000c0d
000000000000000000000000000000000000000000000e0e030103010f0d0d0c
000000000000000000000000000000000000000000000c050503000c000e000d
000000000000000000000000000000000000000000000e0f0f000c0c09010f02
000000000000000000000000000000000000000000000d00000c0c010d010309
000000000000000000000000000000000000000000000a010b0e0c0103000002
000000000000000000000000000000000000000000000d0200000e0f010e0305
000000000000000000000000000000000000000000000c090902030b03020e03
000000000000000000000000000000000000000000000100040e0d0f0b000204
000000000000000000000000000000000000000000000c010e01020d020e0105
000000000000000000000000000000000000000000000f0401040e0e0d0e0e0e
000000000000000000000000000000000000000000000c0100010f0f0d020d0d
000000000000000000000000000000000000000000000c0c0e0f00010e01020a
00000000000000000000000000000000000000000000030e020302030e03000a
000000000000000000000000000000000000000000000f0c0d010204020e0e0d
000000000000000000000000000000000000000000000c0c03030e040e000200
00000000000000000000000000000000000000000000030c0d020d0b0f010f01
00000000000000000000000000000000000000000000060e0a000e01010e000d
00000000000000000000000000000000000000000000010b010102000c01000b
00000000000000000000000000000000000000000000060c0c0b01000f020200
00000000000000000000000000000000000000000000030f0d0f0c010d020301
0000000000000000000000000000000000000000000005010c01010002010d09
000000000000000000000000000000000000000000000f0f0e0f0102010e0e0d
00000000000000000000000000000000000000000000020301000f0f0100000e
000000000000000000000000000000000000000000000e01030202040f0d0c0f
00000000000000000000000000000000000000000000000c0c0f020e0e010f00
00000000000000000000000000000000000000000000040302010001030d0d01
0000000000000000000000000000000000000000000003040f0c0e0e00020203
000000000000000000000000000000000000000000000d0d0c050d0200020c02
000000000000000000000000000000000000000000000c0f0b010c03020d0004
000000000000000000000000000000000000000000000b03010b010e02030401
000000000000000000000000000000000000000000000000030d0109020e0c05
000000000000000000000000000000000000000000000f010c0f020000000e04
00000000000000000000000000000000000000000000000e02000200000f000d
00000000000000000000000000000000000000000000030b0c010f000e02020c
0000000000000000000000000000000000000000000002040d00010c0c0f0d0d
000000000000000000000000000000000000000000000e0e0d02020301010d0d
000000000000000000000000000000000000000000000301050f0d0d0f0e0e03
00000000000000000000000000000000000000000000020f0d01020e0002010d
000000000000000000000000000000000000000000000103030c0e010c0c0e03
2fac1ff24c03dfdeed3dddff310c5f0fde1f11903c43dcec045134ceaf213f32
dfcafb24fd410b50fde0f03e114bf012203c0d5e41e1ead223230e51f24aa410
c3ffbeef1cedde313120d37e0c7fa601543f029bd3cdf23011ceea2d1321dfbf
fd0103bdfb12d221ce4023cefc4be32e223fe030d4b11edeeefdcbd1d2f1f435
f1f4073dd203f0f0f0c50c12d0d6ca02044fe5ecff03f4d24ecf161046cf4ee1
d21d22be3101113f0eefd4fe046bdfe001edf1c340feb22cf1f0ec3cf042ae45
23ee1fdc2f1ee1c04032bcdaf1e10632dc133e4bfc2cfe302c2ce0100cbeedbf
10afefe05d0fbd32e3623012224004f211ed3ec220e3ea12f0fd16efef60313d
d0a241b3f4d00f14cf0c6bd241002f400103c2bf4cd23202300f011f1df32f5e
cf320d03d62c12fc1fbfedf132f2ea2ff52ffe23e0c3d56c70a12d620fd593f2
c00e5b12f2c000f1030074e4ccfd1f41d2ec11df110d1d142fddee333ecc5b44
221e3cd12ec0edeccf13afe24404e3f3df3e0e91f12e1f4fe001f0d553132f24
61c23e2de3d04de301f1dc42fef3d21d33fe33ddbcc20dd30bc34af1e42503ee
f3ed395ef1c222f30ffd152d2ae94e11cf34c0f22e312b2efe143ebf1f3b0e03
b112e32211dff20f0c14dc02f2c503a3e0f0f06a20df21e0ee0ccf1346e42240
5d02fd3fe461f30e3e10dc0f200c352ef3bee40ed443fdd10ee4f0dee505fefc
ae31a9fc4c2dbe0e4e1fd50ef110eec10c01b9e02e1e1d24f94cce11b2bedd0d
22c150fa4f110eded7d0ce1b200df730f0025e31bf2f2ed23cf0d01f5222193d
4e05434c277fcfdf619f1f0f40c23d5fb0a3631ddc4d1e13ed302c3122e3dadd
e260d569a6ff03fc00a51c324cdf1405d0d7e0efe41ee4d3214fedd4d3c20b1a
0c2dc02dbffcf24f1eb11331d9e11def5de6a3b141f126ce10effe0dfe1ea3b3
c4f11ce3cbb0d1f4c0421f4feb311fccf45ffe4ee232fd5101c2d21d4c3c4e56
0c4dd2ddb41ecd0bfd05ff3206e60c20dc1e23f2143b0d0e1dfb2c104dfe1cf1
10ce310e7df3fd60f24b20c235feee4423fbd2d0143f1120f705fb111bffbcef
de124552233243d330264de2330e3422d02e25edc27e141bdb021aade41f3bf1
2e21bbcddf022060c0641f4efc0bb0ff2dbbc02315d332b3bf565c00c06ccfc1
e9fddf4f14f0023baede0fdc13f2c0d32cc3d2a2512c30d1fd1e2fc205e2ecfa
204d292b1e300033b22325321c2a23f21efe1d236d9f33140b44303da15b1210
3200f6e1e2141e0e5c0014deefc223f321d3efcd2f33ff10121dc5bdfdff304c
0110320b12dedcfc03ad00be12f0d432e2e3420d544f13ddfc0bf4ede5a1cd01
ecad010d61540f4291ed04c13fcd310d0c0fbb0e23c0301efd7c5e32ff1a1f3d
62013221a21efdebef0d2a1aedcff3cd4dbe5300e909db1fdb2a64b9152f22bf
e3edf3947d0e2d00e1325511d031e42f420c2bde300e2a40137f1610b4ff0033
cd2fcdc111fa1433e1c35015cfc4fa1dddfec3d5c3f111d553149201c1024141
b02dc2b5ef11432ce011e3b4b1dcd1f04ed4cd2c42d54fdcf0ffda30cd430d25
f15010fff22d1fe602d53fe1f22232f1e3bcc02d103dd4e6f1015201c2531bd1
1e4ede0d433ead0e44320c3ef322fe1e4f2f1e330d62e4b1b13ffd120b07d0b1
d0b14c0decde1340af53413ee02a141bdf1b60b0dc0c2b4dd0c22bf0f02b2b75
de20ebe04cfd10f1005ec2c24e11222fdeed1d34e35ffff2b0152fd2a23e04f0
f5005d11d53152d142ff201fffeaed1300e30feb1f1444d03ef32b1df1e0ee24
f4221ded54df00ef0e5ffd907d4fec301ff4024ed2f5e24f3f4e11dffd03ff32
01b2fecd50d1f2c5b33f2210321aff33c0f1e00ecabe2c4ff4e2fb40e4002e3e
72f50ee0260043f331a333fe0bbbf05d23f35022f332e6b51fe031cfe4b33f0b
0252f94003500303f2032d3d102cfbc222d202541d5011f1c1f5d432110dcfc1
ff0e2e4311f03127e60d1247f401c0d1030edf5600f23b04d34315551f000501
c1b3ed41d02e122030303e4efddf130e43525f40b00e1f6d6300002e420dcf0d
ae1c12ffe0322355121b1ed21cfe13e333bc2b411203ea2afe101052cc1bd340
32ef5a1b3f3f2135311127dfd129e221cf0c6140db23dbe54fd6426213cc1c4e
bc4dedd1cd31f4222d1c3e01e0ee1d04c302dd3111e21f2221e1c720bffd2ede
1fe1d4e130f4efff2e223eddf20eb31bfd25b22e001d1620dededfbed10d31e0
f33110f4f3561e42f1211db0fbef4401fdc1e3fb3e20bce2ee4d4d0bc23c1ceb
50e30f5d1e0fd2ef00d02d1d20e02116b1e3c310044d20efe020f2f3d0c441ee
cfe204122eeefded5edf1c2ede2fd6c2121f4260b00e31513e0cfbff101e4de5
21ff343e030bddcc00e22c10602e03ef1f3f11edbf2ed42532fbf1cc23e124cf
223f350ffe44141252c1ec41fc1bcfdfc02cd5023b4bfecebe13e0d33ff420e1
fe232f42001d302c4fc411dfeecc0b0210d4552ef3ff0e244cf406e1b1dec4bd
f2fc2d3f0c1d0cf5a33ece321ee9d5d14e1d5e23edcf3f7f11000d431d4fd336
e2b042dfff1ecf00b2df5cdb2413fefcfcdfdcc1dd0c1c0ced4c03c0ddfb16f1
00199c40024b00e53201d5214f5a1df03c1c2e173d2f5e4314c0d142ec2bee16
6fe2f42140e01f0ec4b2cd2d3149c04c2302f421421e0fcb014c3cb204200012
0e032714d4413f30f0d401f024b0bbe2a0c0f613f62effd0305efb93e1b72caf
ec5eb4e22e9c05db0dce4ce0ede7401a0204de4ec3fd0c3d11b2e4045eec5231
b0dfecbff9e1ffd0ffebefefd22b3ff02f4e1dc2e1f43bf226f1c5d0543e34e1
232db0b01cd00dc36303f151350200f2d11f41dde3e4615015cfc2136034fe1f
df5c15c100d1e5424e300db4e2d314e12e439f7114031e05f525b011d0001bcf
c24edb0253342f22e1122ef21b0eeeb10dceee426fef3fde350121ff164bb1e4
201e00041c2fb5fce10b2f3ef2def2d1a1d01e5fb121d0fbe0d2e0fe5b4c0532
e3cc4d15e3b2cdd6034d3d331e312411c32b4ffccecbf30d24bf0920fffe0230
2c415e11f05fcffd023f3a0042111fe09eef31ef3ef112df0d31ee32feae3dcc
fee13de24ed0eeeb0b1aeb00f3023dcc1d1323bdee4d2e1d2c0e21bd2061e74d
f00e205cd4221e225d01df0f0e94f101241200d3e52df4f0110fc301f2c3312c
324525fb56014eccfe52fd3cfa06bcec0027131d1d0df623f910e44ec0341c23
cfeb04e546401fefe4f57f142111e256f1fbfc01250243c06d2dee24d4040af2
e424553f332f1f16013df24ff1e1209f10cf04c32011d2efc3ece6fe4ef32c1b
14220461e3e2f1fe5ff0bf01234ededb41df34edd46e3004f1d44c2f0c04d0c2
ed2200f1a20f034e40d14dff3ed0413ef4e3e4eef214ef213edce6303105005c
1d316634afeedfeff0dffdeef2e3dded2e0044422ae10e1e4bdf30ec5edcf012
af2f0de03e21e011ef10134de0f3e40de0d13c423102f00ef2721f2cd52922e2
24ed3df0e454e510020f22c2001620d50e9e143f5161dfedec5033e320b0c402
2eff41cdc14de15e9211e1d30e54eece2ccbf1d3e03edf3ff35345d2f110224e
00033016c2241e33611e1a32f5d700e115120f13221fd4d0deee2cbc4350bf22
446d4034f004f727f42bcdc02d0e34e41dd141e2327ff3ebf446da3e1c1f1132
540ff02bf1230d20f04ef2e1b14e94c33ee00ff20dbef21dfb21edeb434d1115
e4ed25de231cf00c0001224d0fe10230f72f3f93f4f4243c30cf3d23e4d2f111
5f611e55e523de393cfdf90fd011fb0705344e5f1ec5e2fc1deff11307b3fdff
fdf0b1122c421e20f2e2db20ef32d1fa2f50cffefd2113fefbedf412f01b0fdd
111c43b2bfb1a0efeceafe1cdfe0d4b1cf10ecf0db0d1c2d1ed3caf24f5e431f
60c344f4d230d1eeee100f10ff1202e1fac242e02d6cca00b02e30d0321bc23b
ffee250f1221e3d23fd3e3c4102132e3d3c2251ef4fec5dbc22ce40f0f30cd3c
e04dde02d2253510f24f21d5e1e10f4c1cf1de155c4efdef0400dd323ae1f163
4dd03215b010f3dbfd2104ed21fff4e1402e10d14fded22705f4f63e1cfd200d
e4013735a4204ef04eaf5e023ead62e2f22ff3d3c34306f2e60d072111cf50fc
c01eb0bd5e04c26e010cf52d02f11e204af0d00dea0ebbeeefc40d20412aae02
eefcfb3e55fd3ecee0b3e05006ec23513fff5f9501ecf05251154a730f2fc041
10ec11efc4fdbeee4031efd5fe12abf4fc2f2151123ff42ef0312c33f00611c4
00222d54051df0c1c32422e5c1e2fcf2d101e4dde32e0224e32dec011433fbe2
f2ded0d320e3f3df4bec230c0b0f122a4e42b3b2dcff332dc5f024bf402bef44
1103730ee323119c2dd11ebd01e32e2de2236104b06d231fc203c0bffcb26e43
34b6f1dd53a14def24df0ce0d3ff2ff1fe0b12a2c20d2115c02f29ed0f31f130
d222ca364ef932ff9013c0ff22d0f12f2e2e4db705e22d55f50033d1b14313d1
0edd0014f500ffeffe00fe1e254f13341f0125d2e5007630040fd4dfe2342c3f
5110713222211f00e300ef23142a33cfcfeb0ffe2d4fcfe200ffcee003e44dff
f1acd2b12dddb0d0131ed4e3d51f213dcb2cc0f0ef3dba1f20a2adc4304cc433
9ecd0e151f0fd223904fe54fc50001ee0e1cfddf5bb3002f324ee640e01acc73
23bef0d014d2ec2cd052dc1f01f3dde2ff3ff25c032cf0001c09212bfe212e2d
ef3f01ac09ec0ccf5c30efff12143b0e2c400130ceffe313f4e0d4e2031f51d3
0ed014f4e21dde5f21021f01e42edd01c6f2d2e20f2d02d3e21e312ef004f2f9
310dd241cdfaf2e11f30be3ef35ff4d00cecc3340e1243d4c4fff5e42a26e1fd
d03d003febc02fb0c12140fe143e02c1a31172a39b2f4a70d111c13f2f132351
f1fbe3c1c1e2def1d2f10fd4fea4e5210c0e2bd304e0e5f1f502fdf4bdc15534
bee00f935192d2e01f09f2df42f2fd1cff42ddbd1e0d002925fbc0cd4b3b05ee
51f43016c342b2f0bd2f4f0e4f03c05d241f7fe13d11cc3b1ee27021d015ed40
20deef1e3540e362c3f114e022d31b254dc0dfc2e111cfcefb342dff01d10ce0
3e6e3d402fff2eea50c21f2fdb1320dd2cc4e25116f1f51ddff44ff11e2034f0
b3eddc4c51df3deb2f1f2dcda3cff0e37321ce3c24d131c14b131312c1e20ff3
e4af51e345ff7e3f42126e42cf3b346005102efe11de11e261b33b6100f21c30
c21d5232fd040f32a0ebcfee1d35f101ffff5dfbf200ceefd5fcdffe2f3df151
6ed251ffbe132356bf11ff4c0f4df2bffedddfc32a2d222f9b2e41cd197e1e01
3e7d1fd41f210b41adeae2104206fecf302f3f7b0ff2d23ced2dd5fe21413313
f0ae2eb55d234f51a25103f2ff221051222e5123f2f2372cf2520942a02c3c11
113cd2f20e2d0f2ebf403cc2d45e2c3f0d1ff220020fece1d43fe5e31fded4e5
43b0330eb2f4f301320221200dc33fe24e2352ecf32fe20f009b1df03ef4ce53
53d5313ee200ffd11234c35b2fdfdf1b2dc114d20132dc0f2aceefdeffd3fed0
2e4ecee41d0ea0da0bfdf0311130edc2d3430fd12ff03343cc2a050325351201
ef910010cc9d1013bdf1f041c1e01bec625b6f0f14d24f023dfe0b21ef622d32
3d2ffafd1ff3cdcb2f2fed2ee9d1f4ffca20fe4bfdfc11e1fcfd13e040320ecb
02cecdcf4cde14134362b4f3133ed1f24f2bec4431f1deee3f12d0041de3cf00
500f1e0f2e5b1f4effb6eee223cc1fe523c15fc0e5462512fbf5121392c50fdb
f214d3c34c404234c432306df3150101a3fe4e01e420600122391d32ede4be43
de0315d1efebc1cf3f40fd133c32de02f30e30d44ec1201310fef0cf110dcdff
e0742e22cfc1d4beed1062a03ce3e2ff31f062bf1def312f9af01bd0f2f2ed0d
e421dd3e4ffde2ef011ffd4500d0332d2efed3ce3daf133effde0dbd4112e3f1
1c1d0c4210d132330dcc14ed643f0d1350d5e0c1051dd61a24b2f131e0e5dcc4
f03304e221fa32dfe4ddee12ec1ea3e124440d3203e241b10302ede121032f55
a0bdee10edce11fef154022112aed411f0151c1d0e121020f1c21a0304210f10
d52de520e222023e05fefd4ee106ad3620eb2e2e420feeefe64f149c51af2dee
0b411b3d3f0bf012df13f12dd200e2e0d0251f125f1f1fd40eede0225d4d2f30
21bf4c40cdc0cff00c2d44bee4dc11025dfb3fdef32f121bd3f1220dc3d1131f
fa0c7ff04410ff031fad5c9eaf794e3dedd0dd01ee35cd6f00d7e5241efc63cf
ee5420d3bde0f0002d114d25c1a40c2f32be04bc51cee320fc0202032c110e12
4e01cdff1efe31ce1221cbad3520f30f4c24d10fe434453ee54101e401e0306b
f3ee554210c1feee10de251b5e301d031fd2c1df0feed035f1d1dceeeeb34d0b
fd3ed13c3f51af05d000bd41ed3003edfc300dcc1d4c322f411ef01e34e19521
d4b2f0334d26cdf13edb543bd1f2e9ab32f1ebeee0f0a079ed1030ff23310cec
ee3d161032f231bd326e132e3493f1f1d21ad2f45f0c0ec1d2331dff039e3104
14e51e07e3042430300c6de960f33103473fc0c1501f00faa0003edf1f03500d
2bb02dd400511e130c4d10bdcfedec9cfcd1da35de112c43c1352e5ed21eed0e
e12cd0cdbc3300601d4205df40cf4ca060dce2c4ff6314e1ec0f334e15720311
221ddd0ddc00c0b0e36da5265090f2ff3d3220fe1b1f1eddce5f6b21f401bf35
11f3ef0cb0e3e2d4c3c43bc50e2113211f4c053c40e001c4e0009334d14421ef
d0df4cbeb5f1f0ed3d0fef2242a1fc2e203c03b101f13212d401072cfcc0d35f
febf13f152e5f470e23f225c23cdd1eebc9ef12bc0d0b14f0ec213ec0f421e2c
4fbffce0f2f3ed21fee140350d0f0eff0300dd01c61f3fee52dde461d45eeb50
be2eece1453f1f1d1254df0054c1b10220400c1be10f4ed00fe42fe0232bcdf3
aeda0102ff240dd0516123edc4f202e55f013eee40c00010306213eee62c1011
adff3ce4c0ce712111620bf25e3af40f0d0323010fedcb0fed443ec000bb5fee
05e2e2d10b3d5f1035041011c2123d3603f0dd0e120de40dd41c1f300331ed2e
130f15301dd7024c1f33211dd405f0d46c12c1bfe545df2af01f521bd412fd1c
f04023fe144ff5ce3243305e3631c0dec3363d5efcc00ff040c2e2f213b001f5
ddff29cec3e1ff311e211db0542d2501ec26fff1e1d26ee2dc03de11fd223e30
f0f2f1d222e05c00f2f45c201b10dc3df3ce320b0200e0c3321cd0fa13e33dd1
1ecfcd110ece1321ffe2a2eec5712030d412e6dcdc7124654ece112c10e0333c
e2ebde0f3c2c1fd1f4e3a0700314de040431c0ef360d00dc03ee0be133029e22
212ece2c3f2df53d432e14c4330340d630dc00ffdbf0cd1b14250f00222d4302
bfe224ed10f0125f40efde3630f23b3ddef3e0c40442cc0e43c10d0ed2c003a1
df040b2111f20ff2c00134c1cffee3ed1ce4d75f32c4eee2e125141d123f010e
2fe1c5e31c1f001f252233ece2051c3eb41132cf1eda429cf0efd133d1c2ee43
76be3462cfc44fb0e6eeb0ad506053455001d21fc353d26e170b3f30f6000e0d
f22cb123303d0f22df2bfd09001101f434d1f0a3f00cff0c0ec00125fc04dd13
02342d212f142200f4de7d3dcd311d46000db3136fc1fe31e52ea312efe1fdcb
01f1c02031202221d0ecd1212fed1fc00115bfcee03f2eceee1323122121edcb
0ef3dcf243311031014e0ee1fd32d4f222d2e0b0af22ef0f0eed1cecd4321e21
00ff6f0353c0411f1ee601011cefdf0fee13634afe339ede6ff13e120f2b031e
0e2a2b0ec0f2032033b43de02d204ffdd2df113cd01e1cef0f42f1f0b34d123d
0c1f3ec2115e2fe321e0ed0b1e20c401cfe1003febad2ce44fb10114f1b2e2e1
1bb21ed22f4e3c01f3c191b0242e250f54f121f1c2df2ffd0dd0120bae2fee4e
00e9c4123d1f5e204405e1fc4032011ead3103011d2ddfb54fb02332031edd40
4d34cf3e410fe0dfee0c34def3f31f4d5ee141e21e3c11f92f2dfe110ff44fed
cdd022031402ed3f313a335f40efdfdc0310be10fea01f2fe006f1ec4302c2ed
f1130eb10c1113130eefcf04d5133aaa013dbf152311ee63cbd03ffdf1002fc2
0e5d1fa004dfbbe22cb0e312cd0c142e131a7ce32a212cfe1b73b2c29f2e0201
43111d12fad12c30d0c22212c4123cef2ead1b00c14cd43a340d3133c00fe031
e7afa3317f4e0fdfe22d1ffdc04ef0ee1f344c14f3fd0e5ef1230e00e03c3fce
03ffff11b004f40e312202fcee213dc34111f2e6fd2f3441ecdf3111c1f1eefd
5e3e5cae119fbffe0203cd52011f0000cd0e5e0001312ad04f5e1ff3cff0f3f4
e0ede2cdcd2d4311ef42d425a2342e54e1d0644e2ebd42b31610b33d22102131
2fc20f2f0bf0341301110d113e001e3cf11f2332dd4442250edcff23d1ce1f71
22e510f44f4534cfe2dc53e065eed22ff021cfa00f260bf0f1a6112af10f4bfa
0d427510efff90b0d510c0c2fb0f4dfe440ce2224e725101ce7e1415ef030e11
6f3f0640dcded410f32fede0d3142f5d011c113f5cfce41edf3d0110c2d11e23
61012623db0b2b001db332ff2f232f32f1e0d535e4303f200ffab0fe33ce1001
4dff0dfec43dd04121fe100e1e3f0e39f0f022dd1f5fe4dbe95dc211fe04f3d0
144fd4207fe412e09ee03551ed2211fe05da01fd23292b1a4ded1c2e3c65fed1
fbed2f4f05520c320c111f0c7ffdf21151132124b0f1ee745d13fe312fe2b102
edfc2f2d2e0c1e11f1f3aff7eb42f35d0e2e11432ce311a11f6ede1fe0131761
fa4ff0fce0ebe3e2ee11efefee2e544b0edfe06afa0e17e41d0cff2ebbf1432f
01124fd000f71ceeffede10f15dfdc0e21f11bdbe431fd2252f314ef31dcd3f2
2ff4f3ebc2fbd03c202122f6a03e2101ed053e7c01d253f3264f0cf30d052f60
00f01ce3b2f11d41ea3c052fe0ecfef1102023bf30d510112d460f0d0f5a33e2
13d05fd0edb2e10001f20fef10f0313731004f212204f0350cd24ccfed0c10c0
f2b023324f56b1f1fcdde0eead1e0bcbf02fb2c31f15412efae2f3e4115e1002
3fd3d3412ff3f23cf22d3c26e1d2e30f542e0f35243ec2521dd30ddd4b1e11de
7f1102312030cd221edf3fb1fc1cf11f213ed3d51dd201f1d1e3fe26fdd1ed4f
f10033eb1d5fa0d21f33b000ce134bcd3501ccccf44cf01ff340424c25360d50
f0ec240f149250c12f0123fd1f50202d0d2073fdc050334101ff2c4dbefc101c
d1efd202534f723e0320f1e3a21212ed013fd51cdedde0b4600105c040cc12be
d0f30e4c5d354fe05321c640e4dffdf3f6ef090cb02e1f2e23901e4e246fdc0e
df2d10d02de0fe3f13ed3d2f13ecc521bf0cdc2ce2c21031e024d2ba133b201d
2e321f2c5330fef13ee03d4550fd1113ecdfdefbf41f0fec21eefde3fe3dcf51
24feed1131015f1205ccc1f0d6e21a331cf224e2ef5fd421040cd522d1e2510e
0f64ec02f7d2202e1ec54ce26e40f50e5010f44340ef24d3da2f2eeff0d14f2c
21e031e02dfa12e4e4133eda5e210d25f2221f431f2cc223130ffcd0fec2e001
0103522cf320be002914b3f159ff53cc0c1f2cb0ff142d3efa30fd0432ccc4c5
2ec20ceec333453ee13015f405b12f23132c434d0b1f3fa21332f0e010fc31f1
1ed223ed013051e30e25030df0f23e5caf3f56eb1e014d051d2eec12df122f2f
dcfcfede643ec2022423ce5feee1cf1d2c13f25fe0c2dfd1fbdde30e4131f3d1
05203b01f433e2eb3c21ded3d2d01eff6afbe2b32e24b10d2eb611ce0ece1d02
11010fd22c124f4d023dfce6a31f10e3b1ce4d1bfe0051ff34202e42c3421d22
1efe13f0250fe05221243f22f11ef0e023f11fbf13fdbb320c3c234c32fedf22
00fcc0324d4fab421fddc450342c3ff101eea41c167f017df3f0e4f503730c29
be1d4c31031c1e3d304d2211113e11001e3d2f4f2a01e1c2fe260ec122ab23d5
21f2223124254fcdfe3142a25f4f4fde6020f0d2c305fff40fff02d313ce5e1d
3220e3dc4124beced044dd3ae1b0dd2d503101a903fb0bc2e3603fbef312ee60
0205fe21ffd721de00ee55c1cf5f1111d1df60d0c65d3e30ff23041f015e31df
fe22d3fe3f1c200200c352d032fe252fdcfe2e011feb23c2c231de301ed3f4d6
51d34d22fe023b0ff0d3e20fdf5c2241de0fc4fbc111f5ec20fdc532fc140e1f
1ff1ec5410d0440ed1f14f0a505c1d0f0eff0f0f00c1002bd5de141fc04f00df
ce2f73e1c2d936e34f25bcd2709e11132d35224239004de60d1241d52eeed432
5f30b0123300ad22c291321face00fe41eea11d93f2cac2d54e011212d50c000
fcce4dd4f6e503ce2b5212cf310ed3210b0f6f30fe00fb300d20d2fec12a624a
b2ef12d202bd00df2e1d6345222fd31b0f3e4240e2e5dd010c1e110c3c0d21f0
2040e220efd3fcdf03c013ff1ec2c105d22e32420d1da1e2fe32deef21ccf1f2
3b2b94e13f3afd511fefd95ded4d420e510d2ac0dfecd02332cf0b023d23b0f4
ee022e0e03ecde14e023ec042cddeff3ef2bbc2ded423ff4c2eefc37cdcd15f7
162f53e200f5b3304fccce22ef10fece03dcf142f5ffef3c01e131e12e230edd
04f31123f103d20de2dd002cc3d10f4334311e0ee1e4ef0202f321fddf3fde21
e111f0fdf113cec0edc15514dfef5252c3f2f33d6c2ecdf4e44fb4d00dfe42dd
1f3f12ffd24dbf372213d04200f3f13b9040c25f2e1c251f120cb13050c210e2
11d4f452fecc54cf15051d250f0ffe65e55e520a7fa0ff1ccffed0f1ebe22f20
b1f1ef2d30f3023d226f6330e0f4ebe1e5226e063590f2e2e42322bd6ffcfbe3
e2900d4e204f110c423e2403742ff3ffd23feee3c1e12e230ef552bc1b110da0
e1efd30dbc123222ff1fded5a0c252e35de0d1db215f233dee13023f0241d163
e2fb063e4c2be00321e0edf06ed104d0ef422bfcdf5f4e9e21ec3d0f27c5d0ff
fc020c70f51fd13f22ed72ecdb5eff33dd354010de22b132041fe133402cff11
daf209d0d1f20df43e34bd3fef30342f1c1f23fc0ff25ea7d101d22fd1f0d22e
dff6f11e21f943ff222f001fc2d1e1e33642232103dc0dc1dfdfddc23dd33040
123f40d0f02025102200b1d5ec10d0fdf412100c3bf31ce11d000dc60fe334d5
1210f1c2531c30402ce36039d3fd92f20fc2bb010dfe000d3e0f0d1ddaf30e24
4b4e45d0fcc0e022e06e227d5b1212dfafff21012f613eaff36e3f30dd21fff2
0f430c32433efff0e1ffc2e043004eed3fd11e2fd12446000e350e2fd537c01e
e4edecf1e0de430d0f2232be221fed1ef123dec410120f232be1013dfdeb00ec
defb2ccbe114de0f3c33b01110d2412f7fc9e5ed192de20e29610be4f3ded21f
d15d02f110b1fbc415053d4dff2a442503d6f4fd1e01e0034f10e203fd3ebf40
f1a24f2301dde7eef0f9f297531efeddf34e4c352c042cddb0300e6dc3eef24f
1dfb0fe140f211d01e4f3c23ab02c34e001a40540ae1b04ee232d1e200d3d431
e2c3e0eec014240c016f211c3ed40dd010cfb0ed25302bdcc10f50b1010bc0bf
e16ee351cdd2453c1c2de42f0ece24bd5d243e3202323e3ef1d3dfc23ef4f1c3
d5c12d034f41eaf3f2e0cdd0fe502cdef0dd40e42efdd24c3233fe2e1c1c1635
11d5f52aedadedede125eb0dce2cfdefe12c03e2bffc24022bd1011f3e053df2
d113e3202010032d1bcffb320ec5db24bd0114ad1fddfe240df3fbe5233e0e43
e1bf16b623f3fb33c20e1fc340fc3bfc2cfe14cd4001ffe3b033edfbe24c0ffd
c52c01e034df5fb615d43105def521f41c6de2000fd14f6e4fbe9ac224433c5f
ff22634cdfe152b9203ef31ce1d33a1ee51243bfe1711f110feb00b11f100d2f
03c31c0decbf43f3f0515e0cfa145eec6e14c15d4ea101dbe20f4f2cee311324
23036011d34e5fc356c2fdf2ffec240f3f0204002f0e30c43ddeda1cedf61fa0
f3f0f5f42e22101d2e11e1ef2f0e1cd0541031ccde3e30fdee2edcdfedc13f2e
311e0b50d01f0df0103fcf3bfffef1d22f16eddc0fa020dddd5d6320fd2d220e
d70620f435fee3de20d410ecd1011323c5c1e33cd23e1515e301ced320260022
422fd0d01eebeb39f2b1bf2ef2be5cd16dd4d3e34404d4d0ce1ee52f1132f23b
e3054254c1e3410331bed3e2b114e31f03c3443ece20230d2d0144ee131410ed
a230ebcb0124ff36b544e002dd5bece4410cefd521004fe3be43ecc2f34f3bd0
1f1e1320df036f1344d1d44de5fcdde0e0342224224f01132ccf112f1dbeff33
decf9aff00efff3ae102e473ef7feee21120fcffe112e21d92e112c0417efc10
d0312dd0cfb4e4b3fcc35f912ec3ed2ebe20f1f2e4d211e16dbccc30fdd40122
11b204b61fe3053fd0ef1c31f300ec1e134eb2b22125fd0be0d43eefe00bfe00
02c261f3b122041f0333330e11b1e31d312003e6ddf21bd26315444100c234ee
30ed1cd3ed20ee30321d22ed40de323e54e2f13303f6b1a03311e30d010fd20c
f00f20b131cab0de2c064aaf0f16405f0f2400d041e2f2d4dcede0f503d4f0c1
def2132124d622db310fba13b1f5cbe25f03e4215e2fc0d3d0ff64ebef0ff3da
1112e1bf121f0ed0d12ee50142f26b1d032d40cecde3c00d1f3e3ccf01e40f2f
e24fb32ecc21cdeff2ec44523c2d240f2dcedc0e225f0f034eeb0e3ee22bf0e2
3c2f002223f0122bdb22febf3f1e2c11df012edbcd30d3db233acc2011023df4
f316d00002be12d104fff04e3beecc1c5043ef11dddd12d0e0dffceb22411de0
ec32cefcce11011f532201df2391102eae4b1f132d0cee1edff2ce1d20cafe31
3f030f51f3d07fd04e02f133d1a101f161fc5fb4301111d44df331ede14c033e
7204204f1d3cd0fc5f92d37e21033f10e5b1331201eedff6f20cfd32321e0e9a
639065e000c233dbdee0ef011622ae4490e56fffaf1fe4242eaf62f123012d51
1221dfdd1de3e1d25e1eecd0fd34a211cd204025e0ce1d4160121f1c3dc0e3c0
0b0204e2efd2fd1520d00ebe13d4540e50000df64d4c1b1ff14cf62ec0ec0e4f
0232d532f412231d5ef02aad44f34c4d90e300401231c2efd300d3ec011e3f1c
4f2de317d02cd0ce09d33034f2263b1d0ed00ce3d3742f13f5f1b70f22f416d1
ff0fedb0fe2eecf31ce042baebde5ffb20ede001d11e3cefb04c3e1f0fe333e0
bf3d6114dfec2b75e16cff2fdc202dcbcfe0fef34ded9ffd03d1d02f1f2afe71
bcdfcd210ce23d32216c463df623e5ef2f3c0d50bdec113b2fdcfcbc0e2d1212
fc1ff00f4d1f35ff43303002d3344e6d3014424041c312ff51d52002ddf4f3d3
30a5451eeffc6fcff4033cfebd2dc2313014241d11bc31d249fb3b0c01c21901
d3eedcc03e0320209322efce134eb2fce24101115e9e3f2dd6efab511f3eee26
dd0d3b1d1d1ed1f2e01e1f2fc30ecbf4c1c02e0c12ebf13bebed2d30d1f543d3
3f310241d04d243a3f2f1f3f19de51f4c2f4d2f43266ffe7105334d31203f5a0
ec12403df3191bda39b44b5f1db2eaced517001f9252fe2fdebee1fef0c00431
decce32f00024235c10d1ee154fdf222d132fac4005ffa2e5247e060cf0de007
f523013f00efcc04e4ddd341ade034ed0232ee2d2c3f1c223f01133b0f300301
f25f4c10dd5221413dd311ce12a1f001c0ae6e00f041d1010fe04ef4e3cffe14
eec2f1bd1f14f213afe12f21d6ece322fd020ee2ded20af2d24e4dc12d3b314e
1012d0efd2efc5f40403a23f3c30cef2f04ff0fdae2af1535b024910430600cf
240e2e0fce02ecf023dfdcb26ed20411ff3030dde032000f6b421c21e0250224
dff114b042e334e11303be52f03eadfd6f23e2c2d1befe4befc01c123c11dee3
41d1400e7c211f1b3deef419bd111f013f9e3e41fae14fdddd516e41b0c914bf
de14d222330b001fdfe0fdfe2eff2e0f05f4e4221e5b3d30bf3ed0d2ed02221c
119fe4b66d111fe3121ef0e0e003d30ee530f4a2fe0f10deaf0d1fe913320e14
30ceef21ffbdb0bd21301f6201fc13223e406efefe1fcc6c1ea2d0ee4d3ef2c4
ae091fb320003f25bd5a020f36146ee1b12e0c043f01d14b354ccd1c1a3a2233
ee4c256e930c5dce22f06cd390ec1f0f2d4d0147225eedd3f2ce1f2efddde113
2ee10fcfcf0dbc2cbc401043b55d249f31fd013ef0a31170d44f1cf11d4c2e5e
0d12302c1e3eb14d4e01d0ea0e2edff3d235c3d00e42c01dee63d0e5cee5fd20
342051fd333f7320d0f52ae04cc1be22f1be1133402312f35a06141ff0fdeef1
c3dbe1e5ea341444cdd90feb0f403f0a39e909e03920e93c33065d69eb1be721
303ded11f001ccdd4f2022fd2b4ff1d36fc50dfd020cf0eed20d0f0e2ec1d42d
e21d0ec3c223f050d1ed0d4240d4cc031fcc3ded2f20dd2e92123def111dfce0
d4e0403d5f4f2e23a313d141145090ff56c41ee251a30103107c4f5ed301c104
e22dbbae40d1d050cf6112c0df5dbfe122e1be1b52bf0102e32ed4f4123e1d53
1f2fcfdee3eddd1df3e231d2f44ce22dd524f2d11142f4c0af0232d00fe40b1b
cf120edf41ee455500d062b32cd20e53310ccd115f0313ff253d2235efd21fef
ed11cfbc100fc2c0e010ccf1205f3d02b024d210c3db212443b2d0053ee03142
50e35e3f1d301c03cf41240c3340213f4cd020dd001f012df1d0501d1022e41c
e3efacfe14f5f5fef3e0f1ef1dd11cd13355debf1d4ef1d1ce3f2ef0ff1f2ff3
e10512012d1d114ad02fe5100263ebdcc1fdee544d22cfd200f3041c2ce3f04e
00ddbdddebebde0453ec2e5b22ee272d5f3fecfecbbc2d01e0b11320fef912e2
ec2e01b942dacfde2c0309cec347fcfed20ee1de301df24f122cd6e312ce3e2d
e29f20bb53edcbd01053f3e21f2d030fb03230a3f41ef524bb6010e125f52e5d
301ccf02302f211d101e14e22212df431dd1bf0413e30f2011653efee232e20f
d1dfe9ad2ddee462f06d00c1d051bd02b210c0112e02110cbf6cdf3432f2f433
f05213e2d35e110fc32363af52ffdc24cfe2f0254203f2d0e31042dfd1fe00fc
25b12f1fd1f25b3ef4436e1ddfaa1f7f300e2303e22d0fe021d332d9011b300f
3203f62e4fd23a1c214dfa1fcf4314b43ec2ede12233dfeec1fafe3023f310d1
322f1fee03eece2c25261ed501d0dea32332120df3c2cfed2ff42fe311d5eda4
f130f0c1be3aafb0e1d3fdd2d1cc4dc0bdc1fd31f244f3f0ce2f1dce02c4d02e
b0f4c0f4fe32c1dc01f3e24d31d4e200a331c010ee0102f4c5fdc0f003d12400
effbc1b44dccebfdff2004a22ef452136ff0adef3f3d4f1f01e4f014ee42e31c
00f14142410135a2ee1433ff19203e1ef025f5e0b4d4453f3d31e41df0cc72e3
e1df35be1141fdf0ff4f03b32fd0f3e4b1e3240e1eef1f2ded65f34ed037ffe1
003fe123f37f0d51c23fb03f2d2dcff4f2a21d1d311efefea15d2210f11dc022
12efed3dbe32173014c26c2d9dca3e3031f2b2e05f31d1dfe1ee12f2c01e4fcc
0e042ccd255cc3333ec010d1725ebd61c3c5e1b6120f22e60fe345e6d4d6cfcf
33bd340de4243feef0e33fff2afce1b03201cecff0c0be12ffd30cdff3411011
50e242bb17e00141e3d7032f6c592e40f61d3692d2f20205cb336abe1727dd5c
d120042f3230f332310fd2fc323b4c45d244ffccdf41e330ff40f4d1f2e4efba
1c40f0c0c102cd42f133ddd33d3fecf020de123d4e14dceed220dfc4befe0ee2
0bdf75c7f5232315ced3eee0011f2c60d1b730bdfe620424310e64001f1fe05d
da2fe302d1303d3250dfc2b412d6a1114193ff50f233e41f2e5024e6eff0c4cc
30c1f0eed422f00ffdc3630bccc01c2fb14532ee0012f23cdbb3eeb110dd20df
0e0efe912ddfd0d03223bf2032114cc2f43a1fe1021ffe0df3f0d2221e7c1352
00345550a116320231111c10b3c211fed4fe303fa3dffefef1ce33f203e21c3d
0051d30f223efeebcec4ea6d0ee3f2c53e061eeaf2510fd65123211f0f1ffabe
032edcf40d13b060200f23b0fffc35e2d23110dce2bdc11026f1d5e0003de37d
c2cdb2f43cd0eb26c501c340d55146ede45b1cd10d012121d0c0ce521f5ff064
4d4efc30bd00d6110141454ff5cdfc01ddec2d05b16cfed4101fd035f1110bdd
0dff3b3ddff0cebbcff20c3e3e22e22e5ff7fe002140de24ddce201de31e020d
0ddd4cf342fd2f72913b0601d2d210444e0fff015cafdbf1f2724d741d0d143f
5136d321437ceae9e0e30ef31e31cc23f591052c5175b3e5be64f21510220ead
1e00f105c225254f10dd4564d922f4e5c3cfd0d3e2d2e2cede1f1d1c202a1d40
3123305fd412d2ed4f11ff61334f010e4232340ff35dedff3edbfb2230f3fe01
7ff1ca3e1f2d1d1d30019d0ddd11cc1b5dd0f0ffed3cdfddfcc51e401003f0f2
05020ce2e4f1ce04f22244a2e0be0c22d1fc503f23b1100e0fc0f9f42ee210fd
1dfd1e422e404e430e215f32d13c101f5e3a02f40e69fade23de547d2f0efd3e
fec3461fe22f203b3fb17aef22c17003d0a6d24d5053a5c5d05e3fd21fcffef0
033cd43cbbd3f011efed05d7e02ffff2312fe0ef02c12e3e64350005d0de3145
fef4fe72f21354116fd5f25254c33031c0e120222412df1e5111f1ef0513fcdd
3232ed4c420247d00fcff21113ee0e2fbe30bd13ce605fec2145bf3292aa40e0
33e2e4faf5024a1203e1bc310551acf7e2ef42fefff1de0fe0045e22e226dd1c
3fdd30ea53ddffe3b3425f0fc041a202af24141dc5bdf3e6e2fccdf623e32b5c
e023b06d20423f2321cf323d4ceee0e150af1fce6fc523d4226c523ecfc0dda0
4f416663b02ffef2101c60e3d0d3f01122c3e2eee25ef0bde01ae1da20012d01
ed2ea0d33fd124e41d4ff2e1fe4c362333329de14ff43e20e0fb00db0eec0e0e
fdf0ed14e320b03d0c20e5c05ffe050154f40dd42d0ede0c12f25034e3f1e0de
bf012da30d10dd3fdc21d6d2cc2ecf3c2d4030d2dce2d00023d0cb2d4249c434
ce21ee24de13f245e320f534aec16d14d2fffd4110b62de2f3431f29d22ffced
0b11ed4de2636420e1ee322001fa5f601fde5c1521f0f3fe4e546f5ecdbe121f
3313e03432e12224fd3e1e2034e222c05023b05b1d3d1f11a1cd41ef2c20f0d4
fe12d1e23db11c341310d4234221db0d11f1ee24ffa22c405fdcd0433e0fe1e2
f2feecff6cf0e446be1b2f31b25e31216121fbecf0c5ec2930c1e3513f49e544
3f00f4fddf0e4d04ebee22ff1e32d20d2212400de249eeff11a12322f2b5e0de
f11ceee5bc34ee1e6ab0f4041ebe250fae4efdac1202d2dcc4c111e40d2ee024
ebdc39fe1dc221b32201466e4e021f32bf00fdf0ffe16e0b0e21e3ee33eb3dd1
e26330dd20ce0be1a0e03f51b3df1e44c15b401b7efccef1e073c2b42d103241
c4d40ce02e00f11e1154df044f314d31402c34fce041c170e0ef0e1fd3d32030
3b42413feb13402e10044d2cc0feffe4c3d61c3cd10f1ed24fe1ecfe34322ce3
ecdf10bf300d1e0fd10d451c21d01bbd4e312dd0d503205d2f003300d2d301d0
f0d0031ef41112cfff3ef100ed2dd3edd31df2e0f433de1b033d24f039e5deff
1cffce1e343f25ccc0e432409d4fdfc513050e215f2f3c1ed6250fd0511ce22d
2724e15f54cf12c903ce04f33f410ed1e2c122063435e53d1e25002fd13ff1e3
fb13fd2d1d61bc54e5f6eed02d022fef3d00f4d2243af40401eec23e22452235
1e41fe402002f520c00f413c220ff3250c222dffd5ffe2cd12f1bf1432ee30fb
40c0e02104242501cb203ffef00de02a2b4e330f4c10fdd40a42e4e0021bfedd
4ef10c4004e40c22c0d12ed1e21c25142103dff4fbd42136fe14b440f0fc334c
f0fd40300c02d0e21def3120332c12ba3ec3311fe325f352fb335e3fed053f14
6dd211d01b022e2e1ff630d4feefff2021a2200ff30dc65c45ce1f1ddefe1302
3b344a1743eef2ff3e305d3a525a1ef0d4041d3de0310fdd4ac4d40f0c4f0f00
406f3fd115efafc4d1cf1cf02f021fe44113dfdc2c203224e3112e1edd11e1e2
2032003d0321b622fccecbb53dce0ddf23dc23f13cd5e550ace31c201f2221b0
ee7fdbb002039bb34c2dab1d5ddcf5e1027fdef441c23e94ecfe3ff0020db30f
f0e020f23e32f0f014f21e1ece060d100ed2d11f0d1d05edf1e0f4e33f3302d0
4a1e03c0cc0c0df51024f1b15e3c16dc0ddcbf01bf40f210ea0e454e0233f314
4f423f223eea0ff42fb2bf0d4f0b44e20224e4101143e3ff42ee20e001f11441
1f4c2f1f20d4131ffffef3d322c3f30c32ece5cfce321f52dc00550410042e43
3615113ffe0c35201dfde3dd7ff70ec43f043fd5f33dc0db11ec41d20420ef2f
e3fed60f0d4534411f0d34532e0532e3e61d00d2d2fedd2f3200f2cd1d3e0cb0
9503bd10204134402d29370552221cfb2255c1fe00d4f0202cc2559d5e224f0a
0d444b4de3fffe124e2145d10c0e2a52db3e2ce35f2312ebef03def12dc010cc
dec2fe142d23442edfdbf234c3efef1b0ffded2213130f4c1ef0f4f0341d2cec
5d131e2ee1ceacf2b2f11b32fcef4f0d12041030401fe531326edd24ed06cf42
cf0f42dd2d2e120d5341f4e1ce012e611121235e330cdd0c421c9ffeece0fee4
0ae3ed201efb0cb111112240e130c6641354012e53f00bc65bf0dae110eeee42
51532e201d942a3300b011ad5c440f5de50f00242dd09fd9ffc13e0ed3d32245
d0f30f305eb40ee21e3fece52ce0e54fec43000d23d72ff232cfff9fe30d1312
2fd4230eff0cd50f4dd101b20b442c2f01dc1ee41cf3fdd0fa4fe22edd32f4d2
0e6016d043cd52ff36d6500be246b223b6cf327a1cbbdbeb411fcd02f42b013f
41a6e32000d7ee020e1905efe6ed3b1b4eddb2bfb46ed3ec42a171fd0e0100bb
ffde22e3fe132111f3da0421ddc01ef4f6d00cd2200ed1eaf0103f0deeeedd3e
dd2d23331d33251af43cf44ba43f1fd5bfe55f3ed0dfead21ce4e1c1f20ffec1
3f2f1eee01fe1ed3fa19003ecf0b243000313002ff242de2fb462e431a60ee41
21f0e222e10075e9fd1f3d6de110b245c33ff45331e3dfe22ae1c1232fc933b5
ed5dc51d3d1cbf2694a62d410cb2e0342f40f33ef039ee220cefcfff0bfed333
f02a7e40f5f40cb15d0200321a00e40ce042f4f20e020d21ca40ebfe00cf3f43
cec0313cde44b1d23c11a3d4e3f132e00e0ef2dd3d250f3ce063143d042c2260
1fc2f95ff4f02deef3e22340d5ddee4c2b37ff25111303cc1e1101d1edd100ef
eedc421e09c3c0d100cd3d2432befbf11baed320d412d7fb042c423fc4323dcf
f01155420bc235222fc232ee2934d11d4fcb2326c2e2f51df4dddfee0fe2034e
1c0cb01efd6df2f00ff1fff310c23d240f01de01fe341c2db012e04c120e1fbb
231ee121d3c0fc334cf34205c3d1fd2034d03ee05e2eef03f25e13d1e11d14e0
0e1040de02e326b02e006410304ffd4f0dff0e30e3f2c3fdd221ffe22fd13d10
2d4a45ee0c1e4d1e12c67e723cf5a5e3a4e17d3a009f0db3360a90f2f2fc1e16
d1ebd2b1112c200dd3345f33e52ff32df10f2a1464914db1ee72caed52e03df3
21c4fd012510430ee4e5f33f1121d465d2e22610dbcd30b3110dab4400fd7f3e
125fcfeed1ed0d03f000bf14fdbdd4550dfe5ff26c2d1eb0104dc2ee40c0e4de
2ae0c144033de232d2ffecf014ed343d3f471d13f2145d260cb22f6ff340d0df
f3301222e0e63d1c0c2c1e1ff1d3f232e4f4ddfef344cf0c13e10c112f14faef
ddfefea0020fd0130d1f01ed1eeb2f21fc30ec14dd131e231b0132d13340ee64
d030d1d1c04e54df1d6e13012322222d0de33ff3c001efaefcc03fe044eefd43
cdcd3baed2f242eff11ee1f725ab122cec1cd3fdfdf434e01314f7fbfd0b030a
6f3442d1efebc0d2b5be3d1d32f00411a244040b3f1f0c41576aa3510ab03b04
dc51fcce3ff032dc6e7e23330494c033211b5ed13fc02e9d1f413b9d14bcd411
44bc13ee10e1ed0301dedcec30c131c2430d32f00d3c24f33fcb53520024e31f
fd02f1e21f0f3534e0bf2cc2fb6e45ffc2c53412ecfef0f32f0ed06fc03041ed
bf441fcf04f0323efd4be0413fea4ef9fb130ce00defea0d0d2f2d40300d13d1
e4df1e2d02ff14263c0e14c47cfe4cb12350bad3d40bfe3db3215ce0e2d10ed1
c2e01eb01f050b3df144ce2c3100e3c0eae0f10f210f13f3012454fef0fbd3bd
5abcfbffd51dda0ee0ff110d1b2cf71c41034e3ccb4431e0de40dee3dd4f255b
1d0200d0ee1dad003e31c51030f314033fdc1f02d1e063c32211d41c15d4ef5f
fce43d4fd3f3d5c4bcfdbfffd0e222fcbd41f1eed14ee15fff4333ded10400df
e1b224cfdc03321fb5a1d0f0d3e57eeee2dbf5e0fc512ee1353b45e0d33f34e3
354313e21af022216402b23b303e0cd0f4f040ffc0d205dbf5f3ff1d10220f12
14f35ce1f11102e1200e1224f2f00022431c2fcdf0fe0d4e04e040011bf12c10
f4002de1b23f2fe44012f43cc1fe0ec2bd3ff12e2b224f0ef1ce233315c12b0e
32cbdd3325e30fd63f04cfcc42bf33ec03ee5ed0db3e5cf21e0e610ef4dd0033
ecbf04f0eecd3c7530c145d1b21c21ea3191d222dcdde6b53ee0c4400025100e
042ed34071d222a3e4120bd122b1c40ed2204101d1ed04e35d1d2de11212db2e
d23f0fed2d424d3d4134fe5f5eafccb412431d1e11e1140d1ffd301072c6cbbd
4c2fa2c1ee10f012b4542102010fd5b1e0eee1fde14d5cc2f41d303f0e20d22d
13e311d1c542fae01302ceb104eb4f923fb1a1bed4130110b0b4321fdd73b0cd
ed40ffd15db3fdd2d5b1010211610405bd1f24ebb40035d1012bdc000cd431ef
d5341de1e3c2f62f4ee0f145521e0d0e0042d243edffce30fccf1ecc2ccd2331
0605fce2db34030d6de0e6e232d0fd3434c00ee7c410dfef31b2f2392d0c2ddd
0bc315eefec45defcf022fe3bd4fe509fd2c26f13ccc1df61e30c12ec32c1721
e4cdf2dfe9b41232422ee31fd511fcebd01f3de0ed1cd22d412fd0cd160efce5
074f04042110022d30300ecd24262b14e123dc24ed32d240ec1dedfff31d2ccf
d0d550bfe3ed250fcf4023f6b1d0c242c422d1fc0f2a3fd4f3eec311eb01f140
24f22ffd1a41ff321400332ee335f10fe4c2ffe042d0904df3c0cf3c154f0fee
02c092ef1e33230fe143be1204f244ef4124162d0344f230cf1f2f4b223ae541
201eefb1e4312223bbf300a0dfde2ebe31e3f4f1cc3e6040a344e3e4df2ef10f
404d00e3320bdf35e4def40b213520e2f1e4ee34fcfd001fddddfdc441e0020d
560e2b1eeb0ded461ca3d2262d2e2b3e02e2041ec321c4313d1c2d62b13ff35d
d0e12cfe1f2b10bf3dd03efe4f1c1efcdb131e1dd2101e1e23403ce125fffe04
21be3cd1c0f341147d2d2e343deeeceb4e2b4e11a2223cf22dfd70f21ee12cfe
10dade2eb3440df00b2034eb3edf3cb0eeff111ff0fdf451ed2003ef052ef3b0
42a214f2c1010d14f045e11dfe02ff9631cf15cc03223e33e22e443d944eff7f
36d0bbde00d6cb6f293e043031b9edbe1eccf9b91730ed3c1eb2675ef13ed10f
1e41c502e02bf213e1f22b24c1f34e4f41fa33deec011d0e22fdee03fde5f303
07d20fbd2210dfccd3d243e20dc2c1eefd1fe3f4d6eec10dfc010c1b1e0242ed
ae752ce20212be1fee4cfe0ef2e3e11d2532fb3fecc124913d52eacf211fc3f1
2244c3350de41fea10c95310c3f42a3135ee1e12fce092412fe344d0163e2dad
02dfe301b0eedfcd93d3fb93ad4f3e443edec3220b031d13fc2ffd50e52f54e3
f10d440fbb0fcc555c05bdf3edcf2cba2d11002dd145246e3d5d44fdde63020d
ba5c0190210d2aff21050f7d22ffc307be000c5fd20ef5bf263cdfce4c130020
4ce0d3501d4f3f1cf3ed1440020e1010c745222c4310dd23641e2d012efcfe3f
dad11c0d10012acefb501e2e4eff0c2bc1e2014fff232bb4c9e041c10eec212c
59ae2b11253f22e3130fbbc00a0a321f30c1c20521422d511e0fe233bddf2640
ed42214ed4be3ed3bcc133a3ec1a34e22ddd11df0e371dd5023e4ce3cb22fc0d
edfb0edef6239e011ed2ad33002f210d501fffe041fd31de9a3ed14e005ce0d4
3ebfd0130d2eddd3e0eefd1efffdddfb20edf1d4ff1cecde0c1060100ce11242
724e2370d3eef2e412f50ed9cccc76131e0424c0f2430325031dfb52ba1f101e
c3de01a2602d326f433df12cb310a15293e0ec50fe1a2d32340dccdf2eed10d2
3d313e43461e34303cc130140f5a14fdecfde3ff3b1132bd5de5a4d33b2ed1e0
f2d2fb145e171f2acfcf150344102cb02d25f02f26452dfe4e2736ca1f42ecb9
04ec0e4ffce0f1d130e05c44eefeff42c4fc00effdd0310f36b4d0ef23de5043
23d3412fadb1022eae2e1023ec14252edb0ae52c434ec20e0d6202ee143f022d
dff42f10de1c1fef32bd1cc312de3feededebe04e311f3f2c40fbff1fb25fde1
2a3e1111f4ee5111e10e1ad33fd3d60def303231ded42b010f1fc23fb112f4ef
2ecdec3f2e4023003f2cbd1130f1ee46dd5d0fe1d2dc1a32fe030d4446bed0e1
43f121e0bdb410009fc30fa12e3d34eb4ce3c11c40520531b14ec32edd2c01c1
d2f3fcf43e10fd4042103e12ff112cd32f30d205ef00002f40f1e5212b34313c
035532dbefe1f6331e5011e03215fabd13f32fdee1d31013043d14412111df1e
e0fafd013033d0220441245d22c1e420e3f230332d2d12eec1431420f1ebd1fc
cb260fcf1e43e3f46f71aee46df02d2f4c020c233cf52d4424f01de313ffcf5e
eb5f37c1b0feeee413ae304022c41f40d45ae420634b0eccf35cbfee2c0de2b1
34ddd270d3fc433c16c1cde1252b2435eb3410f322f2dfe3e292f14d3052fd10
d3c41e11440d01d41214fee1401e2e342e00ef2012f1431e1ff0134f0afed24b
e20041ef2ceb11e43e3fc234f511d0d6de0e4c034fc3d2b36f1e10112cd03dd6
3c41c35cfd1bcb05b1c00b142e316f4bd9ed21cefc136fe4eb400222cf622251
1e47e334141cf5dd10213fcd2e4d1d6d0ff022e04b06ca42f0c31d20dbecf1f2
02265f9042daf6b50fc3e0d34f20d20c2424ed1c11101b14f60bdef321322fc0
b132104ff004d7eb12efd1f074aefedc24230ff363d4e19ec3ffd1bb3dda2e1b
04fd0300fd070006fcfcff03fb04fffe040002000400fe00fdfffbfcfc050300
0002fe000404010206050403f9fffe0200fb00fdfd0403fc020305030503fefe
fd040203fdfffb0300ff000103fdfb02020002ff01fc0203fe010101030003fd
030202fc00fa03fc030103fd020000fe04fcfdff00fb02fc010201000103fe04
0404fefffe05fd0201fd04ff0203030303fc01fffe0103fc030200fdfffe0304
fefefd0101000501fc010202fefdfdfdff00fefc04010205fb02020300ff01fb
0304ffffffff0201fe01ff000101030200fd0303fd01fdfb0500020203fd0103
050102fd04010101fefefe0605fcfeffffff04fdfefdfb0500060102fefe03fb
fbfb040201050105fafd0206ff000203ff00fdfb0004fffe0304020100050103
fc02fe0100fe030103fe000000fe02ff03fdfc00020302f9fefeff01fffd0407
fd02010101fffffe04040203020207010300fe06fd03f9fe0100070003000506
030001fd01000102ff03fdff01fc01000401fc0203030100fafd02ff00040201
0002fe02fd0503fe05ff02fbff04000102fcfffeff0203fe01000203fefdfdfd
fa00000305ff0001020303fe02fd050306ff0405f905fdfe02fd04fcfafdfd01
fffdfd02020105fc0302fe01fffd06fafd03fe0403fb0004fd010205feff0500
0106fe0005fd0203fffcfffb03fd0404010101fc00fd0100ff020307010104fb
0402fffcfe0302030103fffefd0204fafe03fc0300fe0001fe01020101fc0200
01ff0404fdfd04fdfeff04fe0403fffd010300fa050307fe04060202fd040102
060201010002fd03fb0403fffc0303fbfb04030402fd0003fbfdfd01fbfd04fc
0301fc02fcfbfafdfd02fefdfefb02ffff01fb02fefc04ff00030106fefe02fc
02010102fe06fd0601000503fd01fdfefd0301fd05030600fe01fffdfd05ff03
fdfefefdfeff0002ff04fdff0200fc0004040302fefe0003fe0503fe00fefefe
fcffff01040600fcff0107060203060302fc0203fe01fefc050003f9f9000403
06fd00fbfdfd050200fdfdfffe01fafffdfc02ff00fe03fdff04fcff04010103
0401000001fffc040200fbfb01fc00fd03fe01fe0100fd01fcff010102020201
f904fc05fd03030202fcfffe0501030606fc06fefa0103f906ff00fafd060204
04fc04fcfefdfd0002ff0401fefffefb0006fefcfe0101ff0002fe0204fffc01
fbfe030000fefb01fdfefdff00fcff020102fcff000000fd05fdfffc0300fdfe
03fefc0400fe01fcfe0101ff06fbfb00fa020000ff0202050101fd0400fffffe
fd0104fb0105fdfefffefd01fcff00030103fffd020000030202fcfcfd0403ff
fefe01ff0403fe00fafb01fe0101fcfc020201fe0501fcfefc01030300feff00
0303ff0003fdff0200fcfbfd01fbff000001fcfffefc020103fdfe04fe0101fe
fcff05fdf903fbfcf9f900fffbfbfeffff01fc000004feff02fdfc0301fc0103
fe0302ffff0103fdfe0303fc00fc00010302fffdfd01000000fefdfdfe00fd00
01fe0004ff02030104fdfefffd0002fefcff05fdfe01ff0101000200fd030301
01fffe03fdfefaf90201fdfdfdfffe01fcfe020200fffe0107ff03fffefd0400
01fffd030101fffe030401fe0300fefd04fc0300fc030102fdfd0303fffdfefe
ff01fffe00fefc00fffdfdfeff02fd0100ff02050005030002fafeffff02fc03
05ffff04030001fd03fd030705fffafe020300fd03050502fe0301ff000401fd
fdfffefffdfdfe010102fdfc06fe0103fd01ff04fcfefffbfdfeff000100fe02
000101fd03ff01010502fc01fcfcfcfd040204fc01fc00fefefd0003ff01fcff
fdfffefd01fffd03fd0401ff0000fffefefb02ff02fd00fe040100fd04fffc02
01030100fe01fefffffe0300fe050300050005010004fe02fe02fe0402fffcfb
00ff03fe0000fd0003fe02feff030103fbfdfdfd030302fcfffefffeff03fd04
fefefcfd010201fd0402ff02faf90200010002ff02fbfc03fe01060604fcff01
feff01fb03fffc0305fdfcf9fd0003fe0503fefcfcfc0303fffe0403010303fb
fefd01010301fdff000002fdfefafefe000202fe00000501030201010202fe02
fdfc0003fb04fefdfbfcfa03010200fdfefffefc0203fa0203f900fcfefdfc00
01fc0204040401fcfffcfd01fdfd03ff04fffefdfd01fdfefe05050002ff0702
00020202030201fd00060703020103fe010003f90303050106030501ff030700
0403ff0304fd05030305050104010603050000fc030204ff010300ff02fe01fc
fb03fffe00fa00fb0102fe05fefdff040201fffdff00f90103fd0205fffd0002
0001ff02050004040201fefb02fc020303fb0503fb0605fe05ff0300010401ff
0504fd030002ff0102010101fd0100fefc03010304020402fffe0000fc03fd03
fffffe0303fc02fc0203fffb05fd010300fb030100fc00010200010204fdff03
0001fd00fdff0505ff04ff03fcfef90006fb000102000500020301fcfe04fc01
02fc04fdfdfcfa03fefefe00030004fcf9fefdfa030500010500fafc03020002
fef903010004050402ff0201f9fcfdff0601fc0203fb000102fb03fc02030401
040104fd02fffc000000ff04fc01fd01fc010201fffc01fd0602010200ff0401
000003ff05fd00fbfd010102fdfcfffffd020000fffe0001040204fd03fdff01
fe04fd04fefffd030002fd0500fb0001000103fc01ffff01fe02020002fbfffe
0002010005fe00fd03fffafe03fcfd0000fbfffdfdf9fd03fe0500050200fefc
0504fffb0202fc0102030300fd0201ff0204ff0503fbfd0005fd020104fb00fe
02fb0200fd01000000fe00fffc0404fe05fefffd01fc01fe0103feff01fffe00
fefa02010102040101010500fcfe03fcfdff02ffff030502fb04fc02fffdfa00
04ff02000202030104fd00feffff05fd06020103fd03fefffb030104fe01ff03
01fffd0003ff030002ffff040301fc0304020405ff050201fc02fefbfc0704fd
fffe05fe00fc03ff0003fe04ff03fb0400fe020002ff0401050402fdfe05fcfd
fe0102fe04fcfdfb0001fafb030305fe06faff00fdfcfafe020002ff03fd03fe
04ff0300fdfefbfe010302ff00ff01fd0100ff030301fe0204fcffff04fc0404
01fe010504fcf9fd02feff07fefd03040104fcfd0101fe050501060004fd0200
0304fefc02fcfdfdfc0301fdff02fe03fb03fcfd01fdfd00fc03fb01fe0200fd
fefcfcff01fefb020304fcfcfefbfd0203fbfcfd020001fe0600fefcff030100
0002fffeff00ff0300fffefb04fb01fd0004fbfc0403030301fe0000010502fd
fffcfe02fc020302fb0105010204fd02fcff04ff01ff0300010202fefdfe01ff
ffff030001fe04fdfe0300fefcfe01fc04fdfefd00fcfd0002fc040000fb02fe
fa00fffeff02fe04fcfafc03fbfffffffefffafc03050400fe00fffa00fffb02
ffff0001fcfdfbfffdfcfcfb00020101fd02ff0002fe0103030402ff01fffefd
03050106050600fe030202fe040204ff04f90704ff04fbfd02fd0102fafefb04
00fd000104fd040203fffe01fffa01f9030401fbfd04fc01fa0501fdfd01fefb
0300030103fefd0002fefefd02fe03000503fffe03fcfe020003fd01fe0203fd
fc01fe030104030103fc01fffbfffd01000202fffeff0100030302fffe000100
04fc0304fe0303fd0402ff0301fdfe000400040202fd0302ff0300fcfd02fefd
01fffffefe03fb040401fefbfffdfe0205ff04fefdff020103fc00fcff03fd05
fefffafe04fe0202010202020102fdfd0201fb0102fb04fffcfb0100fe020201
0200ff04fe030202fdfe04fcfffe03fe01020002fe02010001fcfe02fd02fe00
fb02fd0302fefffdfcff00fc03fbff00fbfe0203fd03010002fb02ff00fd00ff
04fe04fd01fc03030005020303050000040100ff02fbfe0100fefefefd030203
03fffe0202fcfffefc000100fd01fffcfe000201fe02fe03fc01fd00fe030004
02fffe0000fb03fe02fc010305fbff01fcfc01040203fdfe050202fe04fd02fd
020106fafaff0302fd02fffe020002fd000402fc0304010002fefcfd0000ffff
fe02000304fc03ff000201fdfb040001010105030003fefcfa03fefdfc030000
000601fc01fd020202ff04fe05020402fd00010303fd02fffe03ff04fdfefffc
fcfd0005fe0004fffe0404fcff0401ffff0104ff03030303ff0203fb03050102
0305fcfd0303fc02fd00fefc04fdfd010103fd0301fffe0101050301fd04fd03
04f902ffff010501020102ff0305fcfefe040003000402fffb0502000104fffb
0003ff050204fe0202fe030503fe04fffd01ff05fb0701fb0600fefcfb03fc07
01ff00fefd0100fffefcfffcfd0203fe0003020302fdfd02010002020002fe05
0205fefcfbff00fdfc0200fe000301fe000402ff02060301fdfcf903fc03fd00
fcfbff02fcfcfb03030202fffb0202fcfe01fdfd0304010405fbfdfd02fdfdfb
fafe01fdfdfc01fffb03fe0201fcf900fcfffdfc05ff030202fbfc01fe00ff03
020404fd0102fefe00fafbfe01030106000001030003fefc070102fc01fcfe01
fcfc000300fd0001fb00020402fe03fdfc00fc0402fdfa000203020304fb00fe
02fe050301fe0401fefffefb00ff0301ff0003fefc04020302fefefffe04fd00
0401fa0101fb0202fc0001fe010404fefdfe00030201fd00fdfcffff03ff0402
0100020005fdfcfd03fcfc030102fe0403fd0100020300fdfb000001fffe00fc
0103020104ff03ff020003fa04010305fffefdfefcfbfc030200030503ff0300
02fc04fefa020300fc000303fcfcfe02f90202fc02000200030003fdfc040201
fefb00fefbfefc0502fe02fc01fefbfefcfbfdfd020306fdfefcff01fe01f900
0303fd02fd04fffc010101020404000104fefe04fdfdfe01fefe0104fc01fd02
fe02fcfffeff01ff00fefd020300fcfafc0001ff01030104fdfc040203fc04fb
fe0406feff050205020001fc010500ff030500fb020102ff0304fe02fd050601
01fdfcfe02fe00fb0301020105fd0103fdfcfcfffefd02fd00ff02fffe030102
01ff00fd0000fd01fc00fe0000ff05fc040101fffcfdfffe04fe03fc00ff0402
00fdfc0200fb0103040403fe04fbfe03fe0302ff0000fd0302fc04fe04fc0301
0201fdfc05fb040203fffcfc0003000002fe000302fbfcfefd01fe02fefdff05
fe06fe020505fdff00020005fd05fe0105fd0304fafd03fd0402fefffd02ff05
0102fb0002fe03fffffffc04070403fefeff010703010204fb02fc00fdfffcfe
03fdfc02fd00fffdfa02fefdfb040302fe05fc0201fdfe04fcfffcfdfefe00fd
0001020300fe00fd050202fb03fc0301fefe050202fffe04fb03fe0304fcfd00
03fd00fcff0504010104fefffb03fcfffb04fb0401fe000503fffc01fd01fb02
0003f903fefd01fd0305020300fbff0501feff0403fe0001fb040504fefffd03
fc05fd070401fe0000fdfe000303020304ffff07fb06fafb00fe00fbfafd0403
fe0000fdfe010000fefe03fbfd04fefdfe03fd0401050405fffcfc00fe00fdfc
000501fe05ff040501030302010102fc02ffff0503fd01fffb03ff02fffc0000
fe04fc0200fffe0100ff02fa04ff040501fcfdfdfd00fd0305020400fdfe04fd
0703ff03fc040000fd020403fe00fdfd010202fc000202000301fafcfe01fc02
ff0000ff01fafd0001fefcfb020200ff06fdfb0402fd0001fbfe000500fb0404
03fffe020504fcff010102010001fffc0301fffffb020104000400ff02fc01ff
ff02fefdff010200fe000503fb0205fc0202fe02040102010400fffdfb040003
fe01fe04fdff0201fe00fe0103fe0001fc0102ff02fd0100ff0301000403ff03
0003fbfe01fdfd02fcfd010000fdfe02fe04ff01fd03fffd000103fd000404fd
ff00feffff04fd01fe00fefe02fc01000304020303fc02ff00fcfbfdfd030300
01fefb00ff02fa0001f9faff0403fb01fc0406fd000301fdfcfeff0304fe02fc
fefd01fbfb030704fefe00fd0204030102040001fefdfc00fe0001fefc0100fe
fefdfd02fc05fefcfd02020300fffdfd01ff0004030303fc030400fa02020001
ff02fdfe03ff0200030502fb000305fbfd0501fc01fdfdfcfdfef903fbfefd01
00030001fffdfe0003fe01fc01fc0004fa0202fe02f9fffe0204fdff02fa03ff
00ff0103fdff02000400fdfb0002fe05fc01fb030101fefcfe01030203ff0303
ff010002fcfefe01ff01ff000003fffe01fd01fc060505fe0004fe03020305ff
02fd030202ff040401fcfcfc0303fd0701fe00fcfe00fe01020004ffff0104fd
00030400020303ff0202fffd02fdfcfdfa0001000201ff000102fd0502fe01fe
02000401ff0101000100fdff0005fe0204fc010400fd01fe00ff0505000401ff
fffefe0201000002ff000200fdfdfb010001fffd0304fe030005fd0005fcfefd
01fe0000fbfdfe0200fdff04fffefe0602ffff03fc02fe02fefd070400fe00fe
fefc0003fd04fe0100fa0002020000fe000004fcfd040200fd0000fefd040001
fefe06fb01fd0302fb02ff00020303040400030301fefffd04fd06ff02070000
00fe020406010203ff01ff01fcfdfd01030100010104010400fd04fefe02ff00
fdfe04fa010105fdfe0503fefd0103fe070100ff0205fc0307fd0402fefffa05
000100fc00010300fdfb0303fd0204fcff0104fd0306050002ffff000104fefc
fdff050400fefc0300fbff010700ff01fe0002fcffffff0001010301fe010504
0102fbfffefd0000fe0400030301fdfdfc01fe01000201feff0401fffcff0000
fe04ff03010201fcfe0104fe03fd02ff02fffc0506fafd03060100ff01fe0002
fe04fefe000105fe00020001fcfdfe0202030002fffd03fc01fdff00fc0101fd
fd0300fffefe0100fe01ff0203f9fafdfb020100fefa0205000004fc02fcfdff
fe05fcfefefe0200020203fd01fdfefffffdfcfa05fd0501fd02fcfdff0000fe
fefd0101fffdfafe0101fe03ff00fd01fdff0602fdfe04fd0001fffc06fd0202
fe07ff03030000ff02030200fffefefefffd0102fffbfb0100ff0001fc0400fa
0200f9fefbfe00030300fdfe00fc04fdfb050102fe04fcff01fef9fbfefe0101
fd0200010200fbfcffff01fefcfcfcfffb000001040104040102fd000300ffff
0001fdff030400ff0202fdfd0301fe0302fefe02fefd00fe0101faf9fcfd0003
ff05060201020405000300fffcfffdfeff05fdfd020506fbfdfbfe07fd0403fc
fffefe01ff00fafffdfdfdfcfc02fa00ff0100fc01050404fa02030004fd0301
fefe05ff0004fc0401fc0302ff05030102feff01fb0501fefefe0100fffffdfd
fe00fffa0102fefdfc0703000204fff903fe01fd0603fefe04fefffd0006fa07
0003fd030404fe00010301fdfe0100fd01fcfbf9fcfb02fffefd00ffff0004fe
fffd00000503fd00fffefe0301fe02fd06000202fd05fffe010003fbfdfefe00
ff04fffefbfffd000200fd010403fd000001ff04fefcfcfe0200fefb02fdfffe
01fffdff01ff030102050001ff03fffc03fffdff0505ff0000040505ff00fa00
00fd01fdfffe010101fffffdfdfdff010101fd0102fe05fdfffd00fdfefb0304
ff020402ff01fe0501fd0100fc00fb02010004fffe040402fcfc010105040003
fe04fe04fd00ff0002fe00fdfdfd00fcfbff00fc00fe05fd00fdff0002030300
02fffd02fd0204fdfe020303040000ff0006fc00050401f90104000304fc0107
0203fcfe0402fbfb01fe03feff01fbfe00f9fdfa03ff0306000400fd0503fe02
ff0303fbfefe00ffffff02fd03fb04fd0202fdfd040002000304fffb0200fcfd
fe04fe020203fdfd01fe01fffdfdfb02fefd0001fbfb000203fefc0103fc0401
0202f9060300fa00fffcfe0201fbfd0300030401fd02fefcfb04fdfc04fefdfd
0003fffe0507fd00fffeff0000fc0102fc0302fb020101fb0201fdfa02050003
fffffb010100f9feff00000300fafefafeff0401fffe00fdfb0602fc07fefb01
fbfe03fefefffe000002030102030103fefefb06fefdfefe0502fdfcff01fe04
010000fffefffe0001fc02fcfdff00fcfd0103fb00050502fffe00fcfd03fe01
01fffd04fdfe040001040004ff00fe0302fb0000050303010102ff00fd04fdfe
ff02fd0601fbfcfb01020105ff00fffffafd020403fa02fbff07020206fc01fe
0402fe01fffd01fe0402feff000205fa0004fcfdfe0103ff04fefffffbfffc03
0101040205fffa020000fdfe02ffff01fefe030002fe0204fffffe02fd0303ff
0401fe04fefefe0204ffff01ff0400fefe03fcff00fdfc020200010303fe0303
fffe00ff00030204fdfd0002fb01fffe01fdfd03fcfffe0104fe010203050102
feffff01ff0402feff0201fc010200fffefe00fcff0303fd00fdfffe01fcff00
fdfe02f907ff01f9fd060702010302fe03fefe030203fdfb0604fffd00fff906
ff0202fefc02fcfdfcfd030100fe00fd01fffd0506ff060202040401fdfeff01
ff04010101ff0401ff05fe02fffffd000203fb0001fe01fd00fe060604fd04ff
010205fd00fe05fefe0002fd020707050403ff040101fd0104fa0600fa04fc01
03fb04fd01fe000301fc01010104030306fcff05fefdff0502feff02fefe01fe
ff01050303fd0204030100fefffeff00030102030605040002020605fd010200
fffc04fefd05fe00fefffc02fd0100fe02ff0501fc03fb0000fc010502fb0004
fefefb00f9000202fdf90104fc0200fcff000400ff0104fefdfdfbfb01fdfe01
010201fffd0004ffff03ff0306fcfe00fe0101fd0401fcfdfe04030202ff05fd
010002feff0203ffff0303fffdfd04050200fe01fefbfcfe040001feff0300fe
0204fe0401fa01010107ff03fa060300fffcfd04030503fffefd05020607fcff
00fefafffefefffefbff0404fefa00fafefcfeff06fc01fe0105fdfc00feff01
fe030203fb0003fe00fd0301ff040404010200fefe03000002fbfdfb02030300
00ff0201fdfe04ff00fbfe0300ff0201fe0402fe00fe05ff02fcfffc010202ff
fffb00fc03fe00fe01fefffffd03040302fd0204fbfdfc0102fdfffdfc040003
fffc03ff0100040200020303fe0601030202fc040402fd0204fe0001ff000203
0104050100030701020301fc02ff04040302fffbf900fa01fffefdfef9fc00fd
fe05fb0002fcfffeff03040001ff0403000104fd0601ff02030100fbfb06fdff
fd0107fd00010002030401fd00fe02ff03fc01040302fb03fffffd02fcff01ff
07fb05fefefc010407fcfa010206faff03fc0602ff02ff03fefe0405ffff03fe
0202fe02ff03fc03fefd01feff0300fbfeff0300fe030102fcfdff02ff0401fd
0202fc0004fe0104fffe02fcfb02040201ff04fffd020202fefffbfdfc01fffd
02fc04fe0003020400fdff010205fffd0102ff020001fefdfe0203fdffff0402
02fffc000102fffeffff02fc00fd04fefb0304fcf903ff00fcf9fefb0001ffff
02fc0404fcfd03000302fdff000001040503fd0300ff0202ffff04fefbff0201
0101fe0302fb0000010302000204ff0000fefbff0503ff0303010102fe02fffe
fcfe00000204020200fefdfd0300ff0503fdfffffffd02fd00fc0100020003fe
020304fcfeff0005fe0002fefefe040402010205fffcf901010103fffe06fdfc
fffd01000102fbfdfefdfbfe0202fb01fc0105ff02fd01fe00ff01ff02fffffe
ffff00fffbfa0303feffff01ff010202ff0201ff02fdfe01fe030100ff0103fb
ff03fdfe00fd03fffc000301fffcfe0103fd0204ff0203fbfffdfefe0401fffc
04000204fdfeff0300fefffeff04010602fbff02fe02ffff00ff0702fffefe00
00fdfffefdfc00010104fe0407fb00040002fe02060404fafd02fe04ff0004fd
00fa01ff0604ff00fefdfd00fe0004ff0600fffdfffdfa000201fd000101fc05
0002fdfffffd0301fd000102fefffe040105050201fffd0003fcff01fafefffe
02fdfb04fdfefb00ff03fe05fefffb01ffff0001ff00fe03ff0104fffd00fc00
020301fe03ff0304fe0002ffff010105fe00fdfcfff90303fe01000303ff04fa
00fd00ff00ff060404ff01fd0205020400ffff0002fafaff0103ff05fffb0200
0004fb000701fc02fb04020203fffffafd00fe00ff02fffcff020001fe02fe01
0101fd0500fe0101fe00fefefdfcfc03ffff03fe04fd01060303feff0101fbff
ff020203000103ff01fefe02fd020300000103fffcfd0603ff010101fefe04fc
0100f904fbfe03fdfd00000105faff05fb04000104fa00fcfc02fdfffcfb0000
feff01fbffff04010402fe01ff0506fe0100f9040005fd0007fc05030004fd00
000004fefdfb01030203ff01fd010303000302050301fe0203000202040202fc
fffc0004fffffc02000301000301fcfe0000ff0502fcfffd01fd050004fcff00
0101010202feffffff02fdfe0003fdfafe000100020301fcffffff0600040000
0105fd0004fe01000000ff00fdfefd0100000304fdfdfb0301fe0001fffefffb
03040004fb00fffefffbfefdfefc03ff000400fefc0405fdfcff01fcfe01ff01
fdfc0102fdfb020005040301fffdfffc01fdfe0303fcffff02fefefafefcfc05
fffd0503030301020201fdff04fe01feff0003fe02ff03fdfb030202fc0204ff
0000fc0303fe00ff020200ff02fffcffff02ff0003fcfdff02010200fdfe0403
0302fc0203ff01fffd04fdfdfd00fffd01010000fb00ffff0201ff00ff03fd00
fe0005fcff0604ff03fd02fffefe02010200fffbfcfb0502fffe04fefafd0201
0302fe02fafc05ff0401ff020405fc04fffdfe06ff03fafa00000406fd000400
04000303fffcfe020401fe00ff04fffffefd0101fcff0204fafc000204ff0300
01fcfffc02fe00fe040201ff020501fd0503fc0202fdfdfd03040104fcfd01fd
02ff0701000401030002fefd04fefffd000101fd01fe01fefcfc010303fe0103
00fc03010300fb00fffe000305fffd0501fa0403fefb05020005010105fe0300
030301fdfeff010001ff00fefb03000600010205fdfdfe01fffb01ff00010100
fffbfbff010000fefffe0107010200fbfffd04050400fefe0005fd0502fbfc00
020000020500fbfe0103030302feff0405fcfffd01fefe0403030200fe00ff00
02fefefffc0405000204fcfe020303fe0200fdfd0205fcfafefd0100fbffff02
fefe0505fffffe020002fc010103fdfefd0300fd0203020001030201010202fe
0203000404fdfbfcffff030403fafdfffcfc0002ff0304000405feff04020000
01f902fc0400fefffcff000406fe04fd0503fd00fd06fcfc0601fe02fdfbfa03
fe0401fcff0104010300fefbfd020100010402040002fe02fdfbfeffff04fdfe
fffa00fcfe01fb01fcfbfd0103010002ff03ff0201010504020301fe02fc0103
00fefb02fcfc03fc04ffff010403fe04fc0003fe06fd0500fa0302fd02fe0503
fefbff04fd010103fd010004fefdfffc030404fffb03fdff03fe04ffff010500
ff02020102fefdff01fefc03fdfefbfe040301fe0106ff00fffc00fcfe030202
04fe0301fc0201fcff03fcfc03fe030603010100fe0200ff030200fdff030300
000301fd0003fcfefe0001fffc05010201ff010302ff04020103fc01030101fc
0105fefd03fefd01030003fd0206ff00ffff0204fe03060100fcfdffff0203ff
fbfc01fd04fc02fc06fefefd010000feff0103ff0001ff0202ffff000302fefc
fcff050100ff02fd0301fbfefefd0002ff0002fe040501fffc0301020100fbfe
010104ff040003ff01ff0101fe02fc0202ff010202ff050201050400fd00fafe
fe00fefd00020204fefbfeff01fcfbfeff0303fd010000fb0100fb04fffd03fe
fd05fc01fdfdfe01fc040202fffc02fcfdff000305fe04fbfefd04fc03fffe00
0004030502fe020604fa07fd02fdfc00fffc000405020301ff02040002fffcff
fbfefe03fd03fc0001fe02fd02fafe0000ff03fdfc01ff00fe04fe01fe040103
fd020406010300ff02fe01fc02fcfffd04fc0501fdfdfc0003fafeff00fe0100
0302fbfefa03fcfefffffdfcfefc0100fc010402030402fffffd0300fefd0000
fd0200fc040102fcfafd02fe0505ff0601ffff0400000100fcfb06020102fdff
fb03fd02fefbfe000405ff00f9fdfc04fdff01fbfa0001ff01fcfcfcfe040301
00fefffd03fcfeff01fffff903fcfffefffdfe00fffb00feffff04ff01ff0000
fbfefcfd0305fdfb030102030301ff0501000403fb0200fc0005fd0301fefc01
02fdfb02fc02000301ff02030203fc02fffcfefefcfdfffdfe060200fffe0302
0201fe0701fe0102fc0300fd01fb01fa01fbfe00fefffc03030001fcfcfe0505
010002fa0100020304fd0202ff0302fe020300fcfffd0100fefcff00fefe0302
fefe02fafc0104f9fefdf9fefd0300020100ff02f900000705060104ff03fffd
03060302feffff02fdfa0202ff000100fdfe04020203fefefb01fffe03fffb01
01fdff0504fd010504fdfc02fb03fd04010203fd04fdfcff0001ff0004fffbfd
ff0401fe03fa0101f90201fffffe0001fc010501fd04fffafafc04fc0404fc00
0100fdfcfe05fbfc060100fbff03ff030002ff04030405010000fd010200fffe
05fb01fe01fe0201fb05fefe02fafd0300fc01fffcfffa06ff030305fb010401
07fd0100070005020200010002fcfd06020306fc02fffbfc0000ff04fe05fe07
fdfe00fdfb030202fd04fefbfb0500fc02fcff020200010104fe0102030406fd
00fc0003fefd04fdfb0600fefefbff0105fefcfffdfcfd0404fffd01fefefd01
fffffefdfdff0304fb03fd0201fc03fe01fefc000400fd01000204fcfefe04fe
0302fdfe010103ff05060103fcfffffd030300fafb05fe0303ff030002040001
05fc01000103fffe02fefc0000fd03ff01ff03fefe01ff02ff030403000100fe
010103feff05fdfe03fcfdfefffa040000020100fa0404ff040500ff02fc04fc
02fc06030002fcfefefc01ff0002010006ff0304fe020506fe0103fffd00f9fe
0002fd0301fd01fd04ff040002fffd030002ff04fffc0003fefb00fd02030003
0000fa0502feff0103fe000202fe01fefe0102fffe06fd020502fdfa00020301
0702050700fbfdff03ff0501000400fbfc0305fd0402fefe02fdfc0200fd0202
fffdfcf9fe0000fc00fbfdfeff010006ff0201040003fcfd0000000100fe0002
0102fefd01fe0000000303fdfaff00fefefefa01030002ff0500fe0100020400
01fcfc0700fd01020104ff02020401fffe0001ff04fd020002fc02fffe04fe02
fe04fd00fe01000401fb02fffe04fd0203fe00030400fffe010102000203ff00
020300fa0100fc020304fdfafdfd060105000503ffffff0300fe050302fe0101
fcfb00ff01ff0200fd04fd01ff0104030101ff01000304ff0402fb01ff0004fd
010302050604fc03fd010702ff0402fefbff03ff00fffffbfd02fe0201fd00fc
0104030505020304fe04010200fdfbfdff00fcf9fffefe0003f9fbfb0404ff00
fe04010103ff05ff0302fd04f9fafa04040302fe0101fc02fd01f9fb01000100
05fd050200000303fd05ff010104fd0201fc01ff010000fffb02fd06fc04fd01
0202fbfdfd02ff0600fdfcfe000002fe0103fcfffefefcfd0303fc01fe000404
fffdfbfd0404000407f9fa01010305030105020304fdf9ffff06fffef903ff04
ff01f9fdfc04ff0700fcfd0203fdfefcfafffefefcfefb0202fffbf900000704
fe04040104fbff04060200fd040503fc0201fa0201fffdfffd0403ff02ff01ff
fbff0102fb05fcff06fd04ff01fa01fdfdfc0103fe0301feff0401fc02fe0002
fe04fc05fdfdfd00fffefefd0004fcfffd010103fffefe02fffbfe01030300fe
fbff0102000502000303000201010200fe04fbfefd0601fe01fdfafc02fffc02
02fcff02000200fefcf9050102030001fd0403feff07fffa02fafdfd04fb00fe
05fa0300020402fcfd0001fe0603fe020501fd02fefcfd040205fd05fdff0001
0501fefffcfe0200fdfefefdfffd000001020000fe0505fefefcfbfe04fdfaff
00030304ff03fdfc03fd02fd020400fd04fd040101fd0205ff00fd00fd0302ff
fe03fcf90101030602fdfd02fb0604ff03fefefefeff02fc00020301ff030101
01030202fefd010206fc0105ff04fc00f90002fe030401fe0201fbfb01ff0603
fffd0301fd03fd0001ff0005fffefc02fdff0300fb000300fe000303fffdfd02
0404fe03fffafe04fc0301fc0004fefafc01fb0100fb0303fefdfe0101010400
0105030001fe0401fe05fcfcfdfc04fffe03fd02fe0003fc0400fdff02030500
fcfdfd030201fd0003fd02fc0002fc0400ff0400fbfd0005ff060202fd01fd01
fa03fcfbff04fd00fb00fe02fefbfc02fdfdfd04ffff020103fcfcfd030003fd
02fc020000fcfefcfb020301fe050306fe010100fd010500feff05fffe010203
fb00fafaff03fff903fdfe0402fefd040502fdfefa010104ff07030103fefdfc
000202fb0104fc02fafd0304fcff04fffc03000003050400fcfffdfd010001ff
040506fd06fd0602fc0103fc00010503000104010200fd01fafd0105feff0004
00ffff0101fffa04020300fffdfefe01ffff00fe000002020205ff030001ff05
05fdfffdff0102fd0405fe00020005030300ff01020502fc00fa000500fdfb03
ff0103fbfffe01fffe00fbfd0102fe0100fdfdff02ff0402fd04feff00fdfbfc
0102fcfafbfe02fb0101fe00fd03fd01ff00fe02fdfcfe02fd02fe03fd030102
01fdff02fe0402fafffdffff060503fe04fbfd0100fdfe03fffd040402fdfc00
fcff04ff04fe010401fd00fd0601fdffffff0102ff030304fcfe040401fcfb00
03fc01ff0103fefa00ff010004fefe04fffe07ff0101fe020002fd01fc01ffff
ff00020003ff0602fb04fb0402fbfcfffd0405fbff00fcfe0203fbffffff0704
000404fdfeff0300f9fcff000100fffffffe04030505fffefcfb04fe0303ffff
0502fcfdfdfcfb0200fa0102fdfe00000007040000fffffc01fbfefd01020303
02fbfbf9fd01fdfcfefbff01fdfb01040200fc02ff02fcfffefdfe010302fd00
040206fe01fcff000500fbfffc02fe05fe0201000002020102fdfd0200ff01ff
00fb02010007fdfbfb0300050207fd0604fffe00020500fffefcfc05fefc00fb
03fefffd01ff0501fd03ff000205fd050600060303fd0203fcfdfd00fe02fcfd
0002fc07fffe00fb03fe0400fd03fbfefafe01fc0503ff0103fdfcfeffff01fb
fd03040200fefd04ff0104fbff05fcfbfafffd0404fb060104fb0604fe000100
03010103fffb04ffff00ff030003030407ffff04fffc00fefbfbff06fefdfc03
feff0006fdfd01fefefc0204fcfa01040402ff000303000403020101fe03fffe
fc050000fdfffffe020404ff00fc02fdfc01fbff00fe05fd05fb05fd020603ff
fcfdfbfcfcfe00fd02fdfc04fdfd0404020001fffbfc03010304fa0300040101
ffff0103020000fb05ff01fe00fe0002020000fefd000305ff02ff0201020004
03040403ff00fffffdfb04fe0504fcfe00ff050304fc02ffff00000301fffd02
fd0101fd00010205fcfd03fc02fffe00fc00ff02ffffff02fefd010003fb03fd
fcfdfe05fe04ff02fdfdfafffdff05050503fe01fc02030301060005feff03fd
020005ff01fe07fe03fe0001fb02fe06020201fd0402fe000303fe010200fdff
f9fdf9fa00fcff03f902fa0001fafdfbfa03fcfcfb01fd04ff02fcfd02000500
ff00030401fefd01fefb050200fc04fe03ff060103fbfefdfdfdfdfd02ff0000
05fd01fb060205fd03ff02fe02fd00030003fcfe02fe03fdfefb0302fe0201fc
fe0401060000040305060105020401fd02fe02fbffff040300fa04fd02fe0404
03fefd06fcfcfefdfffffe00030200fa010304fdfbfefc02ff02fe00ffff0603
02f9fbfafe02fdfa06fafe010504fe0106ff0402fd0100fdff04fdfeff0101fe
ffff0406ff01fffefa0107fcfe0207fbfe0002fffd0503fafd03fdfc02fdfdfc
03fefd0201fe02fe000000ff03fd02fdfb00ffff07fdfcfe0004010402fc03fd
000105fcfe0304fffdfefcfdfb0301fc03fffffe03fefe03ff02fe010203fefd
ff040101fc03fc010301fe00000501fbfcfdff00fdfd06fd00fdfefd03030201
00fffe00fb0401fe060100fefefdfc04fd0301fefc00ff05020200fefffdfe03
02010107fdfefcfdfc060001fc02fefe01020200fe04fbff03fffd010103ff03
00fd00fe00fe03fc0404fd02fdfcfa0605ff03fefb0103030200fd02fcffff02
fefeff070204fcfc03ff000503fe00fcfcfe020201050001ff04fefc02fc0600
fdfd0202fd03ff0204fdfffdff0002fe04ff04fffd03fc00ffff05fcfe010203
fefcfff904fd0502f9fcfeff0100fd070301fd030402fcfefc0204fdfe0001fe
fe05fefe000402ff0502fd00fdff0201fafe02fcfcfe03fdfe0402fcfe0002ff
0300fefd03fb01fe04fc05fbfe03040703010305fe0205fff9fe0207fef9fd00
0306fdff05010107fa000501fe04fd02fb00000003fcfffb02fffd00ff000302
01000003fefdfffdfc04ff01fffbfc01fd00fdfd04fe05fe04fefe0101fe0303
030300fe02fc03ff00fdfdfffc0300fefb00ff020703fb000100040100030100
03fe05f9ff020001fdfe05fe02fe03fc02fd000006fb01020101010301fdfbfe
fbfd020103fbfdfcffff02fa04fdfefdfe00050400fc02fdfbfb05fcff00fb01
feff0201fb04fefc04fc02020403fffaffff00020002fffd05fcffff00020402
fffefbfe0000ff04030400ff00fffbff01ff0000fb02020002fe020002fcfdfe
0100000501000001040404fd06fd0205fe000400fe00000301fc00fffd040005
fffcfc00030200ff05f90204ff020401fe01020204010000020302fe01fd01fd
0401fffbfefefa04f90005fb02fcfc00fdfd0404fefe0300fc020102fefbfd01
0100fc06000204030005fc02fefafafcfc00fffcfc02fffd01ff01ffff000205
fcfd010200fefd01fa0003fc0205fb0101fefdfe0100fdff04ff01fe00fefcfd
03000206ff01fffe010301000104fd00fffcfe020003fc03030402fcffff0201
03fffeff0005fefd00fefc030205020704000304fdfe04fcfc02fd00fdfdfc02
ff01040102fd000301f903fd0201fefafe0400ff000203fafc03fcfa0602f9fc
ff02fe030304040004fefdfdfffefe03fa060303ff00fe0204fe03fe000501fd
04fbff020205ff030200fefffdfefe00fe010303fb03f90202fdfdfd0102fe03
fdfefdffff0303fd0402fdfefb03fc0303fefcfe0203040300000000fffe00fd
fffffc02fefdfcfcfc00fefdfdfa020102fefe040103050201fefbfffdfb05fc
fcfe01fbfffe000401ff02fdfffb030203fa0202fb0304010301ff01fefb0505
fd0000fdfc02fdfd0105010300030202020300030101fb00ff00fefeffff01fd
fefcfefe0001fa000101000102faffffff05fb01000503fffc020301fcfd07fd
fdfe03fffd00fa00fa0201010402040003fd0304fefd0403fc0000030400ff02
05000403ff020204000403030205fc0200fdfdfe0300fc03fd0007010004fbfc
fd0102fd0104fe02fd010104010302ffff02020105010100fbfe03020301fcfe
02010202fb02fd0002fe000104fbfdfd0203fbfe030303feff0000fd00040402
f9fe07020002fc06010200ff000202fdfc01fe05ff00fefdfbfe04010003fefe
fe00fd00feff00fdfc01fffa01fe04ff000000fe00010200fdff01feff02fc00
03fe02fffc02fc0301fc0001fb030103fffeff05020006fd00fcfefefd0304ff
fbfb0504fcff0002fa010001fbfdfffe05fd0500fc02ff02000100fd04fb01fe
fefdff010001fc000202030305060104ff0201fe070100fdf900fd0202fffafd
fbff000202f902fefb010100000403fc06030605fbff01fe010100fcfffd0605
ff0302020101fefefc01fcfcfe000401ff0003fb03fbfe040300ff0400fd0100
01fbfefc0002fc05ffff02fe02010203020201fcfc00fe010401fefdfc00fe02
03050000fefdfafd02fc04ff030305fe02fafcfd00ff0006010002fffffe0103
fa03fd01ff05faff01ff030202ffff000300ff0104fc0002fb010103000102fe
ff000200000104ffff0100fa06fbfffdfffcfe020302fefe040201ff03fc04ff
fd0003fefbfcfe02fafdfcfe020204fffefffe020204fc01fd0001fefd01fe00
02fffffc050300ff04ff01040400fc01fd04fe02ffff0202fd000100020300fe
03ff01030202fdfd030403000102fa0103030300fb00f901fafd020400060004
f9fc05fffdfefe03fefd02fe020101fe0402020300010504fefefd0201fb0100
fe000302fe000602fc0004fc0603fefd03ff01fd06fdfdfe0501030403fefd00
0501fd0502040201020304010005fdfffc0103fd03fdff020101fe00fe030200
fd0403fffefbfefe01fdfffdfcfe01fc01fb020102fe030203020203fefe0102
fa02010305fcff01020204ff0501fdfffb020001000204030203fd02fd03fcfc
07fdff040403fdfe0401fc02000201010203fdfc0501fefffffdfef9fe05fffe
fc06000205050304ffff07ff00070203fb01fe050401fb00020003030002f9ff
0001fc0300fd01010300fcfffefefe02fe040001fe020001030200fe010301fe
f9010403fd03fbfefcfd03fe03fe02fd010101fffe03fffc0100fb03fd020500
02fa0002fcfeff03fd0103fc010302fe01fe01fd00010101fefefb0301fa01fd
040200fdfc0101fa02ff0401feff02ff03f9fb06fb020000030202020000fc01
fa01feffff00010400fe0500fc02ff010304fffd03fe0202fe0301fefffdfe04
0501fc010101fdfc05fd04fdfb05fbff01fdfc03fc04ff03fd0001fd0204fc00
04fdfcfcfe000502fe02fefe01fb02ff0502fcfafffa01030000fe02030304fe
fdfd03fe01fefdfd00fdff000102fe0203fe0002020400fe0303050203000102
fc0102fffe0103fd01fe05fefd03fffefdfe040302fffd04fffdfffe01040003
040003fc0101fffe05000103fc03fc000504fe000101fcfd00ff0200fe000402
000100fdfe01ff05fdfe00fefc010402fffe040401fcfc01fdfefe04fffe03ff
fc0300fdfe0000fbff0201fd03fe01fffc04fffd0104fd01fe01fd0305fcfffd
fcfc02fdfc04fe010105fe03fefb01000305030300030001fbfcff0100feff00
ff04030700010001fe0000fe0103fa02faff04030105fbfdfafd05ff0503fbff
fdfffdfe0602fd0204fe0102ff03fe04fc0000040400f9fdfcff0401fe0601fe
fdffff00fd0206fd050000fd0102fd04fe00ff07f9fdff0503fe00fb0204fd04
07fefd060404fffd01030204fcfd00050101fdfb04000204fffefefffd0301fc
06000001ff0400040103fd06fdfe03070002fdfefe03fb0702f902fcfbfd02fd
fdffff02040201fffd01fe01fefd03fdfffe00fb01fc050404fc02fbfefd0401
02fffefefd0204f904ffff03fdfc02fc0103f9ff0502fffeff0405fcfcfdfdff
040103fc0001fd05fcfb02fcffff020202fa02fd02ff04fefefffc03fdfa03fd
03030100fcfe00fdfd0000fe030404fe01fb06fefc040301000002fe00fefc03
fcfd030601fdfbfb030103fefe020001fdff030201ff0301020106fffdfffd00
fbfd0100ff00fefa0601fcfdfcfffe01fc06fffcfdfcf9fefbff01fdfc010305
06ff0202020400fe00fe03fb050103030302fffcfdff01030602fb03fdfefffd
0300fb02020603fd06000202fafffb02fb060305fafe01010302fc00fe070105
fbfe0203fefffeff000201fd02000502fdfd0201fc02fc030601ff02fffcfcfe
0500fc02fc02030203010305fdfffc0400fffcfd0102fe0305fefdfdfcfffd00
ff02020401ff0201fffdfcfd01ffffff00fc02fdfc03fd01fcff0102feff0004
0200fffb04fffcfefd0202000601fefbff0503fe000500fd00010004fdfd0103
02fe0405ff00fd0200ff0000fc03010102fcff0101fe0502ffff05fe00fe0104
06fc03030101040103030201fdfffe0203fefdfffeff02ff05fd02feff04fe00
0303010102fe05feff01010003fffd00fd00020301fe00fc01fffd02fc0203fe
ff02030104ffff0401fd01030400ff030203000402fc050004fd000101ffff01
01fcffffff040404fd0200fb04fdff0201fcfbfa02fffdfdfefe01000003fc00
00fe0000010203fffefd01fd03fa02fefffffbfe03ff00010202fc02fdfb05fe
fb02fcfb05010202ff0402ff0403fcfffd070402fc0500fafffdfd03000403fe
02030302fcfe0400fb00fc050100fd00020001fd01fefdfc0000fe02fc0502ff
03020307fdfe0400fffd0105fb0304030003ff0202fe03ff03feff00000001fd
fdfe0301fe03fefdff02fffd04fef9fd00ff02030202010400030502fe03fc00
05fdfffd02fb05fc01fe02ff0200ff01fefefdfbfd0204fdfc00fcfd03030301
fe04fefd03fefffdfeff0403fdfdfffefffe0104ff020301fdfefeff02fd01fe
0200fdfcfafd0002fc0201fc00fd06010502020001fcff03000300fefbfa0602
fcff02fcfb0100ff0200fdfcfffdfe02ff01ff02030101030302fcfd010203fe
0501fe00fe05030003ff04f900fa00020100fcfd0201fb040201fc01fb04fdfa
0103010304fcfbff02fe07010207020303ff0301010601030401040002fe0003
fafd03000300fa030301fefc03fc00fe02fefdfbfe03fffffe00fd02fdff0402
fffcfd060204fe0002030207ff010303fe060702fefefe01fdfc00fb03020003
feff00ff000303fd00fe0202fa00fe04fc0201040201fd02fcfefc00ff0300fe
fe020402ff05fdfdfcfeff03fdfffffe02fefe000202ffff01fffd0104fcfaff
ff02fefefffe03fb0203fd02fbfe04020300fc04fcfcfe02040500fffeff06ff
fefd04fbfbfffb03ff040102fbfe050102fc04fefbfeff04fffe020301fb05ff
fdfe04fc0003fb0004fd02fcfc0001fefdfdfbfcfffe03fefb00fefdff020501
040003fef9fdfc00fffe0002fd05fe0302010100fd02fe00040002fdfe03fe01
fe0404fb01fe00fdfe0102ff00fcfefe02fb0005fe0205fd0304fe0201fcff01
0402fd02fdff0107fc0101fa0702fefcfdfdfdfb02fd010001fc0300f902f9f9
00ff02fdfffffcfc04fffd03ff0100fe01ff0301000202fe0002fd0300fefc04
fbfefdfd00fffe03fd0000fefc04fcfffd0303fefe030102fd01ff01000203fe
fb020605fbfe03000102fdfa04010101010006020601fa00040004ff01fffa01
fe020400fbff0201020000020301fd000001fefd03fefefe02fd02fcff0503fd
fbfc02ff04fc00fe0201ff0304fe03ff03ff03fc02fe00fdfa01fdfc020003fe
fdfc0202fefc030300ff0300fefd05fe0003fefe06fc03fcff02fcff000000fc
fefd02fcfefefefdfd0202fd01ff0201fefeff00fe07fd02fcff010605ff05fe
fffefe0404fd0406fcfd0304fe05fe00fb01000104fcfd01ff00ff02ff030102
f9fefdfc0300fe00fbfffcfafefc0400ff01fffcfe0502fcfb010404ff0102fe
0504fe03030203fe0001fcfd0100fbfd0200fe030403f9fd02030301ffff04fd
00ff0105fe06010103ff01fb03fdfcfdfa0300040203fcfffd00ff000204fa02
fe0002010200020301fafefbfe010301fc02fc03fefd03fd02fefeff0200ff00
ff06fefa020107fafefffffa01ff00fa0504fa0302000304fd0403fe01030300
00fffb02fffffdfb0302feff0400fcfcfe03fe05fc0103fefd01fefffe010200
0704fffefd02fffefe02fb0300fe01fdfffc00fb020305fe01ff05fc00050402
0303040403ff02000301fd0300fe01fe020203fb04fcfcfbfcfe03fffffdfdfd
020200fcfcfd03ff010103fdff0200fd0602fd02fc0306fd0401010104fcfeff
04fe0505fd02fa03fd0005fcff040104fbfbfffffd050204fc02ffff0203feff
fb0401fefe02010200ff00fb0600fdfdfd0102ff03fd010100020301fbfe01ff
010202010203fefd01020103ffff000401fafffb0102fe03fcfeff010203fafc
fb0701fc00fbfefcfef90000fefd03fc030400fcfffefe02020404fd0101fe02
01fbfffe04fb000101fd00fd00010302fe0303fd00030400ffff0201fefe0500
00fafa010002fffd0004fc070002fc03050004030102ff01f9fffffc04010100
fb00fc050200fe03fd03fe0702030200fffdfefd06fefdfffefc02ff010601fd
03030400fefd0002fa00fefc02fdfc0107fb0300fb060004f902ff05ff030303
fe000100fdff03030404fc060203fcfefffeff05ff00fffe02ff03fd00ff0105
0603ff04fb00020304010004fcfe03fd04fb010202fe02030200030003fd00fe
fefffe00fc05fd040204fe04fe01fbff0005fd010200fffcfc0005ff0005fbfe
fd01fdfefb02fe0501ff02fa02fbfefe0001010002030000fcfd00020200fd01
fd0105fe02fc0304f90401fa010500000400ff07fb0502fdfb04ff0107ff0403
0605010401fdfefcfffdfd01fb010602fe000005ff0003ff060003fcfc01fe01
fb0202fdff0203fefc03fefffdfcfcfdfd020205fcfffd0305fd010002fefbff
fd0504fd00030504fdff04fe0206fe02fcfd02ff0000fcfd000100010105fa00
00000201fd02fffe00ff0003fdfffdfe0501fa020101fd04fd01ff00fc00fffe
fefc0202fa02fe0202fdfc0000fcfd0002fd0304fd02ff01030003fe01fdfd03
fd000003030001fd02fc01fcfdfdfefb00ff02ff03030504010002000300fc00
ff00fb0102fe0002fc0200ff00fbfeff03feff0302fd0400fc01ff030104ff03
fd02ff010400fd0100feff02fefd0603fd01fefd05fd0000030203fd0100fcfc
fbfbfbfbfdff0102fc00fc0404010001ff05fdff01fd0101ffff0101fffe01fe
050201fd05fc02fd04040402fe06fffd0301ff03040200fb02020200ff060202
e5e1ff1b32fb02d03020933d20d0f23b4e01014c320f4eec2dc50fd1141f1e21
fd213ebfdd2d100d721f345013ef2f4e4c0aed4ff0dccf0b2ee2f1ec021cf21f
1bed30a5df0623f02ee0bed121013d6f50f1200e5ddaf33ee5b163bfb12c513f
dfc41cedfc10222300fe6f025eefa12cd0000fe404dd2be2300041ce1bc20321
f5223f532e30de1f14331eefcf2331ec0f52f32fc03d500dd311f15d3c0c0112
220615fe33c033f26e4fd01f43c1d61fe1c322351f353e4c3d2541b2e0fd1011
f0decfdb12f443f2f5e145bdf1f13d133e011c1d2d3d7122f41fb44c4fec412f
2d0fbfee4f2de20fe133dcddf1cd0d1f1f211540160f2dcc4b2300033cff323e
1755d4e25e0cc426a1f7160a052f4de03533f1eef6215efe42211d535e0104d3
3edd021d2225dee07e5331de210431de5f3e21dd2b3dc5b214224edbf10d23ff
300231223f0cee14abfe00e04b5dc00034e21ff22dee1e340cddc01de10e2e31
bdbcf2c2ef56ec0b6dff1c3271beef25e11ece220ebc0405140f309efdee4050
c22f0101f3ff520e1cbccee15ee0d5503e1324435dc3ef6ddf011e0ee5d0da00
e3f1395b9e01213fe3d12fc10be3dd3d0c0f311af041202322debf1030bffdbc
b5d11ef1ec5e621525d025ed24cf212ee2f2ec2e20f1bc0bd12321de0ee1041d
5c1f053f0fdeeadf1010ddd00c205b11cefd44ed4c31e1d2114dd14c4cfd14c1
0fdefb4a0d4f35ed76dde30f032e0012dc2ad03c00efa93ee01027c32bcf53ec
e2cde3232f343b0e3a6d2e135fb2e1ce2001c0b3001c11ae220e22be374f3b41
2f4fdfcd51d1dfff0ee0110f11410e03f3331303223551b5005ffd115efe1c20
204ae14d15060cd947ed22bcd9d61102fb0cc02fdcde26131739c03b022d052c
02cd1e01fe0531f2212065def11dce02ede00e9d1f4ecf1ec1e010fcee1effbd
01010c1021623f2fc29d7f036d2aec01ac00ecdc2fdea27caebc6fecae9fd33c
2beef12c4503bc2e21f33cfeebf31d042c502d23314fd2f00101fe2efa4fff03
1260f32e77d9efdfcc33bd5fc1321d9142746fc0b30260af2011b01432621c5f
f231fc1f7cb3fefce4e20002cd134dc14f3f3e0031e53d25f13edef33d10cc3d
23062010ddbbf435da5d12e3160d34d133d3f454d412ff3bfbf21e071f34de3d
1c3be239524efcc20443efa00c172f1e224003c1f00532b4333312e3305c13c2
1e161ed30cf133115af0cf42fd00066cf6ff32cd4139eceecee0ffe1dbcf3f52
032f1d0bd4fde2032720d2ded1d21e1b0b40cd0eed503ff3240de02ef150eee2
d11de44025e2e2b2e650efefec262ecf2242f0dfb91301a224f1c2504e4d2fd1
0f35c00e6f0ca1a1ee150e0df03f24fb444e1335d320ec0f5ce30f32433eff2f
2c1edf3041dc4f21ebc17ed21e010141b510ffe2d11c0041e0df0133b0b121f0
013f02c2f440f20f1d21ed10b1e0c1ff752d15d2b42ff113fad34d013001013e
d3704372610e0e2fc51e040da0505f103e6ed1c0dd0b6240201e026e2df4f1ff
ff2300511f1012113fee123cd042012c312020fb4c162d23d101ff114be3210f
2e0cbffe6da4d0fe1f2f13c405410ebf121e0f0dcb1173cc043ebf6c2f5dde34
ed09f0f344021d21d4110ecb1b43fbf3db21022bdceed4e2e13df21d232f44bb
10e4fd20ce0d00c4db0f4c512e04c33101c4e5e0e3ef0001ffe25ef1d1c1cf00
fadedeb0a1f10f23204eefe5d23e23e23d01ff2161efce21f2025e1efede4e00
03213c34c3ef22ce9e21e0d4ce0de6b010f4d0f1a30f7dce4b420c1f11100e10
d11b1e111210f362d640d62fa4f31d2b4effd0a9f9fb3fcf040cc40a142d0111
2de340c131c03e10d0404e16dc2d2410230f125dffcff1ff0feefd03fee1f232
204fdf1bf4dfcb1eb232e003ad2de1defe346fe2fb1010b01124a0312f333ee3
0341e121c0dedec00ef03fb0aff34f11711e0e01d24f50f2623f020e5d0f1fdb
f104e2c343ce02e23c55320eaf3f0f2c35f2f4d5c62a602b2d02ce0f3f12df00
51b3e22c1fde0134e1cf61e41c31b045d1a11ed5f0f5c242d2f21eb3efc1e134
2404e1c2eedbf0261efee0e0f3e22f1b24ee0f1ce2d51e014df4fdff223fdcfe
1cb40103eed141033efccc6344bdf2dd13d41f03ed90f3043de34db0e3237fe4
a2fedde0ff0de400022fd56a1210df2ff1210d02c0e3301200131f202f0c2f0c
f5006b70bf6b57723ee11440200a2e4ba4bfaeffe303df4cc21232140ac1e2cd
5d2edebc639ca3c2b21011dff540f3db155f333df04ddced5020a07f3d32903c
221c2e1f2330ea304532a1df0e5510f12b2c0c3a39140332d5ecf219d04a5f2c
1e0d7fdfd112302c1de3500ff2c3ee34bcfd1d2234140062cfdf2fdf012dbe2f
d00d2d0023c23ec1b311c3131de3ed236f0deae1e04b02df1ec03f0f31de4ee4
fd4ec1e51fbfbaf1ba2dbff5105354f441033d2d1ce565c0321eb1311c3b1ff0
212bf2ffe6f4caca331ced1efc317ef4f06e131c2ef105b7103cef0d4101e023
21f44dc4cc0dee4e39fc5e23602e252c0fb11130f00dde5ccdee01e30eb550c1
d2ff2130cc41034224cf32e2325a1112ccb2a1de41002b1d91d200b0dcd03fff
1fcedab30dd232fcece223525fe511d04fdf0e210334e1de4fe0f3dc0422f0f2
3e0fb30146e0eed10cff2a264ff0d000ee534f2332f052d63b5ecde0f430db13
301d62fc10fdfdef001ffcd0d01fe040c0134320c03df3b5e2f1dedb000be091
f3e11c2009463230330223e2010e2905dc91caecf14ba30d01d00300ef3146cd
b2c212c5a1702e70f4b020feed1e2223f0b1bdae1d04c02104cd60bbdf12f3a2
cee35f15320c242e60bfe3241df1dd11fedd09b321dea37ec01032e293044513
c2012ff13ed4102305c2f202b00163fb2e0f0c1d1ff14ffd5410f35e30ce24ea
f12242e03f00cf2fe1c3250925e0214e30e320c10210dbec034e2f2320ed0dfe
efb0eeefb9fe36413ecf1131132fb05bbfc2ccc4f0df0d2fd1bf10bfa0f20ee0
1115f2c13e4dfe2f0c20e03145ebc3bad325ef16cfd60d222e023d1432041d15
6d4fa0005301aeacb612f2a2cd521d02ce302d5a2c4f10b4233dc30e111d0fee
01ed23e2db2e052e1ff3022d52a04ec0fd0ef221c4d3e2feeddf40c0ce0b0e0f
feff235fc71eeaeadfb43ea2f941faf790ff2dc32ecf0311010e2de011c02f10
2323301a2603ef011e116ff1c30fd102fe1103331d4e3e31dd43ee1f023dfe13
1203fe032dff36e072dde0ff54fefc2f3e212d0ffeafa040e3ef3112e31df253
e1df40d5bd5ff16ecc1e32120f1edeff23e2df9431015edde01e5dd1c411fed2
fd3f4203ecd10f2122eeeed2122b2c3d304d00f1d322ef02dee0ddf3df2eefe3
511ccfd12c2f11ff24d530e32e20dc13ed13fff13137d33015112e3c13decd6e
f2dce0fff1112f4d32102ae3dc31ef25f2d22e4132c34105e0ed2cd0f1fdf1f4
ee25edfacc9013f4bcfecf110dd0b52b5edc31e2441d2e3c5a0eeeef1d15234d
1210ee2e53edcfe2113ee201ac435dc10d1161dbeb332ff16452be415e2fc041
ee40d111bdebe2f51c1fdf23f3d0c61a06f31523c71f2ff2eaf2ed0e2c1ffd2e
12b3240fd03c652eeed03f7e53a0e300c7c3d3b126d42eee120f3fc404d0de17
1010ab007fbdf01d0170bf120d0211bc5d112020c1e472057e1eff5e5f024f0c
2fd41f2051340ded2e3e03f2f0d125eec0214f34f43afeedfceed2cfef4ffbe0
221103fbfd27c101b04500fe05033cf0e030416efff9b3ef2450dfe1265bf130
e619c11021330f2dd7d3e6bc21bdcef4f3110fee3d11e220030e11c310202111
fbed200fad103b5d51fd0c0d1f52d3170ef3ecfefed23f27c42c3f0bfbec30d4
d4a11bfe0c7f546e7ee1460c549da51ab0bdfec300de1c0aefd063f2ded7109f
2e5f023042bbe300acf500c1e31ffed2f14f7126d52dffe122249064411c01c0
fe3ba3dd122f91910f24ddab121df2c605323505122e10a2ff12af14224e02cf
21430e2e0ecb1f0311100ed0cee2f0ffbf2010d0d005ee1510330e011210e1d0
0f1003f3b110304f22ef00424052e360b7961fb0a72ce13cecf24221d206ed22
df1ff05301faf0f3d410c0f1de110d112e250f22ec16003f21ee2ffd222151f0
312e1d244df0f3d11ec00f3d0e3c2c23ffff02a335bfdf0c00e1f001eed4024d
2bfdffd1041feb204f3db1241f4ff2464a3e1e1f3c1d242420dc31c24f132f32
c21e1e141ace1f2421dec2ce313e2ff3ca32fb6d0ffbb14e1ed0e6f0ff33214e
fd34e11430042dd0dacf5fc6da53f3401df3fcf4025ec1232ddfce4efe14feb1
f1ef3114cc3e20540fd533e1e6112d402e100afe4fd3deddcfc1d12dcc14f6d2
21422f20de0ef0dda31ffc3dfb4cf4c450423006f20b23fd413dde0d0c0e4ea4
ef07df033c4a011ef1cb42ee105a05e1e50f1fcdee1f5e02dc2d0f1ee1200032
013e12ff1f1b24d112021f41c1bf0a12d5d0e30c35f00f221fe0feffc1010301
c54131f240d422242304e52c1ed200e34dfee1a200ced13cc40e13e132df25c0
0f20efee45b22cd030201e02dffcb5ffd4320f2e1dfec022ce3efd230de3d1c1
f0ed1303d2d22fdd5c00df3010c00e430dc2d13214e22102331e0df0dffc0350
0e10330e1402e33f2201d3f1f4edd3cd0ee20f3405fbe14f0e12feff4df2e014
10c411dddff12420f4d2f35e2212e01bf620f2feb2ddfdebe0f1202ee5b33e32
d2b1ed00dc21301bb4c502dd14dced42dd0dee024520fd30a31032e0dff31fd2
7e3d01b245e2ffdc1f60cd2e5ebe3e06df02e31fcfecd5b115ffeedc403df04f
dd1c20cffce211fb1c0dce002c24ebdf2acc3f2b4cdee4e1f30bf10f01022ffe
cefdfd60e2423f4da30c7afeebec01621ff2bfcd2f201026feffefdeeec133a0
010f0bd1493f532ed1cdc2d4c62d0021ee2e112d540041da11010212dedf31bf
e0d45f31fe20f02f02440d01c19ff20151e00f04754060dcfb23ffb5ffd5d214
31e312b3ffd3e1210d310c03e5ffc4c334e4f2e0210f1fd50d330ff521f00d10
2c1ff4cd3010aad3bc4ebcfebdd44ddde57f430c0c20cfa55e1d0f3e0f5ddf10
de31ad4ed1361dcdc6d1e2bee1f43cefdd2a4df0cfcf53030312f04b33200f1d
d2af1aebf1fe300321cff7fe2203c21b0c0f1f095e1ddb1cb5eef4c2efed024b
2f16512d20ffee11aeff3c030ded1fde32c02334140bf25f0e330dd6f001a9d1
5f1ed1ce550e0f14d133f30b5fd3bef1f032424ef1f201e110df2effd2fde32e
ef0211a31ef0222e2c33ff3643bccfc2d00fc2ff36ec31b302023eefeff30e1d
ffe05e43dc42525e02fde101f1e11e03e0bd00ce403dfe00c23e53c2ede0c2df
2312342053cff00ef004ddddc04241dd215e6060e22c32346f72bf141a5fede4
03c114cf54f1ffee4f0d426d2ef11adedf2f015c3d13d25fe43d422e22101f31
130232d2ee550ed10d0e13d1e40420f24fff00d03aedfffd031f10e1e31fe21f
2d120f22f4010b1afbd1dff03d2dfc40042235d2e1d13221ff0e3df1d3ee1fe3
f3dd1fff0b422f432701e4bede024b040ddbf10bcdd3d1bb171d031ce2dd44ac
2317e015fd3f25f15d1ede1f34cd06fc2507f2e3331e1f60fde5111632d22b52
11020a1fda0e2e5304bc30cf7b3dedd0cce9bd3c3fcff2d2a60cf0dddb2e54fa
31f310f2d3dd25a40145fe20d1134eee1432425f233dafe12d41d1f0fc13e340
ffeee56fdfdd3eddfd10de045c3f1c2431ee0037322042d11edd3d32e1d14ff3
d2c01ee2d22213f012f2d21ef0125ec2041ff1e1301e303c3cece02b4c15f2f0
ef0b010e46031efd2b6eefff0be4d1121ea32caa1d1e1ac320c4e0d5314eb0e1
601102ee131f2dfc2b501e303be3c302dfc46f3b1f1ebff2f03eed32c3dd31ac
4feb2101fe22fcbde3f22144eaf1b40212013a233130cef101f0def3d1306ffe
32230dfff20f131611afbffcd3223be34f1922322320024143ec2e1edc1416d6
104d2eed44555cf1cc5b05e0dffccf1d213402fd0e50cbbf3fb1e0101f3efef3
0d632e2f2221dee041612f701fd321e3f1002c0ff0d4e030cfc20c4def3421d2
27ee215222d300f03b51f13ee040f303f1f2e111be001b2f11f301bf121c5ced
d2fd231ed0d1020f233ce0e1f1f1252cdf10bfef1b5ee040fe1f0dd12d1cfe42
be24526110f54053350a1e1e212bdf0f32df1d1e310134011cef00aba242e02d
0522fde4dcfec00e5fd01ee21e3010ff4fff2edf30d03f31f4f10f3d3d11ece2
ff00bfe22113ff3f326e0fede13102be40d4efcf9c3c1df1110512ebe312001d
13c3f0102f3d2420d1f50eee2210ee342e1ff21e25214f1de4dcf4d50b0491d1
2431d0c2a04a130c3123f0001fc530c6f1fc2d1045f2de2ecfff105d0dc1dfd1
93446d0e61135ef49d0fb254ef9b3f5e1cf35e61e13f32013fdcc2d371010fe1
43b1933f2d0fe21f6ee5ecc04503fe00311f1225452ae34e41203523f1f12be2
bc60430425a0e1ef3f1af271db0f1041714eeff11b4fc0d1de92efdeeef44dc2
f00d2e0eefdfcde22ef03e1e021024ec312ddfcc340fcf33dc0e2fdd303121f4
0c6e03c0c490d2013151e2515dde55ce11f4afbedcdef20f9e45f1123003ed40
ec43e0e40d2cee1f40be2e0df1c4023fee3fedf2efde140e20ff10200c46d004
dc1f3f41e23212000f2022e02cf33d1e0d01e21b3ebf20f1e30fdf424e3324d4
40ee01de1113ddedc010f4d2fa12f1215cc1fd5eebef3f00110df123e1fe3c22
0ae0d03e1fc1e304ee14020b37005fdb303d32b6e1fabf1d2301240ae2d06ef5
d3fe01201dc201f4524e0cc23f52100cf2f34ecfff1d25243fd30002d41ded30
5eced1b1f95b020a1cb22dfd41013e201f0e3234b0fe3d3f225e20f2f3104e35
110cff0c4dc3f0fdfd3edd13e0010e010fd11e2bf135b0054d42f13d341011c3
1df0e53320e1e31c60dd122e1044160c2f43420440eba01f5ee7e0e9b1101efc
ed4900eee54ffefb304c20154f13a25131334be2fe15d104fdceb001142efdbf
dd1344e1c3aef723d7b33cde02df5ddf1320e1f5e0bb060a142042eb19f24240
192034352ebe11c340253c2bd1ff3042101c020335def42ff0eff32ff0210d1d
f21d104f31f5ec310eff14030022101ff1000dc12002011e1dfe0cd0f5211be1
10f000cfc3fed4e31c03fd0d00bf32be1162f5e4f100ceff034323f511c0122e
e01b3e2dceff1bee2d2250d002ee3ffdc534c12eddd11e3230071df0141b4f2d
bd1dffffcf44212e14201cefd64d40fe0e3ccef0321e30eeffdf21bb2fd20d20
02313e2f15e12d3fa092934fa19e31605c3f53e000721bbf5001e2d1f412043c
f00fdde33df0ef30d22fe1c222fff412fc0d235d1f424f0d312d0fb503dd52f3
32def3e4dc4e2301230d40ff22531dae05e30e03d3add32c3e10215fef054edd
e309d13cce1fcdfb1d1e22ef1e3dc43ee1f50bd12b04cef4cf02eff43539fbe1
10ce21304e10ff4f0d3e4ec3cce2d1f01c2bfdddd0440dfff1df0c23d114e20f
00eef30101ed0f4205040ee1db1f1e13020a01ee11d331e3042bf1122df2042a
e0d5f233117c2c5311e31302000feb20eefad27a02214ece4b39fc21b0d20115
04fd0fc6c1ceb42ef0330def2127b4d2414d4015a0010440c0262ebf02fe3bc7
3f03d111bd2cd2102511dcfb00f4fbcef020e623f1cd214dc54e51222d13024f
2512cfa421bddf023305fd11f2c15bc00531e3f525d30e03d55331643f1f34e4
1ea0beef5c3eed1f0ffccc25e30fbbcfeef261c33cf1431343d2c102942da9a3
c2005e1fdcee0d3c1e42eefe1210fd1e1d14ff0d3ef14d20a311fe31431f12c2
ba311e3ef2e32c01fcfc130610def22ddddf0dd2f113fdc01ec5f2dc44002d1f
bd3f4e1ce4144d53b10d13e491291b2210e2ddcf0d643bf3dd1b1fff5410024f
d320511d3fd51012c1a2ce0fcdc14d50ff0d313161104f2063f1202cf411025d
d372213015221d01e0ae244a2ced313d21e13d0d0c12d9d12151ef2532e3111d
0051021de2f300f2220cd20dfea227dc143fb1140fc1f403237f1fe012cb1f2e
1f01a32434200fff220301db1523ff0de0fe00f0a11eb30e404c121dedc0102f
ef331ffe2bef2fdcd23e3c4df010f24ce11143f3dcdf0ffe01c4ce42bf0012d2
4fc02230d2fc241040b3120d32420bd02000ef64e20d3721e04e42f31ce001ee
411fd2b3eedde4e050d32cee201fd0d1e0ec101f30f0f201f5540373fc0252f1
32ffd1010f40004142f3f101e1ed10f3d322f3425dc2133d120f32edef22d1e3
c3bd1d0d5205fb4d1c3d252611ecbed0fc001c0d2c531ab111f2d2410111ae0b
1df4e0e7ff9b13fb24444e021114b0dee050f0302ee0d13ce00d2e403af13100
ac113b0f20c11f2cb05a3e16f0eb1c7f0fb3f9ef6b45e0d5def0ffc12371fc0e
0fefd492f1ec02d04425febb302de1ade250f2533e1f2f43e2315252f2216052
c922f7ff20cff22604e4000eeee341f1d4f513051eee0232d530101b3d0072f2
4154314e40de33fef303cf1bdee42dcd430c052ed1efc5ee20ff01d13bc12231
31f11e013e53ffeded2f53e421ecfdb30142105cddb141021bd3ff13f00df0cc
010fdf4141123a4eed40d545ceed102dfbd00eef2e6fee020c03bb301063eebd
113102342c5d0141b1111c0dd0f33d1445ec6f044e5e0fe31ddfe110105fbe3c
eb49f23df2231befbfdbcf00efbcf301e112d94bebf1e1d7fe3f9200422defee
bedc4f2011f43f2c0d0de2261d0eff301ff0ce2bde306d0301b0e0aff63d0b0d
ae10212f4054014fd3ff2d04f300d25d5dfd313ecf01ecedd2d01fb04021f1d1
4420fdf4e0a11f0d5fe32021153404d33121d0e3d001ddf0ee3ef222f01f19ff
e150302dc231fe2f131422fee1f01d4e3304ff1d2e201f1f01a3efa2f03f531c
5cc2e0311d1dc4eeff3f301ee010d31eddfe5230d1dcb32f43211e010e41fed5
1bf4b521b32ca694f1ef4df930e1e00cc722e60f21bdff2e02340d3e1af005cd
ba2d0f2d20142f3ddef9d7e50fcef13ff1e10a0e193d1dc340efedb2450eee0b
3401dfb201f3dbb06e004f1e511a0010dce0c3f123b141521f0d335ff002df1d
10e1df0ef2111d22fe24fe0ee0e400d030cad430f01f2f02304cf224bee1e5fe
1e13e1ee2ff01004f1bfc1dde2c2301d22c006c0ff2b532ce2fe1f40efe22e00
1ebfb19fde59b6ede1371d1f2602d1f4fdcbe6f0c020430bf41ee40501deb411
423ce042edfeefb1212d0e5d01f5e451f2f3fd05ff1e203fbfd2ef3e12ef2eef
221cffff010f3f1423a2cdf3350f1101cd013f0e62f272100f6e20251f11341f
df2e4efe30c22c02f2ccef30e1010c0e0de5fb111e214d14e0dffcbf3e12010e
1442e02db3d40226cfed11e01d0b110ef00f105d1edd1b000240d32023fec2eb
c6c3e03405e12d4ec0b20df3d3f00ac011ba90f334f41332fffc50a5f212fe4d
f012011d1de2d032306d50251ffdc10d42e400c21233f122bcd30e00335d4114
35c0f03f7d5e0255c2100f1bf020000f4fd135c3b40ff6ee32fa01fdeb020523
390d622e110f50f7210ce30c0ffe56193f223012300904132ed623e2defe2cfd
2ef2fff20d10fede30122021ff0feecede222ef03fe1fe101e130fe0e1efee3c
2d032ff12ef31bde005e2102db0fc4ed1f31e2fa5c31dfd21ecdee1ed12fd2f1
da4ef0df42ded5f61ce111e064ed433ee501f3c201fae40c425f12e430dff233
01c501412aed2513fcc50cf1455e039e00fb0523f4fc0d3d550d30d3e00d3edf
ac2042fd1195f0f1e0df01e1b00df1d11fdf11b23df23100050f2ed055f1c260
fa0f200d13e42a1bd20144030cede0eccb42fbfdebe212b63f352ef0f12e4f1c
f1f4cf309c4d21102f02cfdff6104be322410341661f004d221033dce2f41071
ed0e0e40e3bfedffef7e3454ee3095103fd31b1d2b31f1e3c291be1d504cbde1
1dc11003eb133100e1e22edef2e3fce5f1f12ff5dd4404dd11c3341dd233ea21
03e10dfe51423e61af1efe21b1ef514f32bd5e22905229be5d0210b2fe21ad43
4c9ebfbf910e91fc12e51fec1d61d2d0d321c0d30392f271111e446ed10f235f
f0003efef443ef03f23ec2232ef3e441e2ff401d411214203f1cecce32f3e414
39040f9f9c9c1fe434b52bfd2f121f1dd50e3f5106dc035e006123d112c04e4f
2202e1f2b31fd2edf32354221d20d30f0e0ed05e22cfbf23131e32f1312113ee
23fdfffb42e7fd43ec4cc6f3e2113f010a9222afbce2310e2c0fe0242e0d4edf
51e0cdef1b6d02f51fa00013f54ff4e0f0f3d2ee01f04c215b212e01edd01402
2bd1b1e0ab31fefe432e4bfe30e0dcbeff1121050ef0d20204430012e211ee3d
41eda0affedeb3e0ee15bcf1e412c0e221b120e1efe10d2b240f1731c0ed2222
2e2f2031435f5f4dff113f13e01d0301de030eddec22e1022ed021bc0fff1b2f
f1f10c3b245efd10124ed110b14cee1feced521aee2223ff0f120d1d113da201
db1242ff31105e3c03f0e0232fdefd24011ffe0ef0d4fdffef12ee150e11f3d0
2f30b2d23ddfd6c102e2fe0b245f30ede444b20f20eb1460244510101fdd5f3e
45c5e0b13f0f0021fe154cce3f140bc22f4de523c0bf322c20421213dd2225e1
f2ed0120ef3fd0211f320deded21bd0f012dd21f1f302cf13ff3332ee1311ece
f4ef5c403d403d5cafede2152e3ef103fc0d5cecc4612fdd490bd1ae1120cd22
fdd323e20d1d3f2cf015410e0041d1f40e1f2040c5c1ae4e0efb0d922b0124e2
0d11133d1fe2f6dd30c051be4e24c4dc1205f111df0def30f6d21301e2425fe1
0ee3f331e02e130601ceeedd03433b33d4dc4eff24dd300f243b21d2e33e0d23
e3213fd20000134cf41fefeddfef3c332c2e004fd311250df30bd3f2db35240f
fd61032454c1e1420e40345fbcef2c214d0d32ec4113db0200ee0250f332c230
d3cee020dd22e2e2f1ffdfe1f0d2e13eee54ff1d223dc00f02ede02213d0e1e4
323ef1ff3f10ef15b1d0bf21effc0f3dd1e21e4f4c011dfde051ef0314f1db20
b434fe3fc211f0211001e4e0ed3b41222d3fbfdb11f2dc412cff2fbf311e341d
4012e100e3ddf3efff00231dfdf5bdd0dee3612cfec4fe0031fc0e12f102e2bf
7ea2b2c11b50131fee0111d22e00e4e1c4e24f4f90412ff433e2030ea00eee11
3e02e0de55e3ff0dbefdc1d2cf0e320de0f01f1f41314b1f10fcef0eeeffc01c
e3141d3e310df032effcf321e4e3dc3fd21fe0de03efee3030d3f0243f11c121
f2de9f0f023bc4bd4f4240fa13c0fce1ee1022eeb1d0ec0d11641437fd0035cf
502d1242f3623e0d2b0002234def161ede05431e2cd12c000f06cf12ee13ee2d
f3ed4d0eb4324b4f21611453a01fbe30efb41f395d140eef0092f02e355ef3dd
005022d0212f1ff0f1cee2fb1b110ddd03feff3dff130d1302212f4132f010f2
db114e4d20df4c4d02513f100d2c02600ff0200e1b6f24c22df4cf2f021ef2c2
0dde0efd0030cedd0c4de201e23cd3efd23400305e101c4e33100e45ff0c004d
ff0f0c040c0ff11e41fd4ed710f211c4bf1d2cb0e4fccfe0e25243e0df05413b
213ff2edd11cffc5e112ecf1e051f240f74720353203201420d2bb0ed25461c4
3303e2fe124cd102ec1410cea21ef21a171de103e570790f0cf1e3374df31ccc
1f5bf23104f1dddaf2fd3eebff300feff4274f44f04f43f7e311da52d11cbc16
fcceffb01efd34426ce03e4263ebd31ed3c3ffd2140e12ddcdb260bfade01d1e
ff30e13220f4dfffd0e245bde1114fd1ff0c1d4bf1ecf21dd041001e1020d3bc
4df02392edc0f32e2f2d513fe1cc00f210e0df14ff2b11fd1f1042be14d0c240
101912fe032d2cea650b2e3d0df02010fe36f1abe0a1c400002a4f2d10c1cde0
c1beffbe25211c4c7df0f9140eb0e1d30bd0cd100bbd0433eece3fe0d0ce396f
2ed122011f4234e7122e14d32f122eddd2ffdf1022e41bcee224fe1ec00132cf
fcd9d30ecff2012cf20250ed20130d2713e1332fd15de0d0e44ce41f3e1d15fe
c011296ff13f002253c0b4ef105c4fc2006c0b02feb1411b2e2fc4632f124fed
22efed03df302fe15f1ec50f13f05c1e00d3be2c2fedc1dd42e3314df2df51e3
5be236cf4f1de1e41e121100333c2fe0d6e1120d12cec31e20255223df12d13f
1f40063533c30bfa1c32ecd5eeeb21e5401f1135ece3f6d6212dee2f47123bd4
e4d32c7fce2a413222dc01201ef1d37d32ff10e21ea4f052bbf04c139fe5ee0b
005e0ee332ffe0e3bef030010ce12cf0023e3ed0fd4ee71f01d1df40d03fc1c3
dd3e2dd0ccc1d40dd113d02cde6a5203210f024313d4f13cd31e2de4dd44942d
cdd54f23bc1d22541fedd3d4fec1df0102ff1dd101f1311dc0ce23b3fbd632b3
1ff31fe1ce00f3c2fdfa4ddd0fd1e263421230d654f12df03eb11ed1dce63031
fef42e3ffe1de2b2fc22c0f1e4d154dd503441604320ffed4c23fe413e15eff1
ef3c141d04dcdb01d232ef20d1e022d30ef414522023f1c52e43ddef4c23efdd
fcf3fd32102e21d331ea02e3f0704f4fe22cd20feeda1ceb21ec253d2dd4305a
cebd71f2e13e4d2c00ff4e3e201e0b350bb1024d7faff160c09e6ef0efbf1422
eedf31e211300324fdceff2043bcc2ed0dd51fed2fe01130fd2463deefc3d422
03c0dfff341f0cf033e47fc30e3f0e4fd03bff160ef1d23022fb1c00101bbd21
414dd921db2113002efd4422244ee262ff2f12ef10ee1f1fe2ceffdde11e074d
3e000531f5fed032c30452f9d1e4f90201ede0f1d23ff3f31121eced02ba1fae
420f0f03ee2ef12c4c0d3ef453eef05c0efe0241f2cdf300dcfffdc2cf21dd61
eec311d2ab626d5c0ff130004deac040cacfdc316113df11dfed41dcde1415ee
d2ff2012ff35323d432be4240e124d12e20e00cf0ec3134fd1ee423e2032bdb2
e34b4ae1f0cef1c3224d4f40af524d024ef00f0cbd63100b230d134f333215e2
11edf03aed02300235c033ee213ffe3eb1143f094c0de0e115ff030fbf1cfe90
2fdd02bed3c33f3b31fc5a127fc0fef41eb120633dddc121d22e5101d1c0d00f
3c14bef420d42d00dcc13e262c0d10cfd422bfd0c1f11135dee1fd5022e52f22
edde04f212ff1e1eefb34f312fffe2501211e016e4d2cd73cce322cffff01004
4cf1e0a153fa30352fe1f43d12fae01b26e03f3ff04d0dee112e4df010e3f42d
f05cfe6f04c2dc0cd5f1e49ea1615c35db0b0dcb3a7c20f12520c2fb0f2116df
3102f01a2320cec42000ef110fe10ec0df0c333cff022fd24e34d412e22f15cd
2ec13522ed3f131d4e141f0103c0fd21220df445220f04edb00f4093c02103e5
4fd523c010f20ebe10346cf33e1e00e31713e0c3f6dded0f202f22c6dce0a0cf
2f3ef2124011ee2a1234d50cd2c2ec23cced30dd12f1ffdf22fd01dd0d0e00cc
31b22dc3fa2023fe30cdf1d221cd1d02e3bfdf0034cf103cbeef5ea2f3f20ec1
f2f0442103113110dede2de2430cd040c1c0bfdd0000d15eecef3ffea7a11001
0ef0ef2e524edd10edf1ecff0e1f0d2e131fe412011ece2e121f3fd03f0eef41
001cc010eeb3e1bd3e1102101d2e31df3130332e00fe45df5f01d3220f0efe13
2e1e203f0dd40c71f003e02d30fd0f340ad11ceb0df121f1d4e1cf1200d1f6cf
d21dfc6c21640011d1f6f2efef103cf0bd2ecdaf21de53ced121d232f3edf0ef
cfe1effed2301efd1e10b9f33b433e04130fd1fe02e1d30522fd1cd0a0026213
1ff3ffdff4cadfb11c52ceced231f1af2f417566b30320d023f4ac34625e2b0e
202e021e0343114111243122fcee0df401c1ff43ed6214324ff010cddfdf9ddf
4bf4322f2e2d05152f42123f10cb35d115e2f213074a1e1d39452ec53a35c31f
4302d24d00c4fff6b3422ff204eed0ab1d104090cc206dc13021c25d0260c01d
dd1dceefdffd2111eecd53d255500322ef200e24219e3d1f0f14113222cf2e40
c4b251dd0e22431023d4123ecf22f3311ad1fc32015ce01d20ff21ec332ed44f
fe930dfd104020f1e14f152103bdb01cdf00bf012413f0dec2b53192ac1224bd
d3ef1340e362feee370204ed03003f131e000d9ded05440ff2024d0e30d032e0
5dd1159327d1eee24e21c131efd211023433423c214214236f4f0def5f3cdc03
edffc1500e2f020ec1e53da1f02f12b41fff311351103e11bf01122f0ded030f
f702fcfdfd4e450e26e004bcc2c451ccddedf02c5d25eb3e0313e5f1dd1215af
51e02322ffda36e611d534fa05cfec2bc51f22eee4ee1c0cccf712fe22b4ee0b
0c34b20d3fed0f9ded0bbfd1f124142a0421764d4ee4fefe6d33bd1e1311dc32
1031ef0f14cf9fd5bf501f0ec21130d24f523225c0e361ff5031d14063feff6f
f201d0ee30dc11e5e14f200edec054f21f5133500e023df03e4d0de22e1f1bc2
21e212f3afee3f321b156a241121b0e4feb30332e2c53f4fdcd41eb102b11ff2
4e3422f2040e3df0aeee3af100bccf022fc3150c2cf13e4040dd2fc211d1df02
1260e0de50e5ddeae11dcdd4bb045e0f4c2120421f6e2311405fae4e45200c04
0ff0ef05e107df2d2eebc1d240ee3ef11f32eb010e1dc4ded41dd5d11032d202
0e010102de0c3f1f4def511f30d2d4223fb6b4c004def04fb1a24fa0f0e01cd2
1e433f0e404fcf3ff24ec411b2f151a02f5b213c214952bd1d5e2300ff42ccea
2232fc2cfedcf3d3de4db41324c0b4cd37e3021fa133fb0f4f1400d12ce0333c
10d4e0112b23f3df0d3451ece7cd3f2ce4def1efe64fdbfaf23630f40301f3ec
f2d1022f13dd3e2ffc240b1ffb11d2101621f1c21e1f030011e119011e1c1df0
412ffd3dfdd312ef131440ef04e321b1cb0e3f5e23f22000e0e12f1e52e1ff30
e01fc2ee2f0fe4dc0e3ee22224ece3d0f002e4363f5040e22ed412b12045bd5d
bf03df52f1fbf03e4121d0e13221434b05f0b002e3010e000ddffef25f406a22
f43d32d121b0d232f13ef3fdd13d4eec52ec4d2cdfedffde1ff131314fd1620c
f1dbf00032fe195df29230e13e22fe73eed10f0a1bc2f455a30d1eece2a05ec1
0ec11d52110003411fc14f143200e032ede3ce233fbddf210cbf2102beaf339e
50dc0e0c4143fedbd3c35ec11d3f3cf4ca0b22dc0124c2052fefd44a3c3f0f51
01313e522ec2cedb243ee2021e5e0d00401b2e5cee1ffc111430f0fd0ee064ca
dfb15041e12230420fc43b353fdfe303dfc3b1b313240e3f90ec62d10ce13e01
4023f02fe04fe1300f46d4ec023d0b0205feefd0020f2d2af21ed330101f2e40
249351d1fa4e440c4efc5125e2cce4502efebff02f00fe11fbd1229ea3e1cf30
0c46cef412ebb1c6191de114004ae3ff55f31604f1003afc7bc31a20412ee952
1325ef02205fe215f212c334e4cd043dfef6e1cdd0c10ed002d422ee41c133ed
4c6b011f50a5de91ef529d221c747cb63d304323fad053f1425db02a75393e3c
12bd7cf3c402405e540a2d3d4bcdef1efdbc112d21edef6eb11a41cbafe0cc40
ddc04e00f01170fd5119f5551ed013f14c0aab3f00fc0c4020df70e0bfe4de7c
00c02dd2fdef1e4f1e3c4ef2f1edc1d01ffe1ed25d2f1f2cc0f0d0d0ced0fdec
51f1f04f40bbecbfa33132f10d3fd1ed2c4353ec0c032115f1feff3161bc61bc
defee0f3ff114fd02deaccf05b3d4dc5d2ded1214ec3e123b0e02fddcfde310e
344f02021ffdc24cb3eeccebef102221fff00f4feeff02e01f1c113f1211ce2e
f11111010f2ee012641111dc02fe1d34020dfbed0c2122c0d23b332f2f2c42eb
dddeeefe02202b510e21cb442bdeefef3ef0deef0dc032b4ed1e291c22f0fbd6
43dc113edec134d03423d03a13a021501cecf1dedd05d200e66e21fd0f1bc213
2c22cfac53d1c1fc302becf2ffd134eb143f532f3d0efcef325feece0f312c43
20bf100d0e30313ef00d023f23e0fd230dcf2d1c4ef30d1df4ff10fceddc5f0a
cddc3fe211101e3b540f322efda2edd61cf32e400bf4100024dc12f2e43d3401
d1300f691410d233f12d310acdc0f1b9ff13c10e1d3039e02222d0fe3b321f2d
2ed1fe12fcf32fc2fcfdd22411c03205deee4e1203c42ded3fed113eb3effa02
ffc2fcf0cd3e2242c305e32cf0210e2f2d0aee2e1310de0de00013e42002e53b
f130123ddffffc35f1ef23f00e2533fc0d2edfc01c10010e326dd210ec22e2fc
d0200ee10e3f3f0c10ddffffe13f0f15ea1fe03c00e34ff1c52c234ffef2c00e
14e13d35d1f112011eed14e132312db0f1102e051e2e144d13e1df0f4e1eed01
3d2011d234c3a0c1bc2bffffe122e1ce73242413f04cf4f250210f4f617d9160
94f2ee7fca6a341701d1e6caf3310f4c13e110fcf1fefa1a9ff1d5e30dc272d0
f1340fee3100d3e211e5f12d011eeef0c23200e016ceecf0c004fe2120e22f01
3c61c2fe7499cfa6e00dbf3c1020322a114a5f1bb24e3cf13025c4311142c269
4f4cd01b1002bcb23f30ca1f4be3e0262e3313f51d11d411211e2af2312dff17
4f4b02a01fe1eee12fe141c20f173f001d3e327a0024a413e6fff21df55a1ff0
c4d24c0efe1ee24444e3301fd2e31d4b4001dc3feb27e03ed32dfd4bdefe0d11
d010fe3eeb4d4327f2fce63c3e2fe1610b1b0e2912eccefcddaf13bc0be434ee
eb01e500f35f1f334e2d3c0f232d165021f4f1f4e3ebc2efed1ffc141ee33d02
32f40705030da2ceae22d901ef324ed525f4f025e0001f1f4e5209f25f1ebfe1
1f5bf1c31eaefdcff103224bdfdfccd40fdf12fb0efd3fce6422c020441ffc40
bdd45df21e233f4e120c002ed11b132c5f001fee21db22210f3d234dcc2d22e1
11201b2d2c45213bf5f2a52fc1223ed21b30fc30cecf0121d2412f3f3c4c514f
4f1fc20c44b300b1f1f206cb171e102031fd2042304c01e12fc1cefdc1fddd5f
1d00f1d3123e3d5b1d0def4f3dee01310e91dd1fe0dfc310efb03e0dd5cc11ee
c003e0f1e1231f1dfdf0d1e102fe130ff4f1b22ed3f07e0efc3f002e4e404d0f
02351df10d0e1ee40e32d0f013de02fe20f1eeb1eed030d2d0f33f23236260b5
e32410321d0f15052406d60be4fdde5d21e203dfe20f1b0a4fc2f313f2112f01
1f13e111c0ef2dcd41102c02c101142d26f2312e2e4f01543b10ff315f122112
d0fe3f311d04011d041ed0d3de1e2d07100df9cf0ee2d5d1c6110f19c33feeb0
4332f3e21fb101dfcf30cfecefc2002f440f205e146f11210f31e0216e1da452
dd2fcc0d3ff0e115c2c22301d25530ed43e00deeec5de1d1f3e1ee5d3fde13ef
07e11e4e0ded200e333fd2de00cd0eca3b2043dcee002e1f2342f0fc22e1cb4d
df23f25441900fd11e30512d3253d1ffe211f2ee2e1333ffefdfc0f0ff0f2010
f200cef1100c11c14395abdd22e362ebc441052242e9426e23425230edb01150
e01120d1d0c33f3df4023220e13d223c01411ef2330d2113fe1e4ebdfdf3ae7e
3ef1d510d0fa576202b19eadf12f400dd5e420351cde711cf5f3132134ccaa4f
42031fe2f132fa1c2e3dd4e74fdedc204ef33b2fef211b0cfe4ad0222d21d1db
fed5c4e7ddbda4ab222110094122cbc2e3fea3c6e2ffdf0b1f1c2ee01a12013d
3ef1c2cdf233fe47f20b31f0e3ff3e0e1002f2e1c50f4ee0036b2241e4d0e053
fed1f4e003d902efd5b6bc0a1ff24f2fc245ff1ed13f21fe5234e0e1fddde452
14c01d201310f4030d1f3f3e11f1cf101c3f413de30203fff1ecf11ee14f02cc
0325de00c0d2cfe225e1dc4e22ee2aff2d4e3f20360db2502b1ac0002d1742c1
c1e3324c40433330f0efa3de0e020f1c1fefe2112c2d21ac3eef12cf3df1a25e
ffe030dddfef13411ddd1ed04e032ee01e2fee2cf5f61d2fcf2120f22d3523e5
f3ffee2101b3efff1addf5e5102f24ee03ff20d00d3000e2de3fee1fe3eb1bd1
eeded12f20262d210c1df0ced239342f2017ff24e91df4e542242202f1dd2ae9
eba0a300ac4f101e50043af05433fe9ec03edf542ead3241215f71f1eb2f4c20
fd123e1013f50dedbd3dc2e0dbdd144202b11fee7e26f0e61ef1bce204eeb34f
2deee4de14fe1446f1f2c01b31d064cec70d2f20f59a041cf0643320f4be0e3b
2dfdc2c100e01e00f20b332ce0de1c1f52fd30f2e0b2f30150013e12dfc2eedc
41eef3d254752e43003f102e12df2e1340e03200f530c2e031eee3fcb12ebfa2
c01d2fff24ff0005f34ce240d0dc0f300402c3320d1f101ea220e1ed210fed1d
17ddfad20d4011520cf1df2e10e0f022210e4e4ff540e0002a31130313cb2c34
32efe2e1dd3f01d032d42f23f0ff03c32011213e140ef130214d2f023fb113cd
b4f12e2df2e02df00b5145ff4cf010c4020102cb01030c0fcdd2fbbffd0e150e
f21e041e1cedf42004f1dc1c3e051ef0b3e3e132e12032bcf11eacc041f01fee
0ffefe2ce531efcdfe6d34f24e200220b2240d0f0ed4f9d3dfccfff2530d23bb
f1d5e2f532ec4642202e2fedcd1613113f3e22f4ff3b25ea20e10e012b51f0d4
d00300df2332e222c040342f130f1a01dedc2dcce13222030b2fd0101d213503
fe11e6f0eef0f513e5d4122a101f1f2d15e0e123443d402be13342fe40cfa2fd
010eff10461f2bff132c21100d3fd12034d32c1ffe22f0e23bd3cede050c21db
2fd1dfc3f37fe900f1fcff03dbf001003e001ae2fc1230162b101d1ed1f0fc1d
2f2621cf3423451500f4420b11fe10ffee12d4de130e1ded1fe1f1342ce315e1
effd0e0e5dff411ff91123f5220f0013dcfe401efef02eb002e413e1104cfabd
10fee2f412ea14322425eb2cde16c31ee0034f35102141c2e12ed1f0e1400ef2
4fe2d4c02f0ec43d0201131dee032d12233f2423d2202f0bf3031ef31cc06332
20b2e2e1faebf02f51442dc27160fecea2e0eef60ec3f06392430c5fc22f0dc4
132002de0cd10ffdf3311d0d0e43e0e01effef0e0f1f23f3d1fc22f3d33c1c2c
d0120e2fd7e2fb21de0afff222ed1f2d25f1ccf00c4f1ff7ef0e1be033fde32d
23f0f01ef0105251d4e40b1b01c22e2de4f21324f0ed20fe5ef0c403eef1b51e
fce012f00dae42222331f0ff40224fcde3f422e4cebd004002ce1d1022bc712f
3e10d3222d130f3d330b2c200234351d11d40ce40bf007f22f05302eceff1fd1
de140fefff0400b0001a410431fde11d0203fe0500f1042daeed1df95034ee0c
ef11312f1742424e101ff3f23f3112f30fef302cf13111df151dcfe02fcc05df
211d0a1c36f44f4dcf0a2705efe0103430c54e4b2a323ca12a03bff00f21f12f
c22c342255014b6ddcf0df2ea1f1041ddf050cfd0d7b4d140e01eccfe24baccc
0274120f2fe13392f2d1f7003dce3c0d02d1d3ed5dfefffb2fdbe0c33c036441
e2e3dfee205ff002eef5edd0034c410e0f2df34f014d5e0e62032e14f3f0fe4c
3e11cfd111db221323070d0d004f0ee3c41e1042e30f14f0001d0e2f090424b1
61c2f1d10222e1d241021e3d4e0711b2314e503d0fdcb71b1c4ddb1cb9b3feb5
25f4d2d11b32b1b3f2062fed000f1bf5d1e004f2e6cceeead24e033d22fef5ed
1cdc1fc0db4f05524e02dd3fe6c01215f1f03f42511e25e0cff3104ad04decd4
013ef54f2f2d053f01ee101dded2123ee2c15eaf232000c341ced1201d43e1fb
0f4d21410f22ff20050d0e1f1e2e0120f13130cb4b20d4ff1ddf0c0d025da1fc
0e231c0020de0f30112e23eeee0f20e0dd119eda04b3f0f01d3f41ff34df331d
12e01fdf05413c21de190423d10de0f020201073e1551fb3bdbe0df12440a0c3
b339203145f35f5cdd21e330aa1ee4401ff540d01f71ecc45ef2e30f45501cc1
304f003ffcbff1000d2ce135e30dfdf35eede03bf2feddd50d5ffc2c12b00012
f1ffe203d0dcc1020fde1e2af3000efc0d2cd324220bf04f10ff2de211de2411
1fbef10b0300105f1cf2ced1d33f2fe02224d520de202ed35ddf0cbfd3ce52e4
7302dee3d62ec5e124f1c02e4ee422f1d23b41ed25cde4193e7a403eedc030bf
ed3b402f23304de0d120c4550f0d10510425492110230fc34db4e3de24420bc1
23132e011d2c1e3f11d0f11ef2e03edf732c2f1e00323f221eed4e401e3332be
3fb0ee00fde3ef2120f01b03c320fed35d00fd16e3f44f22d4df33dea14eba22
e3230f0200ef0ff102e03d2ae255f0130efbe1341f1c2c5abfd1e5305df15511
3f35fad1d00fdfb230b60dfdf5e14cb6f15df32015f1c16fd41af73140c51351
3d0fd4b0fd22e3de4ede0e0ef21101ad444fa010301e637244121c41de00ef05
defee311dbeaf65230ef1e1ae312f4f0c0100fd5404c42f223f1420f104faf51
53f4ff24f03b03e02017ffce3313dce4f25d212214fd100ff42ff1f4d0e053f7
14c211ce0d4f0f2c00c1210e4e34de020b1ef4f01111e34e41202edf2ffe3523
d0fd4ff23d1f112fec13beddb30b313d030101214bec01141421233431b02550
55dfbfffefc11cef11122b1022125df7390011bec20640500d3c03f221236df3
d2012a2af3162034edf0f6e6de0e044f1de50ef03f4439cede0dc2c261eb2341
f13a22102ff6406ef0dac0123d2be0f211de19011253ecc40dcee1b00342dc2a
30e0f100cff901c100f5ce0c43b54ff1f43df5b6f41c12fcc1510041ee34e020
cf1140604ff10f20f40b0c22edd1eb02fd4e3f2d4ff12ede13ddc1c2fc162ed1
e10f4101eec2fd2d3e2a4522edd0211d4030f2fde00e0d02de11de2f351bfe33
e2e10a21fe21111f33002f47cf3030f720f10d3e2fb5d30f4cfc3d4ffe1d01ed
323a1e10e2013bee3ed1ce13ec31523d0d30ffcf491ff1f45f1520cfef1d5c61
0ecdf6ef245d3f40d1e1f1d1e00cf0eaf2f2e3fd2d304d13141f01eeff4bb33e
120f004e34f30defee2e003f0ee1f1e1d4c300ce2d2203df1ec3de12240e0eff
4f04d410e10e1413333120ef0135f0fff50e1333f62ceedcd1eee1dd0f01b41f
fd20de23e23fb3c333616b03131590330d20f14543e3022aa4f112002d40cda6
3dfe0d003e1113af0040231ef223cc10422e401ce2c1afb253fbcf0f01e241ad
ff20312e3e143e0ffdfb041f1fdc0e02af140f4bedccd1e24e22220fcec2620d
2122ed1ec4e2ebbd104d2f4f0e6f13ff110d3cbcede2cf74bbe10dd41e3011f0
1005ed24ddbc1df0ec10cd142f2e22140d1eefcef1e31d4409fdf11222050de6
0530090d3fa01d0329fad3041fee4e2e2c2def0e01ee2232fc3bfed1351d1e1e
32bfcdd2ea1be5cf0bc02fbf334500f3f0f0e14603f0037a513b5311cde1313f
02d1ed23d2f1201fe33e62ee0bfeddf30cddfe0d4e25ecc114a3e202d37fd0af
93f40d4eee0efb09dc0ef003fbeebb53291241ba014000b4ccf2c2d52e50070e
30cfcdc32fef0d1d2f310e023ff3ffe44f3f1f3ef210ff5f324c3323cef34311
e0f3e401db1b14c03f2eed4a1ee404fe24fff2a3102e2e3e0213d10e010fce2e
21f021eff4134b4ec130f6450ce0f11021de0c2c0f4112b3d2d00cded121b1ef
4301cf0300501241ffd2f991032efed3d51d2367210a0161456456dff1150111
ef3e1fc0c6030ec0f01101ef5dd232100bdfdc2dcfe1edde0a2d2f304fde27d4
1a3011f2fba0ef0010f04c2df1c421edcd23c2c402bed2f0d4f5f3022bd36bfd
e02a734f23217e2e992e9e64ec9e3170f0f6515e1051d1c425e0bde4122a92be
010f0e211d20ded522003be216fff9f3f1db14342103135fd21c161fdf244210
21dbef1e30433c40ed0e32f32f1d01f23dd31fff2c012b3e0cc7e14125ddecef
232c03f01a11e05fc312123ef2c0114f61022dd10dfffda3f11fd220f12cffe2
14271f2100bce1ee2432f01240e130d02d4c25bd0fb1f3cccfdc2c4fefd401d1
be013f24c4e02e00145d20315f02cc13fdf0dcec22f3ee20c1dd11de5104dee5
c45150fe22c251f5bdfbf72fb30ff260ef0e044a0132dfd02d1eadc1f21dd011
e22c3d704eb4001a0c3236d2394f03fbdd030ebb3fe2f9ef1fc11e95236f1d1e
fee4e113cf0bc4a1e036031f1f10d232f10c14012ff32f1c015ce1315cdf33db
011001d4cff314b1331222f3f3e40004a13b22d321eefe30fc2b0e011cd52ffe
f4c00010cbd1125003e200c1c06ff2d2ef4fe1d2f32dfd4c1ff143fd21ee1e21
dd2c010f31034922111f34f6c01d2f1f203e2e100d23feb60fbdefcfe430b02e
cc30100d21e531f10bfe05f0210b1f2ee2f1cde23d50fef22ee41fae352f3d0e
10f0ff2de03e31e0c1e0ee02ecfddf110c3fc10ce333fd31f3d001f220cd3f5e
1116bed0eb0002a420f10fcdf32dfcbdfe72c34c14eddf61b61e4021d0b444e5
1ede2f3e31301f2ddee0ddee232eecf1e0d1e101dce1fed25d461fddf2cfbc1b
d51c1ff0fb3bf0fbb1e1ab10d1d21300e40ffe20ed2300263c00023160d032a2
20210f11fef200a0fc0ef4f16defbe4d0dc3111f0d42d0ffad4f01225cfcb6eb
123d02dde211dc0f1c0c2f30120a22ec3d510e422e10e24e1a053fee33fe3bec
4d1fef1d0cc2d5e125fc1cd2312e41ad0441d24f1dbf13451135533fe21e0cf3
1001fff3fe2dffed0d042fdf0f21ed12d1c1000123f1ffccde2bf1115f4e0021
de12d102ff40203134f30c1f30fdded1c0ebd240e5e1c202de1b22411e0134f4
01f00cd14e0ffff1ed1e2c004135dd0d320d0ef5ee13a0e1fb0fc030f24fddb3
c4112d13fdc3e20ff0322c2e3052e30e212321d52e50df1bffce02f012dedc51
d1205e0dc39e3dee10511f00ed40e134ae1daefe112cf1f294cc0ec17e215eec
3e3020022cdc03f3251f511fd0f0e0f1234e13f4d301c201c4c2e0ed1ef354b0
2220de0011d2deff41fe4e41f00c2d20ea43ef310e32042d0d111f4e12e5440b
cd090d4e0f2f5d1c0ceee302fd02f74d0ff1fad01ef41cb502c4ccb0142a2cef
f0e13c11d2cef1ffccc11fd1d22d3040c13e1f0222d4300c33d1e2b321eef13e
1211efeffe1f109c14c21cdd34d43311fe3ebf41e3cb4fe2d50f221321e00f60
01e1dcef3d44014400d0100501e00f1fd5f30e24cf4e1d0ff1eef30ed04d2d0d
0f10f633fb1bd5bf21d4fd0911331f02d320d30f33fce25f23e302133013fb1e
e20e2e1d7e0f3effe2c00d23b0d534f0020304ec110031e250d5f20f1300c020
0001fefffb05000404fe030105fd0403020500fe020404fefd0202fefe0404fd
fa04fcfe00fb00fc00fbfe020206fd0200fe01ffff0504fc01fc030500fffefe
fd02ff03fdfafcfa0106fcfbfdfd01fa03fdfcfc03050102fc0300010002fd05
ff0503fe05fd03ff00fe01fc04fb01fc01fc03fe06fa01fbfc03fe04060505fb
01020204000502fd03030001fffc05fafcff0401fc0301fc0000050001feff00
0305ff010001fefefcfd04fe00ff05fd04fa04fdfbfa05ffff05ff03000102ff
0106ff010402000300010603fe01060103feff06fb01fcfd0303fe04fe030301
fc0100fc04fbfc00fff9fb0202fffffbfd01fc0506fffe030201fe0101020300
fbfe010006fd00ffff00ff04fdfb060204fa0001fb05fd000403fcfffe02fffe
fcfffcfefffa01fd04fdff01fffb050203fc02020001fe0105fd0702fef9fdff
00fcfcff04fefdfe0300ffff04fbfc05fffdff04fcfd00fc040500ff040102ff
fe02fb0005fd02fc03fffdfe03fc00fe01fdfd0400fffbfe03fc04fefcfc05fc
fefdff0504fcfc03f9fd05ff010501010005fbfe03010203fa00fb0005fffe03
04fc04fe000401fffefb0400fe0705fffbff0400fefc00fefdfef9fd0405fbfe
0505020404010403fe010404fe06fa010203fe0302fb01ff05fdfffffc03fd05
00fefc02ff05ff030404fa04ff0405fdfffefbff03030506040304050303fdfd
fffe0004fffdfd0003fbfc000100fb02fefbfe03fefcfbfefe05050505fefe06
fbfa0404fd010301fffcfefbfdfc04fefffa0400fc0002040000ffffff01fe04
02fdfcfffcfbff010303fb0000fefb00fe01ff01f9030200fe0106f9feff0301
030601fd02fe0101fc020102fbfdfdff03f90403fe010501fdfefcfe00020005
05fbfbff020100070403fe0402fe0000040200fa07fe04ff03fffefefcfb04fc
fcfcfb02020403ff0002fb0502030301fc050102fefcfb02040400fb06fffd00
faff030404020702020300020603fffd0002fa03ffff04040203fdfafe020001
0002fdfffcfffb010504fe00fc01060400fcfc04fb0107fe00050406fb0006fb
000403fd02feff000501ffff030401f90004fcfb0602fb0300fcfc02fdfc0403
fe06ff03050103030503fcfb0006fffcfe0204fbfeff01000205fafdfc02fdff
040105020400fbff0004fd030601ff0307faff05fefc0401fd0001050300fc05
00060001fc0101000103fe010405fefafffffbfffb00fdfc03fcfd04050005fd
fafafc03fefd020604fbfb04fffc0602fe04fcfcfb0505050204fd03fefc0603
01fb04020205fefc05fb01fe03fffd01030002fe040305fe00fd0502ff02ff03
fffd030201f9fa0001fd02020304f9fc0200fe05ff040501fd020103ff020403
fbfc00ff03fe04ff0300040201fb04fbfd050303fa03fd03050402fb0404fb04
fcfeff010000010405fb02fb01fd040602000000ff0401040202020405040205
fc07fcf9fd0200fcfc01fa00fc0402fefc02fe0200fa06ff01fef902fc02ff04
05020405ff00fffe05050104fefefefefcfdfbfe03fa03fe0104020203fe03ff
010000f9fefb04fbfff9fffb06fbfef90204fdfd00f9fffa02000305000100fb
fc05fffc02fafefd00fdfefc010706040205fefd05ffff04020003ff04fbfb03
05fffe04fe00fdfefffc01ff010101ff03fd0103ff0401fdfe03fefcfefe02fa
0003ff00fcfe000102fefbfbff0200fd020003fcfdfffb04fb05fc0300fbfc04
040402fbfafc050604fefafffafd010104fc0601ff020002fe03fe0700fdfc03
060104fff90601010001fafe04fe03f900ff050405fcfefffb04fc06fe050600
fdfbfcfffd05ff03fefbfc00fb04fe03fefc010003010504fefdfffb0302fefc
fe04fcfffffffcfd00fd05050106fb00030506010100fd0504fcfeff02fd0502
07fdff010605020400fa0704fafb0107fb02fafefefc0500fcfe05fdfe02fcfc
fafb04ff05fcfefefd04fbfafe0403ffff0305ff050100fd0305fcfc0003fd02
020201fcfcfb01fdfdfefb04fefa05fefe00ff05fd01fefd00ff00fd0303fd00
03fe02ff06ff010305fb01fd03fbfbfe01fb0205010203030002fffb030101fe
fe030101fbfefb0003fe020101fe02f9fefafcfcfcfafc03ff010001fc0405fb
05fefbfe010003fffdfe0003fffcfb05fe04fe0502fb0203fdfffa01fcfd0301
f903fc030003fd00fc00fb00fd01ff03ff02fcfd0304fcfdff03ff01fd04fd00
fcfafffe050302ff03fe050007040603fd0605fc03fc0500fdfdfcff06fcfb04
0100020102ff01ff01010100fdfd05fdfffc05ff05ff01fdfd050202fefd0400
020000ff02fc020402ff04fb010500ff0300030305fffa00fdfd070402000203
0500fcfbfafffe05fffd0304fd01040204fe00fafb02020003fb03fbfd00f904
fefc000400fd02ffff0604fdfd0003060106fe0101fb01fe03fd040100fffffd
fdfd04fcfe00fe030207fc01ff01fa02fe04ff01fd0000ff05fd02fb02000406
0004ff020500fffdfdfe0401fd040102fafe03020000fafefc00ffffff000006
030503010101050403f9fb04fafd0003ff020200020004020601f905030103fe
f900fffbfafd0105fffefb040102fafcfefffeff0202010101fb04fcfefdfbfe
030103fc0402020404ff01faff030105ff0404ff0205000005f90506fd01fe01
fafcfe00fd0002feff050206fd020202030404fc03040305fcff030003020205
030201fe0103fc0105fd01fdfffd06ffff020404fcfbfd00fffc020204fc0100
0003020604fdfc0505ff03fb02fafbfbfdfbfefcfffdfffb02ff00ff03fffc04
fdfefe06010002fefe00fffdff02020400fffefbff050303fc040204fefe0303
05f90203fa03fefe03fbfe00fdfcfb03fbfdf9fb06fbfe04fbfcfc0001fefbfe
fc050005040202ff010201fd0201ff0303feff030000ff030304040600060305
ff04fb040602fefd00000302ff0105fd010401fbfcff000500fafd00fe03fefb
01fa03fd01ff03fcfc04010204fb01fe0300fdfd040103fdfe000602fcff0402
fe02fb02ff01fefb0407fc0000010107fffdfffefdfffc04fcfcfbfe00fffcfe
01fd04fdfd03fcfffbfbfcfd05fc0406fcff0203ff05ff03fc04fefe01010000
fefe0400fe0203fd03fe01fe0506fcfb04fffeff05fbfbfb01000403ff03fd01
0603fdff00fc0401fefffcfbfefe0005000303fb010104fc0000000604fc02fb
fafefc02fcfafd03fe00fcfb04fdfbfefefdff0400fdfdfefd04fffe0103fcfb
04fdfcfbfefffe02fd0201fc07fffdfc03fc0401fcfd0206fd01fa020104fa04
05fd00fdfe00040100ff00fffc0405fefd05fffefffefc0303fe03000104ff05
fbfb040503ff05fcfc0302ff00fc010401fefffdfb03ff0404fc0402fd040201
05fe02040005fc000003fc000103fb01fd02fe040000fcfffffb02fe02fdf9fb
0002fe04fd040301fb00fe00050003fb0404fe0105ff0304fc0100fefd030100
fc04fa04040001fb0007fc01fcfe00fe040403fcfb04fc04fcfb00fe05fc0404
ff0301fe03fe020000000100fe00fc0100fc0400fe01020104fd020203ff0307
ff02fd040001fe020501fcfc0102fd010006feff0202fe020500fafb01fcfe04
04010103fd00fffc0305000304fffeff03000101fdfe020601ff00fffe04fc06
03fdfe01fbfc02fa02fcfcfe0205fefd01fffc00fc02fd010401fc010305fdfd
040302030100fdfc020503fc03fa0106fd04fcfcfb01fd04ff05020301ff0205
fd0101fffc03fefefe07fdfd03040200feff05010200fd00fa03060100ff01fe
fffefefbfc00fe03fa05ff04fdfd0500fefdfafefa0402fe0201ff0003fb01fb
05fcfd02fe020000050102fbfdfd0105fdfffefe030002fcff00040501fffcf9
06ff01fc06010104fffe04fd06040504030102030202ffff0404fcff01fd0306
00fe0403010304050100fdfc01fafe0400ff02040502060007010005f904fcfe
ff0602ffffff03fb05000303fd0005fe0202050005fbff03fd01fdfb01fffbfe
01fdfafd0404fcfa03fb0104fdfdfb01fcfefcfdfffcfcfbfc01ff0500fc0302
fb0100020101fdfdff03fdfffc0203fafffcfcfcfcfcfd0104ff05fc02040106
fcfefffc01ff0001050301fb020201060006fd0200010501fc0403fe0205fffb
03fb0503fd000102fb010405fe0100fe00fb04fd00fc050103ff0203ff040205
fd010300fefcfdfbfafdfc04fd000404fffefd04050503f9fffc05fdff03fafe
010603fafffefe03fe03000403fd0104ff0401f90204fd03fd0200fc020305fe
01fefb0104fdfc0306fe00fc0505fe05020502fb03000202fc00050600fdfcfc
03070004ffff050003fd0204fe0204ff0200fd02fe04fe0506ff0000ff0101ff
fe0101030004ff00fefffa030305ff02020101ff0103ff0301fffb010202fd03
0005fefd0204fdfc03fd0407fafe00fc03ff02fdfb0400010202010302010000
fd03030402fc04fffe010101fdfe060501030304fefdfd04fafc0205010103fe
fffefe03fe02fbf9fd010306fdfe00030102fe07fb0703050004fdfffd070205
0002040705fefa03fd030402fcfefcfefcfe0206fe0000fe0200fdff05fcfafc
fefb0002fbfd020306ff0302feff0206fffbfd06f9040103fe0605fffdfe0500
0301030201fe02010605030201fb03fbfcfffefd0500fe0202fdfe040403fcfe
fc05fdfffdfe010501fc03fffdff000401fb000200fdfb00fe030005fefefdfb
0204fe01ff01fdfdfcfefffffc03ff0003050002f9040103fefdfe0002fbfefe
04fefcfc0404fefc0501fb020305fb04020203fbfffb020001010504fcfdfb03
fdfd00010301fdff01fa0103fd03fa06ff01fdfeff02fc050405fe01fdfcff00
02ff02fdfb030205010504fcfefdfffffefc0403fc02fffcfd020201fd03feff
010305fefe030404fb04020404000500fc01fdfd03fcfb02ff01fafefffcfcfc
03fcfbfc05020201fbfe05ff03fcfd00ff0302fa0303fffffdfd020302fd0104
05fa070002fe010606fc000405fbfb0005ff05010004020505060304ffffff00
0206ff01fdfd05fcfefc07fc0304fb05010402fcff0102fd00ff0604030202fc
05faff030001fe05fefc02fefdff000402fc010405fefc0202fffffd04fe0503
fffe00fefcfb01fe0004fd000303020403fffbfe00ff02fb00ff0501fffc0100
03faff0204fcfffc0006fa040305f9fa05fffefdfc02fc06fdff0201fdfc04ff
0405fb03fe0204fb06ff0504fafcfe0001010200fdfffe0103030403fefc03fc
0104fffffcfe00030404fefffcfe04fe00fc050506fc040400fffe00fdfefcff
0401fe07fc05ff01fd03fdff02fcfdfffe01fa05fd0403ff0305040303000305
05fefefffdfe03050400ff010004fc0304fbfbfcfd020004fd010004ff020104
00fa01050106fefc020404040103fdffff0500fffb0202fcfaff04fafe00f9fa
fefdfb02fc02000403fffe030406fafdfcfe0205fcfdfdfbfefffd02fd020202
fb0304fb0001040204060006fdff0202020204000103030001fc03fa01040404
fc04ff04020302020300040001fc02fbfe05fa03fe02020202fe0005030605fc
0405fc01020303fc05fffd010304f9fc010104020402fdfcfc0204f900fffefd
ff050003fcfefcff0401fcff04fcfc0400030200fd0204fe00000400fdfc03fa
04fdfe050505fafefbff04fd0304fe03fc03fc000204fdfb0301ff0200fdfd02
fd010102fb020404fd0400fefc0201fc03fe0004fefe010300fefdfcffff00ff
02fffb000205fc03fdfc02040603ff03fc040402fd040402fffcfdfd010200fe
03fff9fd0500fb05fdfefe01fffb0303fdfbfefb03070101fd04fe010603ffff
06050101fffe0102050003ffff0201ff030301feff03fefe00ff02f9fa010201
01fb010001fe01fe0500fd02fd01fc00fe0103020303fc030203ff05010402ff
010105fe0203fefffc0501fefcfe0306fc0404030401fd04fd070304fbfc0204
0302fc01fe03fc0400fe05fafafc01f9fe0201ff0303fd040203fc0402000103
06fbff020402fe01fb000301fdfcff00ff06fffff901fc0103fa02fffd0302fe
fefb0001fdfdfcfefa01000001fb0602fcfdfd04070305f902fd010402ff0203
f900fbfc03fc0204fd01fd0102fc02fe01fd0503fefc0105fd00fe01fc01fdfe
01fefefef9fa03fefe0301fa0400ff050500fb00fefbfbfefd0305fdff03fefe
fefdff04fefe04feff02ff0400fbfcfbfc03fefc03fb020602fb01fd010200fb
fb00fa00fcfb05fc010103fdfd03fefc00fafa0006fd00fc01fc0502fdfd03fc
fe0207fc03fbfbffff050404fffefd0003fefdfefc0100fffbfffefb0300fd01
fdfdfd0002010405fd00fe05040501fd02ff010306fffb03fefcfc0107feff00
fdfefe02fe0405fe030001fafdfffdfd010205fffe03fe050000ff05fcfefefd
0002000200020400000303fc0104fafc01fdfffefffcfcfb02020403050102fe
0000fc0404ff04fc06ff0704fbfa050103fc0301fe0001ffff01fd01faff0305
0300fa0004fcfe01fc0101fbf903050004020104fd01fcfb0406fc02050103fd
01fcfdfe02fb0506fbff030502030205fc01000004fd0706fd030004fb03fcff
fd02fd03fd0204fefb01fa0606fb0205fcfefefc04ff04fbfdfb02000203fd01
0200fbfdfffcfb0401faff01ff0001fb030204fd00fcfeff020401f904fefffd
fe03fc0000fbfefb07fc00ff0103fc03fefbfcfe000001fc01fb05fcfbfb00fd
0400ff02fbfffefd000403050403fc00fb0001fffdfd030400fbfdffff03ff03
0405040000ff01fd04ff00010206fdfefdfdfb0100fb00fdfd02ffff03060005
ff00fefdff0103fb03fdfc0105040200ff0103fb01fefd04ff02fe050405fefb
fefdfffd04fffd010100ff04fd01fe02fcfdfffc02fc07010004030401fff901
fefefbfcfc03fbfefbfb05fffc010104fe01fb000005fcfbfefdff03fb040200
0402fffe0102fffc000101020007fd03fdfcff0304fa020106fa0203fbfa03fc
00f9ff0500fd02030006fc05fc0005fcfefbfe000200fd0505fcfffdfffbfbff
010300fe04fbfefffafcfdfbfe04fffd04fdfbfe06040301fc01ffff03010503
020601fe01fefcff030000fc03040102fb000204fffefb02fc0000fb05fcfc06
0401fcfdfffa03fe0300fbff0001fcfeff07fffcfe050203fd04fdff0100fcfe
020503030204fcfb00fe06fdfd0302000501fe00fb03fb020201fcfdfbfbfdff
fefe00fffcfbfcfc03fd0506fd0303fffc04fdfcff01feff0602fcfa01000402
fd03070501fe0201fb04fcfdfbfaff000302fffb05f904fefc00ff01fc0707fe
fdff0001fbfdfffe02fe040203fefdff0304fd04fcfc0501fa02ff0205fd0400
03fc01fd03ff000005000003040002fd00020400fe010203040003fb00fc01fe
fe0401ff010101fdfdfefefd01fd0204fdfcfcfdfa03fc01fc03fc0200fdff02
fb02fb01030401fffd0306fdfd03050002fdfd00fe00fb02fefd0303fd05fdff
fe02fe04ff06fdfeff04fffdfe05fbfd02fe02fdfc020000fd02fefcfe000401
fd01070301fd00ff01fc03fbff04fe03040002ff03030101fb00ff02fc010204
06fbfb00000200ff03fffafd0002fd0002fd05ff02020204fbfa020401fdfcfd
01fdfefdff030306fb03fafd060404030103020304fd00fcfbfc0204fdff0004
02ff03fe01ff010403fcfa0503020200fffd06ff040200fe02fd030400fa0100
02ff05000204fffe01ff040302ff04fdff030506ff020001010505fd02fb0307
03020404fbfcfd0203fb020401fb040305000100030204fd02fd00fc02fdfe03
fafefffffb0105fcff00fcfd03ff0001fefdfa01fc0105fd010200000407fffc
0406fa030004fc020401fefa0004fdfb02fd0001fbfe04fd030302fcfdfd01fc
05fffe010101030201fa00fefc00fd01030404fbfe02050302fefcfa00fb02fb
0000fc0003fcfb030101fefbfffc0204ff02010505fc0401010202fbff00feff
ff01fd03fcff04ff01fd040103fc0405fe0405fe03ffff05fdfefd02fefc04fb
0302fdfcfd0204fe0000fb03fffd04fb0300ff0405fdff00fafffd0106040305
00fb02fe0000fe03fc060600fd00fe03fe03040201fe0004fd01020604050002
000400fdfefd0203fa0403fffafe0400fefe0203fdfffc04fefffe0002fc0001
0204fefd0200fd04fa05f9030401fcfdfe02fefcfc0001000302010205060400
fffe04f90100050202fcfdfbff04fd04fe01ff0402fbfe020707fd05fbff01ff
04fcfd04fdff030203fe000102fefefd04fffc00fd04fffefd02ff0101fafd01
02fdfafbfb0704fefffe0201fefc05ff0400fd010604feff03fdfb0402ffff00
02fd0201fdff04fe04feff02fbfffbfe02fcff01fd030103fc040504010303fd
040100030004fe0100fe0501030202ff0303010700fe03fdfc060402fefc00ff
0404ff04020101fd00fefcfd02fefbfd030004fdff03fafdfc0003fbfffefe03
0102fe0204fdfb0002ff030504faff0304fefd02fdfb0301fbfffe00fc04fefe
fdff0101ff07fef9fcfffafa03fdfbfc0504fc0304fc060104ff000002010403
ff05050104000500fdfb0401ff050200fd05f9ff030405040302010003020202
03fdfbff04ff03fdfcfe05040002fe0301fe0101fcfb00fc040004fb02fefc03
fd050002fd010202fcfc03fbfe00fcff04fb050101fcfc02fffc01fdfffafc03
fc0200fcfafdff01010000fe01fe06fafffe01030205fd03fcffff06fefd0004
ffff03fd06fafe00fe02fe00040500f9ff02fcfffafefd00fdfb0102fcfd05fb
fa0002fefe04fe02fdfffcfcf901fffe02fc07ff01fb050005050301000203fd
ff0301fdfc000204fefcfefbfffcfc0103fd01fffb0600fdfefc0001fdfb03fe
0503feff0601fbfefc0704ff0302fa0404fb02fb02fefc01ff00fb01fd04fd05
0003fbfefb00feff0100fefbfe05fd010304fcfffd0200fe00fe04ff040404f9
0004fe00fefb03fc0200040000fc030204fe0501fe04050403fffeff00010001
fafdfa02fd0400fe05fbff0201fc0102040206000307fbfdfbfc0504fc010002
00fd0403000104fcfcfbfbfa04fb01fffc05fc03020101fc02fb02fe01020300
fd0403000303fcfdff0102ff00fbfcfefe03fdfd05fb000004030300fc04fd06
ff00070201fcfefefd04fefe0405fafeff04fb05fe00fdfdfc0104fe04fe0101
03fefa01020002fd0306fc04fc0403fcff05030502fefd010201050403ff02fd
ff03fd000505fdfc02fe0104010100fe010103fefa0203fe04feff02fc0701fc
010600fd030200fffcfffc010500fb00fe01fdffff0007010300fd00fefb0004
020201fffe00feff04fffe05fd0101fafdfff9fdfdfdfbfd07010100fc01fe00
0102ff020400fa01040401fcfe030004010102fdfdfafd05fffdfb00060106fe
00fe01fefb01fd01000500fa00fa00fd010605fd0302f9fcfafeff00fdfe01fe
fd01fd0202fbfdfc010301000201ff0203fe040002ffff03ff0203020503fc04
fe00fc01fdfefffc03020501020001fcfffe0303fd02030105fcfdfefc0200fd
02fffefefc0604fffe030604fe00040304feffff02fd060601010001fd01ff01
01fb020104fc0001fffffbfe02fffc03f9040602fefe040005fffbfc0401fafe
fc010505fefbfdfcff01fb05fefe01fafaff03fa00030106fafb00fefbfb0004
01fdfbfc04ff01fe06fd030701fd01fb040302ff04fe01fd01fbfe0205fbfffb
05fbfefeff05fc04f90400fe020203fb0504ff03fdfb000103fefbfc050402fc
040504fefbfd05fa07fefe050704050401fbfb05fe01fd0304fd0005fbfb00fc
fe05ff00fa01fffc0501fefc06fdf9030405fb02fa0005fe0202f901fa0102fd
fbfbff01020301fd050102fcff0106fd030302fffcfefbfdfc01fc0404fdfc05
0002fb01ff0201fd01fffefe00040205fe02010102fe010100fb050003fb00fc
07070101fdfeff05fdfcfc050005fd0602fefc06fe0003fbfd03ff02ffff0202
fb0003fe020302fdff0201fbfc030205fdff0403fdfb0002050104fe050103fc
feff01fbfe04fe02fbfb01fc040203fb01010300ff03fa02fe00040006fcfcfc
fc0503020202040100fdfd05fa00000600ff01ff0203fefc03fdfcfdfcfe00fb
fdfefe0202040400fbf9040506fdfcfdfd010203fd00ff0203020301fb030001
00fdff020001fffcfeff0703fd05ff0000fdfdfd00ff040101fdfdfcfc04fb05
fe02fc020301fe0300fe010100fdff020500ff020302fd050102060006fc0303
03000502ff04fc02fcff0400fd0605fcfa06fcfdfdfe06fe0202fbfdfff901ff
fb0404030205fbfcfffe050400f9fcfcff0500feff00fd040004fdfbff020202
fe0200fdfe03fdfffdfe00fc03fc0302fd01fd0101fb0103030503fffbfcffff
fdfeff0004fc00fefefd00fdfd03fdfffdfd04fffc04ff03fbfd030102030403
fefdfefe00fdfeff060502fffefcfa02040402fdfefd00ff01fcfefffdfb03fe
00fa0303fc0400fdfffefd0100fbfffe0002fdfa01fd050003fb020000060000
010005040304fdfefc0101fe0401fd0202fffdff04050001fdfb0400fd000201
ff010000fafe01ff040503fe01feff0103fefcff02fefc01fffc030302020104
06fe00ff00fc0103fe020406fcfcfdfc01040301fc030002030300ff010404fc
02fdfefe0100fb070401fbfc0406fd05fd06fe01ff010101030003fdfdfafc00
04ff07fefc020405fa03fcfafafe0000fe0401fcfdfd02fffdfffc020304fc04
fc00fffe020505fe0603fb02fefffefbfdfafafcfdff030200fa01fe01fd0103
04fbfcff0203fe03fbfffefafefe0006040102030400fefaff01fffc04000304
04fdfefffcfcfdfcfe05fcfa0105040606fdfe04050504fcfb00030000010002
0101fefefffc070405fafef9fffffdfe03020205fffefd000601fd0001fb0302
fe04fe01fffefefc05fefefc000004ff01fefb02fdfb0205fc06000003fcfd00
ff010301fd0503ff01fc030300fffafe02fc05050405fefdfafe00fc000201fe
01fe06fffcfdfbfdfdfffffffd00030500fffc05fd05fffbfb00fcff0101fc03
0001f900000103fd06fb05fe04fbfdffff0000fe0404fcfdfcff0003fe03fffd
ff0006fcfe010001fdfe030302fdfe00fbfc01fd060502fcfefd00060201fe00
000104ff05fc040003fe01ff0301050504fffffbfc00fa03000500fefbff0102
05020300fd00fe0200fa0402fb01fefd04ff04fdfe0401fdfe04fffefe010101
ff04ff010105fcfd0501fc0400fafffb02fcfcfe06000401fd010300fd030003
fbfd01020102fd02fefe020600fcfe010305ff03f9fdfe0302050000fd06fe04
0100000003fbfd00fcfcfeffff02fefe04fc04040402fffc01fc03fdfd01fefd
030401fffe04ff07fa01fbfc0007fffcfb0000fdfc040302fe030303fc0103fd
0402000402fe02ff060305000206010100fa0603fb03030103fbfffe02fffa03
02000000fefc00fe03fcfd02fe03fffb01feff01fd0503fafffefcfe0401fc04
fcfffffafc0400fbfdfc04fefd00fe05fefcfdfc0306030602fffbfd0705fafd
fe0001fffe00ff07010402fefc04fb02ffff000404fffd0404fe01ffff040102
fc0201060600fefefd0302020302ff06fcfffb0003fffffafd04fffd00050603
fbfdfc04fe00fdfd050506ff03fdfefd0001fe0101fd00fefeff02fdfcfb02fd
ff03ff0003fe00fd01fcfc07ff01ff0303fb03ff00fffdfd05fe06fcfcfbfd03
01fffd0205faf902fbfbff0001fd0300fbfc0306fc00ff010400fdfefdfc05fb
03040504fefe0400ff0106fe04020003fb03050501fd000504fd060203fd0405
01ff03fd030500050101fe01fcfdfa06000105fcff0102fd00fdff00fc02fdfb
0302fc030104fb010304fdfe07ff00fdfe03fcfffc010001030201020404fd03
fdfc010204fc01fd050204020601040403fafa04040100fa0403fe0205ff00fe
0100fe00fc020200fbfdfdfff9fc04fa04fdff04020502fbfb0404feff000102
020501030003fdfeff03fa0101ff04fffcff03fb0300ff060101ff030200fafe
fefefffdfdfbfdfe03fd0402fd0105fffafb030104f90001fd01fe0401030703
ff00fefd040201fefc00fb00fb040402fd02fefbfcfa0301fc0302ff030107ff
05fd01fffdfe01020104fb000202ff06ff0105040106fe05fe010305fffefbfe
fbff0605000504fe02fe030405faff01fffdff000304fdfe0200fefdfc03fdfe
020404fefc050403fa00fd01fcfd01fffdfc0504fffcfcfa03fb010101fb0503
05fc03fdfffe02faf90301000602fb02fbfa00fafb040204050104fbfffefefb
ff02ff01fffdfffcfc010002ff0101fa00fd0103fc06ff030302fffe040200fc
fffffbfc00f9fb03fb04fdfbfdfc07fefa060602feff01ff0207fd040200ff02
0304ff04fffcff05000206ff030103f9fcfc0202fcf903fefefd01fd05fd0106
05fbfd0201fe0301fdfffa000305030501fafafcfffcfd0200fdfe01fc030300
050100fc05fffa01fe03fefcf90506000200fb01fcfb0304010101fefffe0404
fa01fefc0301fe03fc02fe0000fefbff06fefb04fffdfe020002fe0102fb0004
04ffffff02fffd02fdfe060400040105030403000003fd02fc0200fbfdfefd06
0100fc03fc03fefe0204fcfefbfe0003fc02fc0201030104fc04020304fffffe
05030104020003fcfcfd0003fafffefe03fd01fd03ff0401fffcfbfbff02fe02
04fefe02fc060003fbfefc0001fdfdfd05fffc040605fd04fe0307fcfffeff03
02fd030205fdfdfcff02030503fbfcfe03fd0000fa03fc00040000fdfefb0302
fc0200010301040004010000fc03fc0200fe0001ff0302ff0202ff05fd010002
0001ff0304fffe02fbfe04fd010200fcfd03030203fdfe04fafdfcfafc0406fc
fdf9010201ff04fefcfa0305fe02ff04fffe04fffd0600fe05050200fe03fffd
fefd010302fc00fcfe00010303fb03000201050505fc02ffff0405fdfe0501fc
00fefd0306030102fc01f9020602000202fcfd0102fcfd03fbfffc060306fc04
0404040002fbfffdfe020300fffe0004fcfd0302ff03020703ff01fdff01fd03
03fd00fefefc00ff01ff0603fbfc05fffc05fb0202030101fa00fcfc02fd06ff
fdfa03fbfd000201ff01fe02ff04ff000202fafafa01020105fcfe030105fa01
04fd01fcfefc010403ff03fcfb03ff0502fc05fd0502fd030002fe01fc03fcfb
fdfe00fcfb0103fefcfbfbfe01000101fd00fefefd02ff0703fbfafafffffaff
fafd010203fdfdfb0300fdfefb05fd0002fffffcfc020205ff01000005000005
ffff0105fd0305fffb00fe0401fd000504fe0102fcfb0301fdfd0500fb040306
fc000103000401fd00fdfb03fc02020303fc05fefe020300ff0201ff04ff0102
fcfefdfe010004fbfcff040003fe01ff00fc0604fefefd02fffdfa020001fd01
0303ff05fd02fffcfc0302ff0000fdfcff06fd00ff01fffc010403ff02ff0205
fdfffc020003fdfbfc04fdfb03000300020201ffffffff0103040604000002ff
00fcfc060405fcf9fb01010206fdfeff070007feff04fb00000102ff0302fe02
fd01fb06fbfcfffb0103ff03fd01020003feff050202fc03fd02fd05fbfc0300
010102fffefe04fffd0200fe00fefdfe00fd02000403fe01fe0202010001fb00
000601fd03000306fd00fbfd05020000fc050501070600fd01fbffff03fdfafc
fdfbff0302fc0003fefffc02fefc01fe030500fafb020400ff02fbfcff0002fe
02fdfefe04fc0102fd0405fd03ff0003fbfbfb0302030001fc05fb0100fbff00
020101ff03fe0404fff9fc06fc000004fffd01fdfa01010200fc00fbfdfcfafb
010501fffefd0002fb000403fb05020101fb0704fbfe0000fefdfc00fffb00fb
01fffffd020400fd050505fd0302000301ff02fbfffd0003ff0105fcfa050402
fc04f90102fd020304fdfe05fb03fbfeff0104020403fdfa00fdff0205fd0100
fb000101030101fbfd03fcfafefe04fbfffcfa04030004fefdfa00fbff000305
0302010102fbfefe05fe0300fd05fe040503fcf9fb05030502fafffbf900fdfe
03fd0002fa05ff0004020301ff03000405fd070004fcfffa0501ff0202fc00fe
ff0203faff010201fe000205ff00fcfffefa0301fe00fffdfdfbfc03fefd0504
ff00fe0302010101fdf9fd02fefbfcfc00fcff02fefc03ff0005fbfc0102ff05
fcfffeff02fe0502fd0303fcff0101030001fd000405fffbfc030200000301fa
00fe01fbfbff0303fe04fbfbff02fefcfe04fefb00fbfe05fc0304ff04010600
01030400fbff0500fbfc04feff0605fe0302fffcfffe03fafdfcfffffc00fcfe
02fdfbfdfffefe02fd0001fafcfc0002ff030407ff02f9fa03fd0106040100ff
00fffefc00fcfefefcfdfe0205fdfcfc02fc0304fe02fcfbfefd030303020302
fd020102fd00fe01fb060401fcfdfd01ff0600ff01f901fffdfefa00fd0405fe
0406fd0003050300000102fffc02fcfd04fcfe01fc0202faff0401faff0305fe
0003fc06ff04fd05fdfffdfdfa0202fa0105fc02fffdff0500fc00fefe020001
01fd0104fffbfaff02fd04fc05ff05fcff01fdff0104fcfdfd0001fbfe02feff
ffff04feff0204ff00fd0206fd02fcfefefb04fefdfb040005000102ff00fb04
0701000105fa04fcfdff05fefffcfc01fd0405010306fcff0401010402fcfd02
fbfc04010402030002010300fdfdfb040102fffa0501ff0700fbfc04fbfffbfd
fb00ff010006fffd03000503020204fd00fefb02fdfbffff04fbfefefdfffbfe
ff04000300fcfbfdfbfbfcfe00fd05010400f9fe03fdff02fb010204fe050600
03fcfcff01ffff00fe01fcfb01fd04fffb0501fefffd0202fdfffefd03feff01
04fdfbff0305fc0405040000fdff00fcfc05fb06fdfffdfdfffefefe0002fefc
0106fc0302ff000001050303fbfe03fefb06040102fefd00fdfcfffe01feff04
02fffc04fb020005fdfd00fe0205fd04fe05060404fcff030000fe0104fffefb
0406fd03040003020106000603fc0401fc04ff02ffff01fa0101fe05000203fe
0204fb02fd000102fd02050001fcfcfc02030401fb020302fd0003030104fffd
040000fd0402ff04020403ff0604fe0002fcfa05ff01030007fbff0203ff0003
fdfbfe04fd04000000000601030504fdfffafffb01030202ff02fcfbfdfe03fd
fffdfffffdff04fd010403010504050203ff0001fefeff0305fffb02fffbfefe
010603050405060000fbfefd00fe05040303ff000305fd0101ff01050200fdfd
000000fd0205ff04fc040600fc0204fffd00050005ff0001fe0205ff0300fcfe
0402fc0101020103fd00f9fafdfafefe050102fe02fc020201ff0602ff05fdfd
04fd020503fffa03fb00faff0600010400fefdfefdff02fe0100fffbfe040003
fefd02030606fd04050105fcfa0705fd04ff05ff02fbfe0002fefdfd000000ff
fa05fcfd05000307fd02fa02020204fdfbfb020304fc0103fb01ffff04ff00fd
ff06ff03040002040106feff050200fefb04fefd03fcfefef90106f9ffff0705
0505030305fefb0202fffa0406fdff01fe0704fe0506010501000505020504fc
04f9050601fcff04fefcff00feff04ff04ff060304fefcfbfd03fefc02030302
02fefcfcf903fb04fc03fef9fffe02fafe00fe0204030503fc06fcfffffd0602
fffd01000000fffd04fafc0402ff02fd02fc01030001fcfcfcfefc040504fffe
0403fefbfffe0201fc01fefdfbfffc00fd060202feff02fa05000505fe000202
030602fdfc01fefa0602fb0705fc020200fd0200fefb02060001fefe0101fefd
fc01000400fe04050504fe02fd030405fdffff0302fb02ff020403fe03fcfefc
ff0100fd04fffa04fefd0503fffdfd03fc06fd05ff05fdff0503030103010103
040400020501fe050101040704fa040003fb0303030001fbfb03feff01010102
fffefbfffc01040204fffc0300fcfcfbfd04040201030301fa02fe02fefe0303
04fefdff0000fbfffd0203fef90505fb0501ff0102fd0402fdfe010102fd05fb
0200000305fd01fbfc01fe0402fd02fdfbfe050105ff03fc0001fffe0100fe03
faff050000050606000200fe0101020102030001fe01fdff02ff05fafa070507
03fb04fd03fb03fcfffffbfb0103fefffcfcfafd00fdfffefdfe04fcfe020402
fb0300ff03fcfc050002fa01040204fdfd040501ff02000104ff010200000305
01020100030203fefefbff03fb00fcfb050103fdfbfb00ff030303feff02fffe
0202ff0302fe00fe04fe04fcfb03fefdff030301fd03fffc03060101fd010304
fefffd03fffb0103fefb0503fb01fe00fffd06fcfd0304fcff04fc0500fafd01
fcfdfb0001fe0105fffcfdfc04fe0302050003fffd00000100fd0102fe010001
ff01fcfffc0002fcfb0401fc010502fa01ff0203020205fa02010602fd010604
0701060002fcfb0303fd020404fffd030107fd030005020205fe0004fffefefc
000101ff00ff000104fa03fc0403fbfafdf9fcfd03020304fd020102fe0403ff
02fcfdfdfef9fffd04fffe0101fb0304fc00fe0104fdff01fbfdfe00fffd02fb
fefa00fe03fcfdfffefa040202fd0202fd04030206fcfc03fe04030404fb0301
0402fefefb0502fc0302ff00fffd0404fe040306fdff0304fb03010201fe0405
fe010304fe0002fd02030304fefe01fa01fb02fafc020204010006fdfd030204
ff0101fa03fafcfe02fefd02fb04fcfefefffcfefe0301fc0203fa03fcfc0206
fe04ff01010204fdfffffc01ff00fdfd0104f903fefbff05fffd0404fc0402fb
0300feff010102ff0503fcfffeff0204020202fdfcfc03fc03f9fe04fffffcfc
fdff050503ff01060400ffff0400fd05000205fbfffb0102fa0005fcfefefe05
fcfc01fb02fcfb01fc0004fe050502fefffcfb0204fdfdfd0004fb0106fb02ff
fe00fdf901fdfafe0301fffaff03fcfc0104fc070507fc0500ff06fd06040405
ff01ff03fbfcfefffefe04fe02040003020103fdfffefefefcfffcfe02fffd04
fdff0200fd040101fafe0501fb04030201000603fc04ff01ff0504fd0400fbff
fdfffcff00fefdfffcfbfc01ff04fffd000201010503fffd0200fc000103fe03
04fefcfc05ff020402fafc00fbfe03ff030005040003000104040406fd03fefa
0200fd0200fbfb01fe0200ff02fe01fcfd05ff04fe0601fcfe04fc03fefe0205
04030201010401fffefd0102fd00fcfdfd000004010504050402fdff00fd0704
05fffdfb0002fd00fb04fbfe01fffbff03050000fe04fc000302fefcfe0001fe
fcfdfbfdfd010201fefc0000fe020102fe03060304fdfb040100fb03fd0105fd
fe030004fdfffdff05fc0107fcfc0602000200fffffdfffffc03ff0502fdfcff
0303010403fefb00ff04fdfd03fcfc01ff01fb020502050200010004fd0202fc
05f9fefcfc020302010004fcff00fdfefcfcfff9010305f9fe03fd05fd02fc06
fe03fffdfefc0500fb01fdfb020201fc05fefd050401fafc020303fa02ff02fb
faff05020503fe05fd00fdfffd00fcfefc0004fc0004fbfd03fdfffefbff0004
05fdfe04fbfcfefffdfb01fd03f9fb0400fdf900ff01ff02fe04fe0000fb0003
0101fdfc02fc00030003ff0604fd00040205fcfb0104040104020404fd05fb04
03ff02fd03fe01fffdfcfefd04fffb020106fa0102fb020400fd000101fffcfd
060002fd04030104ff02fd0505fcfb0303fffc03fb0303fb00fe0104fefefc06
ff00fbfb0000010502fa010602fffc00fffdfdfb02fb00030104fdfc01fc03fa
020302fc00fe020201ff03fafd020305feff04f903fc04fbfcfd04fc07fd00fc
0301fcfe01030302020502040303ff050200030100ff0004fe0102fdfd0303fe
0000faff000007fd060103000403fd0500010302fb00fdfbfb02fe04ff0103fa
03fd0000fefffe02020402ff0701fefd0002fcfefefa03050105faff00020205
01fefefb05fefdfe01ff0301fd01fa0400fd05fffdfb020301fe0300fcfcfc07
0603030406fcfe0101ff02ff05fe05fdfd04fbfb010502ff03fafe0103060304
00010100fc03060104faff05fe0200fc0400fe00ff040002040003faff00fd02
fffdfd04fc0503fdfc020500fc05fe04ff01ff02fffb00fffcfdfefefdfb04fa
fdfd0700fffd00ff010006fe040100fbfbfd00fe010404ff000200fd03fbf906
feff020605000201fd02fd040401fa03fb0004fe04fffdfaff01fdfd0402ff03
fdfffc0103fe07fefc030001fc01fefb010706030301030004fc0702fe01fffb
0304fbfffd02fcff03fb00fe010104f9fdfc01fdff01fefe01ff05fa0004fffa
fffd01060103fc0102ff03ff0000fcfaff02fc01fc01fa05fb00fbfdfd01fdfd
0300fdfcfe0000fefcfdfd01ff00050402fffd0005040005fefe0102feff0300
ff0303fe0301ff01030203feff02fa0204fefc00fffd030403040005fe04ff04
01fc00fc06fe00fd0402fe050002fbfa02fc01fbfc0104fafdfdfd0404fa02fb
010302fc05fdfb0501040401000101fdfc02f9fbff0503fc0202fe00fd00fe00
00fdfefd02fe0500fffc0305fcfdfefb040504fcfc0100fe01fffefd03fb02fe
fefefdfcfc0200fb0403fffe030302fcff040504fd04fdfc01fbfe020102ffff
02fdfe00000404040106fefefdfcfe0303fd03ff020300fcfd0502fe00fdff06
fe040603060106ff00fefe000401fffffd020201fe06fe04010001fb02fd0500
fffd0206040505fffb00ff040402fbfb0102fdff000406fc0400fefffe0402ff
0403020202fcfe04fffe02000300fcfdfcfe05feff0101fe05fd0004010307f9
0104ff0200fefbfcff040301fcfefe0304fa0204010401010104fbfc00ff04fc
00ff020003010400fefa04ff03fffefd01fb02fcfbfb02000306fe0103fe0107
00fefcf901fd02020200fd0207fdfefdfd02fa00fefe020000fe03faffff01f9
ff0204fffefefb0204ff02fffd01fff90101ff0303040100fefffcfffe030504
fdfe0202fdfcfb04fafc03040304fdfd01010302fffd01000101000004fa0300
04fbfd020503ff01fc00000001fffcfffbfcfc02fffefe00030304ff02fefd06
020001ffffff04fefcfb030005fc0601030303fd0502fffd01fdfefcfe05fdfb
0004ff00fffc000102fd01fffdfffa050000fefbfc01020003010004fd04fd03
fd010003ff030504fe0500fefefefb0403fa04fbfbfd03fafc02fc02fdfe0206
03fefeff0100040301fe0305030302fafa050101040001ff06fb05ff03faffff
030301fdfffc00fc0602fcff0600fcfe0104fbfefffd0402fb00fe010103ff06
fffdfb03fd0001fc0201ffff02feff03fa00fd03fd06fe05fc0003fbff01ff05
ff02fdfe01fefa0304f902fc06fe07fe01fe0505fe04fd03050102fefd040201
fb03fffd0202feff00fc03fd010004fa01f9030202fbfc030503fcfdfd03fbfc
fc00fcfefd00fd010301fe01000001050000fe0202fb05fefe0001fefeff04fa
fafffc05fcff0001060001020401fc02fc02f903000500fc02fb0105fb06fd03
fffe03fd00f9fc00050101ff0501fc05fbfe01fefe06fbfe00fcfc0203060200
ff03fbff0500fa000101fe05fd01fc0102fcfb0001fefa0402fe0102010504fe
0001fffffd04fffd03fcfb00030000ff04ff0003fe01fefd0204fefe000004fa
fd01fafb040303fb01fefa04ffff050101feff0005fbfdfe05fb0601fd01fdfd
010103fc00fe0100fdfc01fcff04fcfffdff05fdff03fd010200fdfc02050402
03020204fd01fdfb04000204fefdfcfc0501fcfffd0004ff0105fa06fcfffe07
ff04fd01fc01ff040304f9040502040203fefafd030300fcfffdfcf9fffc02fd
03fdfeff03040001fd0401fdff05fefe0201ff030301060402fcfefffcfe0102
0400fa010005fd06fd03050100fcfdfe01ff01fb0200fbfe0405fe03fffefbff
0203fdfc01fdfdfc010401fcfc020505fe000600fc03fb010005ff0506fd0505
fe03ff020301fb00fcfefd030103ff050405fffd04fb00ff010200fefe01fefc
0303fdfeff00faff02fe0106fdfa070602ff01fd0504fbfffcfffafcff050504
fc02f900fdfb00fe00fe04fb020302fbfcfdffff0306fb06fc01fefd04ff0201
fffefb040300fe01fdfd05fefe030103030504fcff00000001040503ff03fdfd
fdffff0001fdfdfbfe0105fe00ff030500050301fd03fe02f9000700fd00fbfd
fe0302fefefe04fffefe020101ff020001fbfcfeff0502ff04fe020604fdfb04
ff02050101050105fbfcfefcfc0200fcfdfafb00fc04fffefe02fc0000ff0303
000201000004fe030402fefe0003fcfcfefefcfffe0105fd02fd0402fdfdfd00
f902030104fffe0503fc01fc0101000703fcfd00fffe05fe010005fcfd030402
05fe05020300fe03fe04fe0400ffff03050500fffe0403fcfffc00fcff04fef9
0201fc0404fcfb02fefffe0303ff0206fdfc02feff0601060501f9ff000301fb
fd0401fefcfcfcfe01ff020504fd0304fffc0004fefaff020002010003fe01fe
fcfc04fd020303fefdfd00ff0103fe03020203fffd01fdfe0304fdfcffff02fb
fe01fc02fa00fe020505fb0703fffc0102010501fdfdfff9fe04fdfd0303fd00
ff010300ff02fe02fcfe01fafdfffc04fa01040405fdfafefffb0204fefffd00
fffe04fb0504fffb01fdfc0002fd0000fe01fc0100060006fd02feff04fd01fe
fe0202ff0305fd0205050105fbff05fcfd02fbfdfcfe0103fc00fbfffc01fd03
fcfd00020406fefd04ff00ff00030201010103fefd01ff04ff0202fe02fdfefc
01fefc010103fa0100040205fb01fbfcfc01fdfd050501fdfe030403ff02fefa
02030105fe00fffffcfcff01fdfefe03ff05faff00fffd00fefdfc03fd03fb02
030203030102fb06000304fffe01fbfffe02fbfdfef9fffc05010204fcfefc03
ff0302fdffff01fcff0301fffcfd0500ff03ff0002fd01fcfdfd04040401feff
030003030104fdff0104ff05fefcfa07010600fcfd03fcfc03fc010401000004
feff02fd00fdfc0503fc04fd01fdffff0003000203ff0000fdfc00fa02030202
fdff00fdfe07fcfff90401fd020400fa00fc010300fffb0403fd01fafd03fcfa
050100ff0603ff01fa02ff01fe050504fb04fd05fffb0300000404fefefbf9fe
0202fe0006fe0601030202fafb0202fbfb04050404fc05fc04ff02fdfcfa01fc
02fefefe01fffd05ff010004ff03010504fd0301fd00ff0404fb04fc03ff04fd
01fe00fcfcff01fdfe0501fffd00040401040704ff05020505ff04fc0002fe02
03fd00020607fbff0502fb00fc02040303fdfefd01ff040200feff00ffff0504
040003fefcfd0400ff02fb03050002010005fe03fafafb04fcfe02fdfefbfd02
02fefb01fd0004050207fd0400010201fffbfdfdff03fb0203010504000102fe
02ffff02faf9fffcfffe05fb05040503f9fa0300020403fe06fe03ff0306fefa
00ff01ff04fdfe0301fffb04fcfe01ff0001f9feff0404fd0004fafcfd0405fc
02040402ff02fefcff02fefd02fffb0003fd04fefc03ff0205fc030504fd0102
fe0401010400fe05fe05fb030102000505fb02fbfe0005fc04f904fd00050501
00fffe01fbfe01feff0101fcfd04fbff00000503fef9fe00fdfdff05ff04fc03
04fdff020301ff02040001040000fdfcfe040403fe03ff0102ff040201050204
fd02fc00040101fcfc0102030003ff030100fefc0405fb0302000106040302fc
fcfefe020000fd040305fc0402fe05fbfd04fefd040503fcffff02ff0205fd04
00010203040403000404020304fefbfc02010000030101fdfffd040402fe0201
feff000707020203fb0300fcff0006f9ffff07fdff00ff03fa0204fbfe040506
fd0105fbfe01fd0002fb04fe03ff040305010002fdff0400ff04fefe00030200
fffcff02fd04000200ff01040000fbfdfffc000004fdfafeff04fb030402fd00
0304f905fd03010302feff040001fefe03fffb00fdfb01fdfd0404fffcfefffe
fd0204fbfdfd00040006fc010305020201fd01fc0105fcfffffb04ff00fe04fc
fc030400050303fdfc04fffe030301fc0501fbfe00ff07fd0201020603fcfe05
03fdfefffbfd020002fbfd0305010600fffff900fc02f9fd04040302fcfdfdff
0000000105fefa01fb00040302ff02fc020303ff03fd0501fc03fb01fe00fe03
000002060703fcfdfc01fbff0004ff0404fa0504010106ff040104fe0103ff02
01fe00ff02050501fd010400fffcfb02fe000304fd0200fafc0002050501fdfe
0001fefefbfcfb07020102050001fc01ff050401fd01010006000103ff0103fe
f904fe02fdfffffffdfffdff0504030203fd02fc04fc030205fc060305fd0501
0103fe06020305f9fc07fd02fd0101ffff03040001fe0301f90103ff00f9ff02
fbfefe03ff04fbfcfbfefb000505ff0303fefdfffd010106fcfc0301fcf905fb
010404fdfbfffefe0101fe0002fe03fafd05fa01ff0004fd04fbfafc00fe01ff
0205030104fbff02fe02fd02fdfffe00030602010702040103fdfefbfd00feff
fffd00fe060305fffefb04fe00fffc00fcfefe0402020005fc04fd030002fffc
fe02ff06ff04fc060001fffefd01fdfc05fe00fdfd03fefc02fe05fffc0701fe
f9040402fcfdfe000303010402000101ff0505ff02fa03fd0502fefcfd000001
ff020401fe040602fc0400f9ff05fefefbfe05fb0001fbfffa040302fefefbfc
fefd06fe060100fffb02030302ff02fb02040401ff02fffffdfd05050404fb02
00fffcfdfb010003fd02ff050303030004fe0405fc030405ff02020102fb0603
02fdfd01fdff050300010106fd020003040104fc02010503fdfe02fe04020302
fd040303020400fffeff02fcfe02fcfe0402fd02fd030201fa02050003fd01fc
41a4f193f1e3cf1df40210d6420434c2c51ecd3b4c5de235c00eecd4e4dd0121
bff100111f37255e65f4fe10f9f33c47e552215f5ead5021f40fd051ed50be05
fa4e6fd04fef4d220041e0ed0ff020130fe5e15760023d3c4f3022ffd14fefe7
4de34d43eee0e2000f2f5cf113adfb4023f3e010f2cdb1dff0453fef341c310c
1d0f0d0ee02f1203ece2b2e107e2fa294bd20e04e32e0a0bd211e4fd2fe33cfd
24c450c1f0f34e114f4f0c3f5f34ff93f20b1eca4cebf6c2f4cc2e13a02cc0ab
ee019d1d0d6f05bd12bfce23ffd5ef417122e20bc3022e2021feb33d2e3d2c0c
fd4243229de43f4e70c47e4210f01005df6c112cfcc0d4b40be3eb1e333fa2b5
400651cefb0f302e222efb351d2722b2023d40d0ff14063033badcafa6f9e01f
e04febcbbf3fc2e21b20d20e2212dc0f29f031d5e2220c7dd1a1f1ce3b0f1f1e
14f9c1d143f0df1acd42def5e3ff10cef3ecc5ed2f5f3ededfd0ebec23cd2f1e
42de630122b940331dfcfed46e6cd1a1c31b1e2301fd3eb2af010ef0bcf436e0
f15f92e04e10fcf31e13e3bfb0be0efe6ef4f0c02f13f10c34510f42e2e532f3
3e00d1e443e59dc3b2c334b0d399b17270c00c4df20e900e3d55ec343df21240
33f16d1f4a030111ec53f30e0fd12f1a1fc03e3b032be212d5016413d7dcbd3e
eefdc0fecf0bc0624facb17d232d0f2cde6e30f6071b0cd022d3b4214befe0ce
301d1e042f3d460df2f02e22bebc0f5effc0a9fe2fce01f144e76315df1cf03e
fcc1cc40df00ce003eee21e043122e01c07103e2d14212de1eb1e0ee612022e4
0c10cabd1f1201333f4cc453445604f04e3230d03d1e5f30c2a0e2ede0fd30be
b45af113d410f2bd04ef1f402901ec4df014fb91104c1e240407100154341d00
ff41cc1d2c32c1ffb3bd32de1ce1fe4142fcdd0c002d43f3f341cfc0d1fff14f
4d20612130ef6cf3c04142e2c1e1141efed10f5dd5e2140d0e3c601ba1ce325f
21ce2c10fee03c6f53f01023534e330014dd1d2e1fb26d1f0dfe121d0dbfff9b
30c01d01102f31ca6411c9204e017ebef540f0bc0b12450fa502b3a110aec2ef
41d05e4100fd0c1d00394f20ffc9ecdd21bddc2f003bdecf4ce22ef43411ce52
fde2ef193b2102024b042b001f46d213d42420193af42033f5f115d5d3fc10c0
f4dadb34cd42523e05fd013f321e42ce146d3043fcfb4fbf0303b3e05feb00ee
03e5ef4a0ce7140e1cf71d23040341f6d22034ee3dd11f2121f00e020afcd1ce
13b3d30024fdede30e1bc4402d6d2542a41b0f1d0e20fd32e20f9ed02bdd031f
b3d4dc0cde31d1dd0dfd0043f5256ff1e152ed1f3fec4e1fb1a202b164eef11d
efb0ff1f1e0eb4f90432ed24331130c4024d33ecfc0d14f5e5c2c0ff0e0dcf2c
2b61cd433d3f3ff5cff003cffec0a24560ade114141e1d5c124b50023cf11216
211501db120e204cf0233a1efe330e02e56ee2202bf21fe13ddcdbff2b30a4e2
eec3ce0e2c11a1cd04b2dd1d403f42d4f30ceedf1c14e11ff00f11ce4c9d31bc
03e43e3d1bf211ed2c43ef2ec313013a0ff44e012ff12f2f31ff22f423face1f
d245070314040c00a0a43effddee3f133eadf1f0ded1c1db410efff463024d1f
0e5fb057d221f340d613000fff0eef030ed21fe0b02de0f2e3e10232ed0f1032
31f4fe10d3d10f2ff20e54043e41c2d2bf3fe5310dff03fc0f0e3bdedcf1c0f1
03d3d1c3d3f253ddeedd3b2f0c0013ffc2defc0e2be9eef020f6212424d0403f
fd0edf192de1a1edcac1941126c6dd0f12c1e1be5f33af6af20edd925b115020
e0c03e0de910d601fd33ebeec2e1d02e1e121c1ac106312115e41011debddb1c
65a03f4216ff5e0ed12c0dc0fcca34b0e43bd11d00e005121bf46112bfbcef62
ce00f1c03b3001ee12ff1cf21fd2fd025f343402fd4ceeed23dfe2c0f32513f4
c321a2dd2210901baa04eb3fe0cddf5120bfd0dfe3fef0f0ed1312e5e21e1d4f
c1240f1ee5e0b02e02f5e34c512d43ff253b011fe00133feddeedeef4e22f0d4
1cff2333620d3bd3f200fffd22000d4e3ed0f2122442f30e2beb3420eff221e4
d3e20f1d3e5410fa0ed4fb632132021ff42c02ff5bee304023120cf1014cbd2c
511e5c31c00ee2d3ef30c1f05460f5a4decf11db4d212c11cede11d0f0cde0b0
ddb1dcb0fd0e34226ec1ec0df43ff001f12d21dfcec1fefe31ce0eed2531bff0
110bfe035242e0421df015eee33dfc5d1e0420f506b1dd42e13f25e0d00e1124
0d2eeef23b20520f2f223443dd5ff10eff332f3d311d21f123e233c313c1100d
c03cf014e332f33fcccb1630afde105bf1c1dcd6f40e2920fed16f402303ce5d
115c1213d3110d3e1240310c00ed2fdb5ddcf24343af1ecf3e13323b0b1e1f51
3041d504462cddc011f4eef372ec2f1d0ecb001c1406c060fbae0eabc512020e
1077e4e104e22cf4242a20d2fdb0d2662312b122df1bffece25e00110b056516
bce2d0e00b44c1e13b9ddd1efe16bb5e6dd324f133c22b49dd01d2347b604f23
0d2243ccee305e0433f5332ed22301e4f0d2c2212dc333a0d4fb2dd0b7d402a5
170e1e5004fb0fd1d70b4ad7fd0dc6d4e41dee11bd4fe5041f125e00041d14fc
ae10e1d22b01e20012bd2bfb2bf41023040cd1befdd104fc21dfd1f3550ee312
0bffcf2ff1efe1433d1e4e0e1f12dd3f11022306df0d0209724f01100ee6e443
30f20135d12241dd213bfe02ec231e2725dff21f33e03e01defe0cb2ea023e0f
113a60720dbd2f01dcde23e1230dd2fc1eefef4294cbed23cc4f105cbefdf26e
55b15f6f35c0dc0ef22221ff213ff6102fff0d0b3ee3c332f93e2d32eef9c30b
4dfd311220f01bf1df03f0fee0dfc00d0cf4f203eeced20c0ff13111a0231e11
121b1ee33d336232deee0f2cc2f4212cf264ffe142dc00d06df4023ffd3c213d
c1310fd00e1d4600fe34f103f4551ecdf4f111f00cb100f0c130b3f13240dece
501e4321d2bbfff0013f220e01c03fb511d0dfdd13321400fbe04c2ebfa03502
332df3c0e5f03100f4d4d1ff2fe02fe10e3d1f4d524140c0fdded10bdfbe41df
d220ded4ff200e0dfebf025301e52debf10beeb41f2e1ed243afed024e2ffe1f
5f012e21e3ff3d04333f41fd10ec2014029dee5532d01cdeec51346dbd00f402
ce2fe21fe00cf1fddfd2ee302def100b54030fe3d02f2eff6c331330ed422d24
2f5f0261e0ce1beeb0fa2fa1f00d302c2effe2252321ef3041120b1e3a24415f
0bff1abee024e7e14e3efc0ee223eefe0fffde3f4d2c5c1354143001e0fffd3e
3d111f1f00e3f234322e4132705c2625c534f1eecc0cc0f1f320d2d3c022e012
fffed11e11f25ef3ae5131d1d0acbe0f6ed3c03f1231214aeff011feff063245
ce5e1412f41d41001ff1ff01caf5f0725d34ff15e40240f060224d1e0f430fe1
2044d25d15eb3fe2fe0e02b02ef1f32153fc3631ee119ffbbb7c4c3bcfd27542
5dbe10ed3ebf20ff52d10332430b11f6ce4f044bef0212a31f00b05011dbc12f
23c0d1200ce4af021ff1f533145b22d0bc4f0c1240fcd150e3ed14051202f1cf
4f3f1ccefe25301a2c14f053212034e6a0d21fec2d1fe440c5ed2020faf11fd1
30d250eff3c063532c2a202b62221df1ef3001031ff30cfafbe0232c210014d7
f420eece3ffffdefdfdd003c1deff33eb034f1ff1033eef10ed12dcf3df1ff62
2e44d05ef0002fbffde1f11f0e24db332dc3203dce56b0cfe04feb4f3fb07ff5
e2c1b2dc1040fd21b2952e01dee41ee00edf00eeb400331f340dcd01404eec0f
b36b3ec3d1ffb0f2dee1e4fcfe210d0f2e94ed13d6eedb62ced2e7ef00e30a0d
3f1c104000e13014be0d03cd2ffbc2203f2fc0f3b2f0bdedfef200621f12302e
3031215305cf304fe04c45f44c110f2e1cd0fe3f9030e4031231303fc3f32330
df263432cc01e200421ce2542220e613022cf2f52cdb32d011fef1f123f0c302
b2f0b1d1cd6d4f0c10fa1b104f35f0fdf07c0e10fcd350ed50eeb2d04310f1ab
3f14d0c3200d422e32e12e0cde0de114e20e2e5020ef0203dde1ef01f22de4fd
233effe3dfd4b07d021014612f21d201fbe47e0315af0e3fb533e4e0ff34fddb
cfb1c20ef0129be1fed2a022166c120fecf261dbd123d303dcdf0dae110011b2
23ed52f03fe3413343ff501dfbd0036d00debd31f3fe31b042244060114dfe00
de02b10ef10ff11102d01d0d50145e0cf342ef21601241ecdf0fed214fe1b1b1
10425f4ead1413225b14033bce23fafce0f2203d4fc5ff3ef421e3c70223f9c3
5bdd1f0b43c32fdedef21cde031b10420df222142f06b1fc2cff2b21323632d2
127d535223fccce290412cd1d1fd9d017fac212ede3df1e350032f6d02ef5331
3e1c1422e4bfbf00d02d02010d0d0f3333df22d2f57e9363dbddf4dffccd021f
42341254e2d4ae122e10e0eef1ec0f33f21e2151bd34bf1cd26e01f03fd6fe26
d103101f0f4f041133dfe15123d0feb1ec02212502d4fd21f1edd2ce3e11ceef
5e0ef23deedcef222b2331f4276cddcabdff2fff22131d13b1e014af3ef0b01c
0f311bc354d2f3d42f24f431013e03d2d0e3f21e1c133def1effcd0db0c112b2
16c3b145f2fdcced1532dd0e5c2a372f150edf1d1c4e1114ec12da1c211f36df
eff2102fc4de014010f00c1222d56fe2d361323ce0c437bf30e0eedc4e20d01e
eee54de91a1c12e12c140e02e2e40ce0ec7e23ef5f0e3fb014cc0ed2a6ddef0d
121bdc411c0edf12bdeef0e1cc0ee34151ec0ef001fdc334dd040fd0dddced1d
eb602e20261021345102004c535310e1d3c1f145d0dc00eab20e103e4ee21fa5
1062d01004e3e2e10e4f26cd2fbe1f436ea4fe20b3fd0d2c3032142224f4f040
e149444116ed1cf4f3f235d31e0cfd3f00ff0e3ef6e1ccd12eed5d4cf002d102
ee042f2fee16fffe012132de002c1dcebf11d1cadd3dc313eed331f025be102c
f1fdf274d5bf3e2ec02141ff203e21c01ecbff23e1f40400ed302ee0e4df01f1
f1b1e35ee424114061d1213fec1301c0d33e0f462dac5ed10e0ff22421f2beb3
9314f4d20244b3ea33cacc3c2b5f3f3022ff1ec71b3c312c0ea6be110b45fe9d
f22ee00f4e0fcd0fb1af21fcb09dca6b5b110f060311ce2f3d5526111e03f061
ffed4b2f1f9134bf1d3220ddc6fc1b5b3b171c19c05d0dee212164d7c2e3eb52
ffd5ff1d3211dbe05d441500354c01f1e00113dd1424313fd12ecfcefc2e0cc2
0f3321cb4d3de0034c01fc53e23000cf3330f3b10305723e3efcd1acbf30de13
dd023254f002e11fdf1d4100deffc3d0102f000f011eafebed5e5d10d34f0105
004d5e30d2d1d020fd3c4ce31a32fe4e2fed0f0cfddcb011f4424fe211d2e121
47a021bc3c1fee0a24340df50ce3f1aeb14f001b312df423ed01bccf160adecc
2eb12de2d231722f313ec032f05001febf02d0d3521c321e00dee3bd54fce10f
ca6223dd1e6a20e01cbba1e0e212e06f302f1411d2066de05d00fe5e4d525055
db531200e3df22301fec52cdd1c010023fd0ce24f4c1ca3b435e035fc21762f1
e3605223d2fbed3443d10331dff02532c0fe10dd0e3e44d04e21f1cff0e020ff
122602dbdf059e0df4c1ed202e2633d602ede2df2d1336c3d3c9cff000cf12f0
02fd59333ec31f32e07931d2ffd0a15a5ca3000ec21bbd240f575413c15e3f53
24b23fbfece0ed3c3d32f10ddc51fcd0e13e2d2d60d2441135d4dfe106f2cf0f
2e32c17bfc25032fb243122e21f4bcc4e4110134f00edfce1021c0a2190e115e
f4304020c50aefeee3e2e1d1e2d5f632024e323df1e20dd5dd4172f4eff250ee
f22f023fcc2edb0eef9aebfcecbb3be1e2eede24137210fd31fc20fa2f5251cb
d3d01f34be133e2bfdf20e34f315d137faddec432041155362a4abd07d3ed1b0
14ff2331101f3c605dc1bc3d300fd226decc1d0ded116f4b5220efdd5444f11d
4e01eaf0f4df23c1dd1410021d2defec2ccd2fd21adcdf04d20dffe423dfc0e0
0e144314b031106e041dee020ae4e053d4fedd002454443e1ddeffdd00ff4ef2
033f1fd03f222215dd351c1033ffbde112f3122c2d0dd11f56f04e32ede0232c
0efdc2efed1d0cedf3fcd2d1dd13d0f33fd2212d02e533ffff34d4cd16e4fd10
fec2076ebc5020525e4a21ee602fd045cdec3110f022d53e0e0f312ec44f521f
ef52e05dc223dd142ef33cdf02324c72bf40023e2e205f2352bc403d295104cf
0f51114e3df440df23fe3100df5ddff30026d40229ddfff4e1014c12b0216ad6
0f0befb23edbefddd3ef1f10b4f202e444014c0524d123e1da345f0313d21101
e344e0e3df02d2e202e1daa1bd0c07def315d2ce41092ee2e23650400b212462
136f1b30f1f035f2cff62fd2d00dbeff224304d100ddfd13fd302cff0fee4412
e1dd2e102043cc40100f941c0ebe3315eafa0efcdb320a4cfffb2de2100499e2
7ce3cfd922ae5dc4c00c2c93ff3ce1eb41016521d1e4bda1f05c6292df0f0d4d
cf0e3cd1d2f3dc10042c224b00b00c23cf0e3ee013023e401dede031301e0121
041ffdf2d332f035f3e5ce0f052330ece0ee01f1fdfd0cbe3140f141f3ff105f
0fe6ec2310d4010526323ccdd2fef0011413f24033ecacd2254cc6290ed0debc
0ff1eb0e01b310c11f63eafd4e21efe03f0fe0bff1dbcc1130e25122cb22b151
e333203dc0ecdb500b9ff421ce2e2921fec21cd7e362706d3daff2fb5130cbfd
c1fa2334de4031dd5ffe3519510ddb1313dbfb2fd0f2245d1fee9e5cd121ba26
4f2ff0bb22ceff0202cdec101e3110e412f01b3e31dfb40ef3fc110033cf1e43
51d2b11c2ecef221a3efff1f22170edd5fec10cb2f16cdd0b111fcd4ed03e41f
110baf1431df54c20152140123df009e4c1cbefec3dedee3ebf1f1f0e2ace213
2ee15df3b4021cff5422c0001df20114fc0401d10c100152450245fe4f24c0d0
1a0025ebb31d3dd62cfe62005024ccebccefe30e6f0eeee02500e1316efdd3b1
f12d0b0cdff1d11240dc2d301c3d1f4ff104040452544f0023bdb36210314f0c
ef201f2bcfcd5fa0f1f323f2201faf201cd2f3cfe2f30ffe10ed2b154f041211
5f121f0c0fa30011bdfd02e1174522cc3cd1bdbf0bd00ed0e4326dfd2edc3111
eff4e4dcb10d00e0205f1211022eb2eef23021ceef4ec13ef12f341fd0dc634e
e3222f35dd0ff1112d6f0d0d432edc3025160d3317c1e423032311c1cf0f1500
f1daf23db1fe4d50ffeeff113b0023ee2dedd4e13e1520212c0ebfefd035ca0d
da002d2c27302f263e3ff63f36d2f0ee2df010f1dd24eee5143b0d2603210df0
d3d112e21233d114efaaa33bee1f0024fb1d0d192c364ffae2fb2f0e0243fc40
0df329f263ce2d1504511ceee325b710febbe3ede4bbccd4def2ed0d1cdbe02c
49c6ddd662f30fc4f101fca0ddf2111234c20f052ceacb0031e5e2a223bfde4c
c20ce2ebd923032f32cd300c3adee4f603d1025c2c5f21fe29ceb33a242f4d22
ed1e11c4f12cf4d212f1e73395e0213232625712244cfbf4fdf4fcf22f22433e
e3ecdb45e402f7e63ef4f010c50a133110ece3ec0f0bd9e6dd20ce13bffc3130
cf4262f3d55d9203ca310301d20e3170f16b366c02713f1223ee72151e3e24bd
0ffff24e0c2021f2f400c10d2b1120d0f302bfde310fc11c0ff2ff1d21d2fe54
0c1e205efffe01e3fff2d1940562010c2206c6f20cc9bfe4f5224ce490ed5150
4fd1b0b631d22fb20d540fc102529ee03cb3b1be10adfed3e0d65dfdcccfc52d
2220111c2432121010e164f2eb1fe2ff4214ee121d1fff12ddee2112d2012320
1f12143d0cf1f4df1cc250300fffe012d2f4daf1f0e001f0dc0d1f2c01425e2f
064ef34d0e031be1202c0200fbdf1e5ed445232ef0134010f2bf1f504242612e
f3202eb12d27bf52b2cbcf3bcd09110d220300a39d0d3dd2cf7c251bb42d2c53
0340054fd51ffed2ebdc0fe0510efd0ec1f10e5e1253e2fed12c1330c21d6f00
a31f345c222e1d2e5ecc0ff212cf025e0019e20cd1130c3c4fbec1013f44baf0
14b4e3dde1e14f12f0402dfe6df2afb331edff231514bfcefdd0f3eb14d41d2d
f1fefaf261b2d1f10222d4c2c23114fc3eee1415c5bc0cf011ef23f4f4c0ce30
30e020dd10413e3002423d310c4fb03def41dd0f4f0ff13c22e40dc04f0302e0
0c3ffc0e10120503c2d4e4e5a41113effe04e2daebdf0c00311f5bd4a11b1e3e
23e1d0142beff0fe23231f142fd2f4fe111c23c4e2ec01d01f26cd115bf2d11f
ff42ea1211042fe5ee066fe2c62c1f2b101437221defea0124e232ceec1be3cf
1fef20e301120300b4d42b1efedc0e04d352da24234030441f24223b420e4200
d30bf1cd0d0edffd2ee41f500415f1d6f2eefb36f3442f30eb042e2144115360
b100112fe523056ee3b1ee2e14ff3a2fc002f04edf411e6e344e024fb11df420
4e2512dc2d004ef3fe43fcd226f33f2113000113f4dd000202430d01cbff0e0e
1ffef32b052c40d242f0cf230410a1101d3f4fe4effedffd230aef1f2e33c3f1
c0391060be1e2e1d2b1de05105f6f146dffe1ff32250407b1efdbd35315311c3
042a02f4d1f0ef0d240b022e1bc30333f11edf4a1224122c30f0ea33e235bb12
163df236b05f102d66f0fbf0122eff44c20e414f540d23511a12ac1d13231db0
edf1e00c0621022316cef41f2ed0c44c2decce4fd3ef1011021bbeed11423c11
04d1de1cf30500331effbf2cdd0c2f1330df01fd004040de0e2efffc00ffcdd0
c1dc13b35f7aefdfff10242cc1c10e04df3111400242455eccfc00ed11f4ec06
c05e2f131d41e31123c0bf3fff2b32d107f40e4cdc3d3313e3ef3e4020e04632
4e31eebf2efb4eeddb3322a4fde3cd9c11d603b222e0afb1df0c6dc4c1ce2c3c
c5fe02342f2f1eef1ad0df3202e42defc31b41f4154506421b65af4fee12e410
0d16fcfe0eb0200fddf4def4072d3fb030f6f110d2cacedfeff10d23a3c3223d
0200f0cf1fdd44ff1cdfa1212654fee4fdd0211144c1e1efe3b2dce46f19e200
0000c0031232ba30c3fbbcdaecab5ee334fd110da1110d302e1ed1f00ee2ce5f
21c2f0b5f4cb21ff0d023403dc3521fb420002fd20d2e0e4f2230f1540f1b43f
2c324c07142d043efe2404b4103110edf2241302fecddfe11033db01c2c2f413
0df11f11403f103d2ce12dddee0d100c2303edc4f00df22f2c5c1d1e03d0de4f
140cdea42f0104b3aec0d1e424ee0e2d4f04e11711f0d0d2c3261dc1ecdff052
e3fd253dcfb33a20412d633c42311cd501d0acf23c0210203eaddf0c03136261
31e5ee0320d5f3e5042f6cdd2efef2ff409043abe1c2dfae0e14e6dc14bf10ee
f4f42500911f0af5df0d333e2a3f3340c330f40032203f1d1fdece6100256e3c
e6e0e11f4230296effc9046fedd1ef0f01bf49d0fe4222292e2bd500d544edd0
1ffeec26532ed0beb1423124e0f0424f3f3d4e1e105e1ee1dde41e1fc00fff1e
fe3eeee04f1fc52f100600ffce2122feef23fef33eef22b5fd502bef3000cf31
1df65fe3c303d402fc462e05142f146fee311006530a1c16141250b51bc926e3
0f061f13d0e31c022e53320e2d1a1a1f3ee2220efe120e3cefdbd4ab21f100be
1010dce140cede3f1c11c20002e12d020b0fdcd122bad2e3de61ed02aedb2123
d3fa22e2bd01b541fc2036411c2321161cfbf25510535f030b5f0c3d1115e22f
2fdf10321e124e93404bcfb05d03e2041dde0ddad4f5b4df11130ddfed01102f
3aa404de20af5b22de3202b4f2cedef2fcd130e111cef4ce03fe03d03ddd03f0
1211f6fc112cc114bf42e713c3f001f21b0a63ce02441031a10c1fe131c4f21f
33d5ffdbc3beec16f5394200cd0eb20a14b1721d21fe22dc20e962ee12ede03b
611e000ff4d03dd41f2f65d1357ff3fa2df01fbe3fcec0efd41efd04f4f33fd0
021fe303cd203e3e200e3afd5b0051ff1bd10032e3fe0f0a11d0057b1104c1e1
0c00ff4fc411d2f3fee7fd10b34eed201214ee04fe1cedef1202eb21df0d2333
d1901003e0f0aedf2c3d0e2332b11d0ef111714211222010f1fb31d36c3d149e
1b21e021231f1de122ef050f004315c264c0261542fd100ff4b2fed3ff2cf42e
ed0e6370c031413f4e21b15175f21424922ce9343d0e065e7dd3bc440e72f5e0
2d410eb125e110a0b50421cff03343cb3f1423b2010eacb3b5032325bfe1136e
2f4410250202313dff121fdf10e2130c3f11ffed00eb0bc6ffe3231e0ff0ffd1
0bff725d1d2dad500e10e53414f32072ec310ff304f2f05dfeedef3f53241ff1
390c04d234d1e3403e14c6d120f3efd01efdf001d1ddeb001d2f0dd6c01bace1
331f0efb4fce1f0e33004f32246b2f0e32d43e412fb404e3e0dd1fc11001302f
211e0001001c129dedfdbcdfc05dccf4e303ee02e51fefd0f021713041e151d5
ef3324fdce32ef440dd33f3153012c1fe111cf52032e322b021e13425c2e31dd
ce1104410103d11e51ddc02d1ddb5f21f2335e0d432d0d4343c2f10e52f21e04
a3e1612eec31f4627940114de1c13f44cd4e4e3c3c1d3201f224fc52c4244e02
7bce0bbf60e1f2dfcf2c04c3341101db34a05fb0140ff30dd24d3f9323b49b0e
faecfee7400bf21f2e05def3eed4d5dd2f31f1d6efdb0bd301e40d20f2ffe6f4
d341f102f04ee2dc4fe0270311ef2d2e2e030c52222f14f02dc3e903e12efdf4
f4212fe0e251f00e134f124dfeb0333ff36252f1cb200040d0dc0a14d2ef46e1
df4f5761e0fbfe2eddf0344333223513dd5f1106ee63300f20fceb14332f20fe
4006e6d90ef01d23f91d2d23e3030f0e4305f5b6233312efd412f5e10fff5239
ef26bbcd6f11fca3e0250dc0c504e01a3fe460bf04cdefb1c52010b20fce0f0e
1f1d19215fefc3bcf054010000fc33bdfcf20406d3faffd4d4ef3e01ae1b2015
032c31050425e27250b15c5fd2ee52111c2cd15cfdfb6a1212ef042e103dca21
42141fdfc2e41f15c4bcf0cc5b3cbe1034103efbd91321f02eeee4eec11123f1
eee0f56cfcef5cf1fe0ffe4c40dacbef2f02ef014de5f7db3b0d33ef32f150a0
f3f330d63c0d1d0e3f310b30f1145310c1bd20b6e740242ffaf4b4eb5130310f
a23d301d152ed31f1f2de6342de10f45b0194f163df1330040c3cbd5130511d0
3d0215ee053ffeef0bef2cde2befd40f3ce21d2d0db0c2ee202001b201210513
21cbe52e3d3fc111c12ba032c4c31ff10d3040fce1302e2bce0143140202bfce
044004df120ce432d04c300221dcf1e2303ff25d202d0fedfc323040e20e1ccd
0f2ebea6f2b2f0bff22421b0d3d030f11305149115beffd0f24323012ebbc223
e0fe4230ce1c4d394fec3d3110f0003313023a2e3041f520ebbd0ee114f5fd13
be2f150f1342c01e2bd1e45b1c012060cd203c0a1c55420e1e1c3c0c311e24d3
e4e24c36ec2f150e563432f2f15ce343f10d1f1452fe13501c16de4ddf2fcc01
f5f101ff1d23edf3053b324e0b130222eddd003df1f34f1eee311efc5030a332
3022ebcd5db33ed314b1cc0fdf2fdebf35c122c50ff1febf1fe3d2ddc00ffc0f
dfd1e6d3ef3d3d20321d132eb1bc9d1f0d23f30414dd2d0bf12f10f3ef45ef7f
6f1dc02320dcfbc3ce4f13d2012c112f1fd054f5f35ec0d3ca3e0f09ddc15f2f
cddbfee21f21f2ced4f5e3fe34fe4c014f3e2e0b2140df0600100f2b20fb1c2b
eb3ebdff115cd101f2eca03212f4df0d2e4eb0e3fd41ff1e02ec02dd1e1f1324
40e50fdbfeffff30c043ff33df1121c3d20c213e0a21235203fa3cd0c3e0d0d1
ce2d204df2c2dd14f100f3bce4c19a7e6dd41ed1a605be1c3a02523fe0044210
11f0530fa1146d03f13242ee02fe1f01bcf420332eaf100cfc11021c0d30e113
ddfdb0c4145ddfd3edebd2dfd39e0b4c1105ef36203e3dee02d2123d3004500f
13f1f33fc0ed4fffd1cdf11fd0ef305d4ad2ed10b5ecbeff3c43513222e00150
4f735cf20d132f512f1f13101d4fb6425ecf1e2be02224d6113e6d33b62b1ce2
12c02f17110233f204fa421b09ff0102d5f33e342bbbfe4e1e3246251ff6c322
ee432e1a0fe4020f12f51df344c33bff52e4d41b4fd3fdf04e6fef431e1d2ed0
ff4d3d51adf0342230023211126251f2de433d421f0d3ea4f0c2fefdfefbbddf
fd0f03fdbc40313c21ece1706c546cdf927f22251cde3eb1e4ceb3ee210f91c0
ec342d2b1c1203ffec259df0dfb41f5523df06132f062f7ffdefefd112f1125f
4f67f3f02cb50dcae5341d05ddcfc54636e0a01d0923d1e1041e0ce5e5cd7f31
1e94b6fe5413bcfdef11cf0d10025de5df4126a11e40b01e9ec0c990d1150527
1c2ffee1fe0e31e1e00221fcdfced04e1ffd0fe221d23d20424fe0f4ed1f4043
1f4013601db2dd1ea243fbbbc0f2ecf0f3bbe03f1102c123ce444022d42de032
0e135e5f04c03252423bf21f2351e4c2270f07601c1f41fefe0f4f11dce2d3d1
2fb1433d10e10c5f3f3ff4ee242e42b0d94500fec6de1e111fd232fefce615c1
01e3e0bf0d1fd04c44f191e0ff341d1025010fe54edc2f5da41ea2be03001004
22f0c3ffe1c3f01bbf032f23fcc2141213edd60c2e51c1f10e00df3f02cc2ec0
fd3e141060ef2020c21d4f139fabf0321cd4d03535eb2f3f1e3c3f2ef224d641
d321c3a33020fe1c542ebee73d1400f2e63d66de1cfe3401c32eacf02d1b0d0e
dd10d6d0d5ea09c4ebd224eed3bc3e5b3cdcf102f642dd3fea1df1da23e04131
1102143517e33c0f1102539b4edcc341303fd050ce3e224d1e633a30dde444f5
ee3cd30526ea1102d2cf0f0e0c0beff9fbf4a2f6d5300edf3c430f300f044266
f41e1132d4d1edfc10345110edce21dfe3fbee3ddfeee3a14034fe34f4022210
4fe3401303246132b123341c0fdd32034223bc10edcfd0c3f2122206dd023123
3e1e2142e1edee3ee3e060f2cdb014f0dcdf1a4116f00e2f11225efe0001e043
25a20d30df1fd02a3f050b1d6ee44dbbe02defde40d2f4e6deb321e23fdb1a1c
0f1dd3d5d4ffdec2111bd7e2fc3ce0ef0143ffc50713eed423f5f10d2d111d0f
1e2c3403df020c47f41002e3bd3dbff211ed2e1035ea3d1d2d10d1f2ff4e2441
3f6fd4e1134202e4e422211f30c3d3f43e1dc4cd1d5501ed0b3ae0fff2de4541
efa4e02b3022f3d03e3eee051633e512df20f41f10d342013d2acdea0cfbd31f
f541322cdd0b2cd00402ce13fef3f501d10c02fe42e544254efcebdbfd2efe01
dfdddcf4ee01b5ffd32cdf201c013dfb1e0f4d0ede1a0b213027f3e444ee2fd1
1aee0f1e33feee1f23db040e331b32f2104421d3f53f2b0e1d2fc14f1925e6b4
10ef0123ed3c3d43224df25dd0f1cbfbfa002af2012d40e1fde4360d02f1dfe2
01e23e2ff11d30f131f42310122053e00c1ef3bd0017b42141ec50f1d13fe461
b0d293b6d07ff21223e0f03eed1e404400fd02d3ed4ce13df4f1b1f17e02cdff
54f02f62f4c34e1f224d31fc1dfe1303b4feefeff1e100f011ee31de10dfc411
01d221d435d130d4362ef04232526301be0f40e00fd343e41e1c33fbdf0e07b2
402f4e0f4de02e15bdf144c1a2a1214e0b02d1f2e1dff0efee1112021e1d0363
d102d0edffc4f1ed1107f1db32112f1ad1d51ccc0c3221dff20512240fd00cc1
1ce04f4643e030f2bf3b15bede1eec101bff2232b3efeb0f0e0460f212e2e242
10341e00fbfe3310fd5de0d0c2fea02f11e0fff341fc0d41e01d5025e524510e
241d3f6d03cffe0fe23600bc4efdeebf0c34f3123feee1f0102152e5b1230e01
dd2024ccad30ded0d1000e0f1ef0dfd0de31c7dddce6342cd1c00f0dff010f53
d342d2e045e00cbeb0f12ecdfeace1f31deacee1c333c2fc2cf03cf22bff0f72
0da204de232c0ff22044ec10fd0315c3c20f11cb1d4f03100decdecb01c2e414
ef44d10f20f5e0e223e5cef4300fb501f3d454eeeffee0159f0ec2b515f1ff02
efd233f01de3745e0d6c2bfec0f5020102320c35410c4f90152e5273d022fe10
03f0ef01d0df02faf203a05f1e4c1c1c104b6a224f0eef120d16c3c52323ddae
63e03c31b2ce1f2fe06e40050f1ce2b5100b3d6a1f1eb1f6e200703cb29bd41d
10220f2ffdddd41d1ed10fe0132221fef1c10ff1ff42d253010103e2df1b4bcb
9be1d3feee73121f22a4fd3de24f5b02cb2320b62fc06f291e02c3c13f17ece4
4e0cee31ef0112f4ea3052e13f3f2ddc2cd31c2de2d4fe2b11542f54ee1f0313
f22dd2f1f03e0429de21c0e1311024cc0fec2ef0f3ed23d43cb2cf05102b33dc
c4eb00031d0deb1ef3b35c240ffcd55f041dcfe2ff300de23edfec00214febf0
0e1ede0d026613fe4237b22c2f2e5b14e20312ef514370c131cf0dc50c0210c0
bc2f021e6d3ee6d00f2eee41adf4ced33f0261120fed3bee25d012dfed22ba24
d320fb0f0c4dd5f01ed5d25140171323102b44fc21f10325cd1fe0bd212c1bbc
00b1f0cf23e3b02132d302f2e2ff032fc44305d44f32f10d30ecf1dfe2f223e2
0042d02f0000ec95dd01dffc00ec5d011a000dd5b573ffe20e011f000ce31165
ad4ffdef2ee3051dedd30fe1d312abec3c32ff0f03ddfd2e3534b3d5033eccce
ef242e4ebb05e52e3e043e2e40fe221dd120fd32bcad0fd404400524203e112d
f3a1e264c0c10d10f2f12223fc0046f30e3022211c4fe310ef301fe31ffc2d0d
ffe0cfdede44e0beecf1fd3f2341ececccf253ef2d53c4fcb4afb3103f4b39bc
4ea2400513af1e3e445f422f5e4e53d3b61df52d3cc222e4fd21eee3d31fefb4
12dcd0e00f031f147d13f400ff5c5113cd432dcc201052e04cb3fdf4202fb221
dedef21e230cffe2fd2fe330fe21c13001c053110e32f03d0bcdf2b201eff307
e1e12f2fd00d3d1ffdc5b0adb3f2d90c2cf3fe000e0310ed1f0f1431214d0df2
210ffdcccf00d01d2d45a1e3434f3422fde241eb3d1f12e6c402020412fe02b0
41d41e7bedd214db32563c21e41224e0c2f2f11ccc3ccf36c5f1efa3fefaeade
b35e2fd1cd30f5fc3bdfef00500dafdf20efbbefec3d5fc4e7d7e22507ff1cd0
1f50c12563fed303b1dbf00f0a9ef14c44de9f173f52fee3cff22f311f121f01
3de01f2101ce01ece13f0ebeb214e10f33e1f3f23c0332feff6f2d3b01122422
e34ee3d0e41cdaf4f3ea15fdf10eac2c4be01002d40fe13cca02ff1f0edf5e11
00541cf05d34c3becc3101b1e3e3c2effe001f1c41610f240553d0fdc22e1d3a
f1a3f10f33ee250f223b01b202c3e23223fc1f4f411d00e2e3e3f220101301ef
c32b2cf01f4cef412f0bf2201e1f01ee4a13cc2d01ab301311f02ef0e24050ce
2e112e41e1cefd04310e1e41335f13eeff4ecc3211c3f2b1002e42e1fcfc01dc
54232f1cccc10c20b1114bf23fe5d213ffb9e41acf1607f3c14b4c2fd3da003d
eff502fe1ee2d22bfd3ee2e4534f0e0e1412020ced1b2ed2d2d0df03eefec30c
c2effbcd2b11e3211f1fcb5df14100ee1b22e0cef0d02d2f24ddf2f02e0de001
24e01340e1d0102fe1061301ed2e710d2f02e10af3e0e2f31130201ef3df2a4c
4e101102c1e1ffe1eff321ae321a6dd0fef2fe2bdcf1022dd24340f4e4c52313
3b1c0e6fcf2e03d41dc0224104e12b1df9172e10f141edbe20c305d02c264035
fe4427c11e1eeed0d2f6b09ee3f1e2343de2d5312cf0241f30ec0f40c0ce2e32
13614f4fc13323221f1c3e2cc005cd0243b3c9e04eb040f035f35411ccf1dd10
f242fc0203eeb0ff210eb4f351f120cf201400c1413ed210dec0bffb1012eee4
0f3c0e5323ee1e11103d1f3fe2c0b1ed2eed0e11b1dfcc2dd043ee632f123e52
3fe2010e10ec2fc0e2d5ce13113444d1f30bf1ec005102e4d10cfdda20da4330
b41b0ed6120033d317fbe2333bdc0e3305402ce401fd1fdf26f7e535220de5eb
d4a3ecceed451e5b5d13ae1f61621c0eaf0422110ff342ffa292cec23d2ddaff
ed0153dcf12f31ff0e3c01ecbf11ec3f2613dd2051c0231e0d125c30c04fe33d
e1e34cd3f23f20fc51d0cf42dd05051f2f0bdec021201fc23cd02df00d0c1efc
10cfe23f10e2dceffe153eb2ef224b4dfd120d0e0ff1f2ffd2e1312122ddef1d
d0d3d2c20f1002f4e43620ebbdf3db013de5d3d0e140f10e201f302525400c24
f2c0e0212f22123d22200ce10ffd6d4d00e3b2f0ec2a1ee0eff40f542f04315d
dd221c11e13521fc10f040f2d3302ee0e0f72e3421ed1cd047d325f7f22409f2
0f51b4e31eef0e331f3e24c2e1c0ef314d0300ffc21efd0300e1f22ee3043ee3
0dfef3e1123ff102eed1e31e213e012122042b0014e6002fc1eed1fcfc41d40f
f9f32d3b9e24e3513d0a0062f0e2ebd2f02434c3f2c05c3ae5ec0011fa35c324
e5d003023f1032a112000eef11c31fce2ed1fe21fe41f1161df3f220d20e3c3b
12cfefec013f202b5020def1404216d2f51d524a2b0652f21de1efc00e01f0ef
d1e3dffbc0313e1e5d25ec4f120533d4015253321fef65050502f130f2da109e
f3ef3b4d2dec3d13e002de1fc31f1f3cff1c4035f2fe0f1f221c13321c32ede2
0003d00e015ef0e06fcf23ff1f232ef20e1f220f5df26d01020fff2210020be1
42fdfe12e31c32ffb3e6f0d2f6bdfe413deadf1cb333f3e32d0c1d3e1fd0102b
203ee05033f03b3de36252d03231b3f42fe9326d131edf04396c0feb03fe07f2
51921fefde0e021200322e5e034070b3f13ce4e01dae23010edcffefe2cca2e4
beb0be9f114effd51edf9d3ef201a3d1f2f0e4f41d13e03be4b302fa1e21c330
05ed30ce1efb032ed33fcb20fd12c32ef0ecbde03321f22605d442dbf020e21b
10102c44e0b2f40e044f21acd121ad4100d01df1c20da200de513440ccff2c62
13f00fffff4d02f02c01ff0ee22f2bfc0030e11454e25edc1f0fb13f0011eae1
dfa0f0def1f0de123cf3c42ffedd2dfd1d40d40ff5030fed1b2d0de12deddfee
2dec17f0220f1c63050175cfe2b1ae01e21eb154931fccd24dfe206b2031147e
fddc1312311dd0d411e524f0e2fde14311f004c5e135ffec132002e2fcdf2f44
4f1f4a0fa0c3006013734f2e4d7ed2f2bf14fcfe2e1bc142cfe421f1fedf2ebf
2eb11d1deefd2efd42f1ec3323515eef253d21ea5f1352e5ff02fcccf30034fe
01efec5ed1e2e30c1ddec3102120e101e2e0123df222e0f3e5f3ef121003fa3c
011dfe42e31d5136295d320f220fe23d1fd20c70c2021b12ec424233d1effe4d
bfefd29e3e54c0d023c3cc7d21745d01e66f15931d32130bd0a0ecec3d3db2d0
ebffd0320201e023c4bce2fe00d0b45200f41f010011010c400d2e2e3bd14166
e3913ff3de49dae32debcf30b06e32fb01de1320343d3240ff21101ce40d1341
3ed3ef2eec2200d25d331e0d12031d12ffb42c22022ef11d6e13effaef2fbe1e
2d1dfdc11fe1341cf0e14f0ff5ebdefc3df2ffb3d2eebcc0c35e010fc1c1e004
f21010e147c3c3b1c2403feeb4dd6cee2f3f40dfa1efbb05057000140deffe5c
fe53d02231c0dfc1f45f43e2fded5cdf32f5063311bfabf40e14260da3bdce1e
e31161230e759c6f3eedfa3f2fc13354ae2b40501045332c3ce1003add124e0c
2d2db2c324fef3c3fc5000d3d540050d2beee4dceeadebd6d02220d4e2b0fe53
2fdcd1c34fcc22f0002133f3f0e044d3e2f02ed11024e20fc00c1d203404a1d0
2d02def1d3d33232dc27302105efe1e92317f634313f0b3625d10c145b3904e0
12ffdcc32fc1d1c01f042032d20401cc1e04110cee1e1c15e6e14f13fc1bd1fc
631aaff46eefd02fe0e1a606d1f535c171de0da00fcee3b1e1261ab2e2acd074
f0b12d25110eb2e0fedfa03cd1c4023102191cfcc22361510ffb030ffd4493fc
5012d43ee1b00ee2fbd2de1de24cbcde20c5033d01b410a0023bf1f3dfe4e1fb
1ce1f10efdeff2eef32b44210232f31034ea3c1e1033e3391d0bd3e246e6accf
00e1351c1c2b3c3f412b012111d42b2ebf13313ed2d5e41fff2201df2013e0cc
4362e931ee033fdcf60f3fcf1e49cd1e03f00f0f30fff0d14021253c900d1923
032f4e031d54234e5f22ef511edc4d2fde20d37fc2337e5c1ef3003fee51fedf
e10ef351ef2ef4dc1d220f1c0a2e102d44062203edbececf121d01ffc312e0ee
0e3e0eee4f1cce30efc11fd5e22d301024241020310ee201131e300403ecf203
f1ee30d2d10ecf31eefc100fffa10f011d3fce20f23f5e0ffd131c3e542e5c5f
b21d531edf50325e2f5d052df1bcff13ce402e4fe1f551304b30df2d1434d021
32ddfbe250cff0f111600203d2e11410e123eeb3ffc1f220e0221de3a0d3de02
0b221bfd1232bcd4c14ebc06d422531f4a431501010d19dfc5ff53dffddd2f19
2dac3113fd294311f901362146c10311f2fff146635f0d12fece0c3240221fce
d02202f2004c03011ca3e22501324ce2fe0e2c13003d243d0fe21de00cf2441e
de051e2092150e43424e2d5e0eb0937ca1011e6cf922405240df1fea437011ff
2150fd321214f3c1f420000cd101d0c41d1dfd000c0fcdfffcede90001fe2d43
dfffd0f3ffecd0fd1c130331e290e201b1e33f43e0dff6ffdafd100e33f100ee
f311e1cf30dd44c9fe01e0cff340b1e43ddffff3e0dde10ecf544a02e3e03d01
adf5242e1c50fe402ecfdf022c2f0d1e041203214f42ee034dd5e3504100e42f
b32ed1f100e9c31cf1fcf2042ef20f11c4f100161142055011effd0d2113e0c2
c2bcdd00000f004bf133ce0df5c15c120edf0f31c13e0c3ecfe40ad33d1ff2d2
1f0e3ed21130cdcce560f70102c3fe3fdb2002def020de0dc11d4ce5f11f2ee4
1ee5fe041f01f13f0dd7f93327c1d2fd0d120dc2d13bb1e3c021f10dda2c201d
b11331111c2e0fda21113ffd2bd7940303d43af426efe6503fb703e02c300105
f1e30957ee3044f34642ded0ed2ec1f103d2f5eee2df202601e7ef3ef12cc3d4
04701244f413120320fd53500ccf55320151b12dea614c11302ff250c443f0b4
c0fd5322b16201efded0345cfc0dad449b0b101d3e25314d004f2e1e135f4c15
6ef5000e12ee0fd2d9e2fcb5e32ebb1c2cef04141e2ddece371120c61bff20fd
33e1ee3f2cf461ff4e2ff1f12d0fdaf0e4d22f1f1e2f140d342cf2ff11fed2c3
01eec5e1f1fd4bef02204be33af70e1002d20ded042602ee40b52ffe2004f222
224323fe2bb350113fd0d2e1ee4ddcbe1fd39de1119dc5e13d53d30eafedbd40
d1a52021c01040474b3f222231e1ef2cddc3f22f011deef22411f7f26e4e1fda
c10de5e0fb4bd10cff21e24fe0130a25be0f4e22e41734efed0fd5de1007e0df
90fe544fd162fd7e52cb103cf0a47f34ef492b6a3033333f0eddec7e45061fcf
c3fcd2300d14036001ddb14e74b201123d1dfd31c5514e32e3c1921cf132431f
7cfded9f541aea12a331d4f1c3d4500e3e0254f0f2a2edeee15e419302e4b2db
1cd10af51ef2e5ff0405d12010c030cf3d0df3d4d00d2d142d362e2ed1f1dd25
f411bbe724e0df4c2dd240de0e0335025fed3a14ffd2de203daf41d10e03e0c2
70e4e1f41c12102ff5e3f0f4d22e10b140bed3f5dd1ad0e5fe13f1b3fc1af102
f0511dff1fc3f2dde3143fdcb04f30eee5f4f3d2f0cba2d021427f0e04f23b12
92202d30223de10c2324c751f5ef441ded1e3112015c1f100effc15153ec5f36
f3e43410bd3fcc241c401f2c2cffef0e9f4deb102f6e413d300f314e135ee2df
d415e21c10112de0fefeb3e3f424e10e030204f0f425ef3e020c142eee3e232a
e43ed1312c31cc2d26ee2bead9134252ee2e3f41c4d323000e22d3f0f3300010
de10124003131dd1d0cbe4113c3ee040d0fce1090c33102ff2fbeb0d3e1e42cf
d2edf3ed2dfccc4ef0c9a20fed0463e51feddcdfe215420e4c110dd1f732ed2e
5ef0900210b40cc2d3afeedcef4fd00140af2ca0ec1eec91001ff310e3ff040d
5dd2fe1d2fe23caf1f7d20f1430fe020d125f13f0e32a62022ff45fe13de44cf
2222220e4ca13d3ac45200a3f03114e001eee11ffedfa4b36f1ffdc2fdd2cd20
d33f77fbd3dcccf05a0dc415c2de1e40ad3ee1101ee414306ced0cf50200c401
bf3f0ed2090e321e41432e33360e12f2c415fbde21ff032fe3e7cefc01fff031
e014dfec51040191e2ff1cbece2e220154f43d2eedd1d2e1133d53edc0b0012f
4f17e00205053ea4e1df00d4125c420d4000242c10bdddbf32fe41cfbbde100f
f124e0fe24cebdc4f1212dc2b1ecc0ddfaee0701d1cd2dcfb50143be01df0cfb
021e53260e15f1df4fe0cc0ac0ce3d04f265dadcc9f20e050ec6d040b0110304
004200061332f6efe231e0f01c20f712034034fe0d5fdb14cf31f2f4dd0f34e4
6d16df1e14e06dc110e340ff2641d5fb30f1f0d10fdfae92062252c510ff2200
4dbff3cfe0db40322132e3e4f413f6ee60cb44c52f11d00e1011f41433e4b2ee
b4c04e5cdb2c1d7311aecd2f15f20d31bde1023411315f413fc1bf4c3e513dd2
19244ff1e30234d629ee12102051e3ecfd1e15ef0ce11c11d32e2d35200b0cfd
f6ec45e2f0e00e02d30e2e4b121e3ff504f0df10f050f33cce1d023b111223ef
010e1f3e202b1f03f1e1d2f00d351d22f0201fefc23620e022ebf42ff1f203fd
122f0dd30233152ee030ee1fddc033fffc2523fedefad1f20e22f010f31c1f41
200bd0b10f1e34c4b53eee3df5ceedf3243023ee40fe30c01e00302adf220005
c0403122cd221dc453c04d1b2a212ce5131b0c3c2e312d2f310dc51dd0511c3b
403f0edd0223221401b0ddff20eef20cd2e21533fdfe5c1f30df230f053d3e0e
2cf1001ef0112b1f2bfd32ec22e2b1f12c1e31fc21f22feb6eaec3ef5602ecda
2dbc0b05ee40adfef214f1d3d2b20f011f446fe5d2dc20f5f03e10e1e1f2c3f0
e22ce2d315331471fbcf00e3f2123523f930de307cf1300ef32ede421f4b53d3
ebdce1e22faef3cd3b3122d4ffe211020213e211d0ba0fff33f23f24b0f2a21f
4e40dd16f2b3b7bedcc50dd2d40f4fdafe0fc4efe2f9aaa60102301e1cfc321d
de2054f2e2de122503f1da2f2151bfffddfdae2b4eb0f443720620ce232f2210
1d014ff0f2f0ecd0fe1f53e2140131fd1b1c5f1300410f1dd11b4403d3fe0fc0
11fbf4fd21cd5fe47000e4de1b36ae133edda20b22f613df51c2b5f14330d000
a24be105ef3f010c03bed12d05f4174fa22004430c501d152e202b403f1342e2
4301250df0c0df02f30b61eceaed0f3ee4ff0ff1ef2ef0d24d12d10c1524f0d3
3be122ee12c0fcc0fd5eefcc0f31cade6f442ce022dd909df31d0eefeeef0ffd
df3d2e11f21ce54522cf545311c4e65cc20ce352313e1b04d2f4c2445b0b0e0e
d5e2253beb0f3421320d20302fee02f3ed21e04d1b43533051deef132233300f
1ce2014e00dc121152c52cd0053224f2f30ed23e521bdf3020b4ed113d2004f0
d3fd41231a4fd31e1f45e0e2250c4f131d1d0c3de0dfb40f01322b0fef0f00f5
b133edb5ed0f1e3e110e1a5ee4dee2fff12efd24270e70202e0115301d20fe2f
1b3e102e00ced333ec24d1d2fe3c442c1ae0440c1cfe0c04134e31f6b1ede1e1
42f1e2212d00ee0c2e51b4f202e22cf4f0ca5ed3f4134fea4a24eeffe0f3fded
3410ae00f0f03fde0de15113324c32dd13b6b2e03d30232120c3f45110e2602c
131f433ff13f3d11fe20de011fd40df42f2c0f0fff0006409f2ecd1fceefd4f0
0f1601d951d01fc52e6dbfb0e0df2dfd4ef6f4b0fba4910ed0ed21119fa0a24f
d2e345cef1ff1011f2fe14213ef2ef1fc0ef1c3f30d336eb2d1dd132f02040cf
0d0c002ec333104e31e0221b2f2dbb122f400b1331f44ee03cdc320f51243de0
33edee100fa164d43131ecfd4d3eedd34dd2f1b41dbeb0c0d13de10d0ccdb412
b420d1342235de20c4a01c0c09fe6d14f330e5f10442fee3c214f2392c3325fe
13f0031ecf3fee4cebfcee1301e3ff2020ecdd12f3506021f031d0fd43efd0b0
d3fd000ef0d4de33eee01bf000024c0f1d12e04f4d3f0f3e0fee1b1f5f31ee11
2ddf1213413e4fd21f031101d30324f0fe23f631f3cec1e50232fddf21db00fc
1441df0116c5f3d4d4b2efe0fe30e41e504bb41ce2cdfde0fd0135e2a3fc1f0d
50dfffcc4ef3de12d70efdedc34cd0ed5312021fe092dbb3ce4e24fdf00dbe30
d53d01010d2df350efa2d41ccc0122ff124fdd6d0f122f12ef4e4b20f1f21132
0210241ccbe749f1004a2c194a31eb26f01de14e0ad6c12c12cad530e1215d02
61e702e90cdb1ce43a3d1c23541109e0eff235032215c001f11ed7f0ed0f221a
5fc4d101d0f13fd2fbb4e1fdf43a9b1f5e95ed12e3df1f11fef206ee112ace02
5ec510dc60c23c03f060fe1411e0d2be40ef3f31f3930de0f32ee10e1dbddefd
3002b00adc3c2d02eecf11e53225101e3400e214222101fed04dca17e1fdf022
94dad54ca26c231c251d456d301cb035d1f11a4e6251402e4bdcce202f311125
06e0455d1eee2a4122dbe04b1b2d2134bded1beb0fd4456b2cfd04fc33220ff2
1de30c12fecd1df0c15d10d31bfc0edff2eed2c6030cf3f23e6d24efbfff2a21
03eee1011f5df41e2fee33200bf1e111e02e50f2e24eebed91f0d1122c3d00d4
4eee00b024de01ddd0e331e20f22651be2fc422413eb4de5d4313004f21c0132
5c20fb1ef01105f1ef4224d3f44befff0d13cfef4e00d0d2efeb0e01c1ed5f31
0433f4f20fc04dd303521ec0011e3cb266002ff1f09f9290f2331fed9efe0f5d
c2d2d034c004f40315f3517b12be42f025216c42ee7d620d01e2c11e0d0d4eed
1df4f123ebb5623d01f570113e0323dc14d111e21bce2fb145f0e1302fda565f
2e252df011e3f13140eef03fe0e0453bc3f034edf3cc2ee0620fe63ef15fde1c
13fe134f0fffdd4def4c620cfa021234b22c3c2e0035732b2dcbe32d1152501f
13231dfaff12ccd4c5de2510fd301bd14ffff3c2fcedfc00a2de1f1e2d1dcf1c
2d1fc0e33bbdfe00df2e2d1e03f2f2ee7cd0e5f6eff0c4d3fef410fd1201a32f
d1de3fff36022d02fc03b11beffe4601fc332fdf0b20fabf041b3ef222e3311e
2c03fd1220fcf3210ac3050023e1fedde1d42e0110ef3f03c0fd0e13ee1d300d
10db1ef2d340d0eeda03331144c02303c12ffb2f1d214044bece1f20f00334f4
fe00fefcfbfbfcfffe000300ff05fefc02ff0402fa040306fe00fefcfe02ff04
fd0507fffd00040404fbfe0701fbfefffbff0000fd02fdfe05fe050406040203
fc010201fbfe0400fe03fe03fdfa040702040002fdfffdfe0200fd02ff04fe04
fd01fc0300fc01fe0004fcfefd02fbff01ff04fc01fe020205fc00fa00050206
fefc0203fdfffe02fb010203fd0502fefc01ff06fbfd0202fffefffe02ff0404
ff03fb040500fffdfdfe000301fb040101fc02fcf90204fe040103ffff050002
0400fdfbfd04fbfcfb03fd020102030200fef903fc040105fcfd030301fffd03
0703fd01fd00ff010301000302fefb02fc03fdfffc010200fffc0403fe01fcfd
0204fcfdfd0105fb0506fd0105fdfffd03fdfc03fdfa01fd04fd03030302fd00
fcfafb00fdfeff04fc0200050103050002fb00fe04fc00060403fb0101020300
03fdff01000003fb03fafd01fbfefa030501040500fd02fe03ff0401fdfafd00
fbfc02ff02fd0300fd0302fffefc000101000200fefefe03fb03fc000100faff
fcff01fdfd06fffbfe03020302020302fdfffffefcfffa05fbfc0002f900fd02
03fc0301030001fe00fd00fdff05fdfcfffe05000400fc060101fd0503010305
010204fcfe01030104fd0301feff0200fe04fc03fa01040403fd0505020205fe
ff06fe02010101fc0201fd0002fcfb0003ff000305fb06fdfffc0302fe03fffe
fdff0001fcff000000fffefe030306fefe04fffefcfdfb070203050101ff0005
00fb0203faff030700fffdfffcff06fffb0505fd01030502fb0402fcfd05ff03
01fbffff0205fcff03fb04fefc01fe00fb04ff02040300fdfcfefe05ff04ff00
060001fc02fefafd0201fdfe04fe0601fc0002fd05fc03fdfe0102fbfc0203ff
000300ffffff0000f903fdfcfffe0201030305fdfe03fc02fdf9fd0704fe0103
000205fe0103030505fefe010002ff03fbfdfc0001fffd0001fd0505fff9fcfc
0300fcfc0300fefe03fe02000204fffe04ff0203fefeff03fffd01fffe07fffe
fffefa01ff0202fe040100fe0204fefe0103fcfd01fb01fdfd01fefdfb06fffb
02030002fd00fe05fc0103ff0202faff01fbfa00050203fe0401fc0402ff03fb
fffdfcfdfd03fdfd03fd03020001fafd01ff0004fd0100fc07f9fdfefbfdfe01
ff07010505fcfcfefe0301fd02fd03020200fe0400fc01fd0206fcfb0307fdfc
fc00050200030102fffcfefe02fd0200fafdfc04020403fb00fd05fefcfb02fa
00ff01fd05fe00fafe0303010404fd0302feff04020403030101fb01fefdfd05
01feff0404050003ff05fdff01040003ff01fffc00ffffffff000103fa060301
0004ff0305fbfd040503fcfd04fefb03fefe0201fc03020503fc0003fdfd02fd
fffe0500fdfd0105010003ff0001faff0403fcfbf9fc0302feff02fffd02fbfb
03fe0500050500fcfdfafd04ff010003fa00fffd04030001020300020501fdfa
00f900fe050200fa030301fb00030100010303fafdff0203fd04fe04fefffefe
0200fa020103ff0203030304fffb04fc04ff04fe040206fe01030501fb010603
05fe020007fffefefcfdfc0204fcfafcff01fd00fcfdfe00050101fbfc03fcfc
00fdff0102fdfcfdfcff0302fefdfe00fcfe02fe04fbfc02fd03fb0405fd0200
01fc0104fb04ff06fdfd0002fb010404fdff020104ff04fbff0303fefb040204
fcfcfefe02fc01fb00fc0603fefd05ff0003ff01ff04fbfe01fe01050406fefe
fbfbfb0004fef9fa0001f9ff000201fcfd07010406fb01ff02fe01030203fd07
fcfffc0104ff0101fcfbff00fdfc020501fefd0104feff03fd050001fb06fc02
050504fdff0202fc0104fdfd04020101fefc00fe0002ff0305fb0303fd04fffd
0003fd040005fd010101fdfc0302fe00010503fcfd05030305040203ff0100fd
04fc05fffcfd04fffdff00fe030302fc04fb010301fcfc0100fffefb01fd05fe
03fefd040101fd0105ff02fd0401f9fb0404fcff0003fd00fffcfe0002030002
ff050103fefafb05fd0001fffbfffcfc0600fb0401fdffff0202020402020100
fefd00020005fe05010400fe04fe03fc02ff0200fefefffc0101fcfbfe010105
00fdfc03fdff00fe030203fc03fb05fdfaff000204000304fbfcfe00050002fe
0204060004060402fa00fd050303fd00fffcff00fd02fffcfe0603fc01fffd00
fcf9fefd04fbfe0302fc03fdff010400fb01030004fcfcfcfefe010501030300
00fefc02fcfe04fd04060503fc02ff02fd02fffdff02fafefe0300f9020000fc
fb06fd040402040301ff0603fd0301040104fc03fdfdfc0000fd050401ff03fd
fffdfdfdffff02fdfffcfe03fc0400fdff04fefd040004fe06fefc0401020405
fdf9010003fe0200010400fe0401010001fe0202fc00060600fefe030001fd03
0302fc03fffe01fdff030103010404fc01fc05fefd04050303fcff03feff0302
0105ff02ff00fbfe03fd01fffc03fd0000fdfc02fffc0101050004fe0506ffff
0105020000fbfe030102040201fe00ff0103ff030207030202fc0302fb01fd04
fffdff04fc0103fffffefb04030600ff01fdfcfffbff01fc00fc01fcfafbff04
03040502fe02feff04fd00fffe030104fffd03fafa040502fdfc050300fcfc06
fe020204fefefcfb0300fd01fdfd0104fc0202fc0003fffe030402fd01fffdfc
02fafcfefcfb02ff03010500fe04fcfbff01fdfa0201fdfdfd07fdfafd030105
fdfefcfdfd00fcfa0401fbfffcfdfffd0302fcfd030201fffcfd03fbfa0604fd
0303fdfcfd00040101fefd030005fcfffe0202fe0403fbfdfb0103fd0104fefd
01050404fe02ff0001fd0104fe01fc01fbfffc0500feff00fc0100fffbfffc01
fbfc02fdfbfd0302fcffff05fc01fdff03fbff0104fb000300030106fe04fdfd
04fb040303020103fe00fd04fffb0001fdfd02000201fffe04010405fbfc02fa
ff02fb050203fc04fc04fa0300ff0300000400fffaff020200fd04fffd04fdfd
fe04fbff04050300fb010301ff0404fdfe0505fb0001fffc0100fe04ff0100fd
05070302fdff03fffef90302030402fb02fdfbfdfb0401fbfb040104fe000402
04ff0105fe0001030501fcfb0401020102ff040301fe04ff0302040504fcfe04
fc00fffc01fe03060004020303fcfdfe02fefa02010000fffefffe0402ff0403
ff04fdfe010104fc02ff0100040302fc0101fffc03fd0404040102fd05070106
fc0004fc0705030100fefefefffe0301ff06fffefbfffafbfc03030202fe00ff
fc020304fefdfefcfcfeff00fefcfe03fd00fc02fe0502feff0604030104fd00
00040004fbfdfe05000204fdfefe000007fe0302fb050102fbfa020102020002
ff0100040206ff0004fbfe05fd00fefb01020001fe02fdfffe02fdfe0300fffb
fd04030402040301030001fc030405fe0504fc000502020602fc030401ff0402
ffff07000403030004fdfffcfffe010201fefcfc050103fa02fd05fbfb02fbfd
00050401fd00030700050200fbff000300fe04fe050302fbfa0304000402fcfb
fdfdfb0001fefb0304fd01fd05fffd01ff0504fb00fbff03ff0402faff000206
00fc02fdfe070305fefeff0203fbfc04fcfffef905050100ff01020403fb00fd
0100fa00fc01fbfbfe05fe04010104fffd000005fd00070502fefefa01fd01fc
fffdfcfefdfc0306fe020403fefd02ff01030205fb0103feff0400fb05fbfdfb
ffff0101f900000404fe030000ff0102050100020400ff00fcfffc02ff03ff01
fffdfefc03fffbfc01fffd0204fefefc01fc04fdf9fbfc02fefdfeff02fe01fd
fffdfc000006010400fb0501fefd03000202fbff0205faff00ff00fd01fcfe04
01fc030504fefcfcfb01ff02000101fa04fc0500fbfc04ff01fb04fbfdfcfefc
07030403fc0406000704000203fdfa05060101fffa0300030502fe0401030600
03fefcff0100020003fbfd0307ff060403ff0100030504fe0400ff04000404fb
ff00fd0702fffefdfe03010205ff00fcfd0206fb00fefffefdfefc040500fb00
02fffefefdff0400070002fffbfc0000fffa03fefa06fff9fefd0702fdfffcfd
faff00fc06fcfd05fd0303fefd04ff00fc02fdfdfb01070205ff06fefbfbfcfc
01fffffe060302fd0000fc020203fe02f9fcfefd040600fc01ff01fc0504fefb
fdfe0003ff03fb05fefd04fefe06040102fbfd02060102fdfeff00fc01fafe05
fd03fcfffffeff02fe02000203fe020302ff01fdfd0503fcfbfbfd03fd060001
02030303040203fbfb0100feff02ffff0105fdfd03000002fefdfffafd0002fe
03fb01fc000202fa020400fcfe02030500ffff00fafc040303fe0000fe030507
0005fcfdfd0200fafa040102fc03fc030303fbffff000101fb00fe0103fb0203
01fe03fc0301030205fc0205fd0200fb000003040602fbff050300fefdfbfbfb
fdfcfe04fb02050603ff0001fefbfffd000600fdfb02fbfc02fe03fcff0403fe
fdfb0102ff000300fd020003fcfa0402fcfe0401ff02fb040000ff00fffdfdfb
fa0300fc00ff00000203fd0303fc060404ff0003feff01020006fc0001fdf9ff
03010101fd00fdfefdfe060001070303fdfcfffc00fefefcfdfbff050404fb00
ff01fdfcfe0504ff0201fd020401030205fbfd030401fb0305010203fe030204
fefc0204fffcfe00fd030303fcfd04fffefe03fd00fdfd07fc01fe05fc010405
03010103fe05fe04fffefffd0103fffd06fcfb04050503fcfbff00fc0100fb01
fcfefe010206040302050304fd000201fafefeff0303fafefefd0000fc0003fa
ff06fe0203fffffcfd0603fc01fefe02000300fffc05000200fd03fc01fa0100
0601fe0203fe00020300fdfffe07fe0404fb010201fb0003fd00fdfe0203fffe
ff00fefbfd01fd00fbfffd01fefefd00fd0003fefe0106fb020505fc020200fc
06fe010000f900fffa01fdfa0107fa01040101fcfffa000103fb00fbfe0600fc
06fdfc0001030402fe030200020402ff01fcff0006ff0500fefffffa05fefffb
03fdfe04ffff00030405fb0505fefffdfffd04fd05fe000404030201fd010600
fe020205000504fe0105fb0103fc040200fefe030202fc0704ff03fcfefffc02
fefb02fc03fdf9fd02fe0201fcfc0002fe04fb01fe0106fd06fd06050204fbff
05fbfc00fdfbfe020502000402fdfb01fb0304020204fbfa0103fefbfe04fdfc
ff0300fcfffdfe04020505fffe000301fefc03fd05ff04fe000500fa030504fc
00fcff04fbfe020103fc0002fefdfd040301ff020702fafc000200fb02fd05fc
020400ff04fffb0203fc03fafe020001ff00fefefe00060001fd040204030202
05fe00fd0505fffd0006fe010101000203000301fd0302fb0003fd0600ff01fe
fc01fe03fbfc050302f90503040102fffe0400ff03fefa000202fd0200fbfcfc
fd0002fdff03ff01fbfefe00ff030204fcff02ff0404020506fbff0102fe0503
03ff0400fdfbff00fe0305fb00fd020405fc05fc050600fc0300000204ff00fa
ff0404fffc05fb04fa00fcfc000004fefe01fd0305fdfbfeff05fbfefd040002
fbfcfcfd07050203fd0301fdff0407fcfb0400fafd00ff0402fc00ff01faff03
ff01fb0103fd000101fb040302fcfc01fdfd040304030500fefe02fbfffe0204
fd00fcff03fdfe04fdfffefffd03fefb0004fd00fe0500fe04fbfffb00fefefb
01030305010200fd020102fcfefb02fbfe0605fb05fdfbfa03ff0301fd010100
fcfcfdff01ff01fc030506fb0500070401fcfb050500fd03010401fa050502fc
fcf9fffb04fc060405fb04fb03fb0405fefcff01fefefefffcfbfc0200fe0300
02060402f90200fff9fb0201fcfb0303fdfc03f9020005fc05fe0403fc05fbfc
0401fcfd05fcfd05010002fb0302010401fc020201fbfcff05ff00060300fc06
040204fe04fafeff00ff0100fefd010600040105010101fe020500fcfd02ff01
fa02fc03fb06fc050303fcfbfefffbfefefe00fc000305fe050401fffcfc02fe
fcfdfe01fafcfd04fffb01fc02010103ff0003020106ff01fc0501fbfafcfd01
0304030503fd00fbfffc02010505fdff040604fffefd03030104020003fdfe01
00fc000303020402fd01fb01fe02fcfdfffcfa0101fdfe0003fefcff02fcfe02
fb020302fb03ff06fbfb04030200f9f907fffff9ff0201fc05000500fdffff03
fc04fb0203fe010405fff9ffffff06fcfd0001fcfffcff040004ff0202fefdfd
0401fb02fb040101fb00fc020103040503fd0201fa0303f901fe01fc020405fc
fffdfcfbfc0502fe0304fb01fdff03fefd02ff03fb02fefb030407fa0100fdfb
fbfd0103fc0102000705ff000304020402fd040204fb010306fd02ff010003ff
fd02fcfb050002fdff0100fd030100fe01fb0203020303010000fffcfafcfe00
ff02fb05fd02ff05ff040305fd0403fd04fc01fe06050105fa05ff0001fd0101
06fc05fefaff0207fc01fb05fcfcfdfa030305fdfc03030105ff0502fa02fb00
0304fffdfffb020703fffefd02fe02fcfe020404fffe020005fb0000fefe0107
0300ff04fafbfe00ff0306fe01fc01fc03060201fa00fefb00fe04fcfc0002ff
f903fbfe02030005fffdfefa01fffdfd03fefdfe0004fbfd02fc020400fb0002
0303ff03fe040100fd02fdfd04fdfafa0502fe0105fb04fc0401fdfffbfd00fd
fc02fa070702fe03fcfcff070100000702fcff0303fbfcfffdfffdfffbff00ff
0203fbfc0202f9fdfb0100fffb04050402fc0301fe01f90301fe03070501ffff
00fc00fe030401fdff02fffc0403ff0500fefe02fcff04fdfc04fa00fdfe0403
0501fdfffcff02010305fa05ff0403ff00fdfe0103030104fffb02fdfd0102fe
fd04fc06feff020203fd05fdfa0100fbfffdfa03fcfd0202fdfcfbfffe01feff
ff0602fffb0200feff02fafcfa03fcff01ff0202ff04040101fef9030502ff04
00fe00010503040402fb01fd04020706fefafe0300fcfd0403fdff0204000403
0400010102fffc00040100ffff0300fb03fcfe0002fc00faff0205fb020402fc
fe02fd06fffe0103fffe01030100f9fbfffd00fd030202fe05fd02fe02010300
fbff05fffbfc040403ff01fc070102fd0304fe030206fffb0304fdfefefc0404
010001fb0202fdfc0402fc00ff040603fc0502fafbfd040304fc0501fffdfffa
ff00030001fefe01fdfffe040303fb0304fffe050002fdfd03ff00fcff04fd01
010201fe0701fd010302fefffc04ff03ff05fd00fc02020406fdfeff06fefffe
fffffc02fdfefd05fcfe020203fb05fffdfbfefcfcfb010200fdfdf901feff04
01fa02020102fcfefc01fffbff02fc06fb070100020402fdfcfefffe05010003
0006fa05ff02fe0202fefffe03ff0000fd0003fdff01fc01000204fffefd02fd
fc01020601ff0000fbfc0203ff0305030202fcff0304fafe0104fbff01fffdfe
04fb05000300fafc00fffd00fd04fefcfcfa01fffffefffc0601fb030404ffff
fcfc000400fbfb0007ff04040301fafe04ff01060102f90106f901ff0100fa01
fbfffffefd020304fdfefbfdf9fc07fffcf901fdfefeff030102050305ff0204
fe0602fb010104fdfb01fcfc0005faff01030300fd02fe00fe010203ff02fcfc
ff030401040102fbfc02f901000502fefdff02030105fe000105fc02fbfc0301
04fe03fefb04fdfefefdffff01f9fdfc0402fc0505fefa0303fdfffa0002fc04
05ff02030205fffd00ff05fc05030600fdff0304050101fd02ff02fdfa0102fe
05fd02fe050500fdfefb0003fcfefbfafe010301fd03fffbfd0102fffcfefd03
0103010202fb02fc0500ffff000202fcfefcfd05fefe00fe04fb0403fb00ff03
05fb04fc05fdfd03fd0205fb04fc07fc04fd04fefafefb030603fbfffafffc02
fefdfe0204fdfdfd04fb0400010402fd03040501fc00fb0502000300fffcfffc
0003feff03ff0301fd00fa030004fafcfb02fdfdfc0104fe0200fb03ff03fc05
03fe0406fcff0004020501fe01fc02fd02060601fd05fffd05fdfc01fe0303ff
fe0302fffdfc000602010402fc00fe03fffe0301fc00fffc00fcfbfc0403fe01
000504fb0405ff05fe0501fc000303fe01fc01fcfc000604fefd0206020404fe
01fffcfdfb04fffffcfefefbfc0305000207fd01ff0301fd00fe010104000400
02040002fe04fc01040404fffbfd0004fe0000fe02fc0402fc02fd01ff03fc01
04fffafe00ff030603fd0104000204fc05f9fcfcfdfefcfd05fe0100fafbffff
06fd00fd0001fe05fdfbfe06fefdfffefdfe0101fd00fd05fc04020502fe0301
fe04020703fc00010204fe04fdfe00fbfdfdfd0402fe02070102030101050401
fdfefc01f9f905fffffd04fdfd020000020200fd0204fdfd040306fcfffd0106
fffe0001fdff040403fc01fcfcfd0201030201010205fdfcfafefd00fc0304fc
feff02ff0102fb0104feff040204ff020303020101010406050305fd01ff0301
0403fbff0002020400fdfe06fafd04fdfefefb0104fb0604ff01050303ff01fb
ff020601ff0004fcfcff040403fafe0500060200ff03010400fb0100fc040102
fafefb02fffc0401fcfcfefbff0200fbfffaff020100fc00ff010600f9030103
00fafa02fe0503fc000002fefcf90702fdfe030605fc01fc06fefb00fc030102
0203fcfffcfd0203030304fc02fc030405fe040002fdfd0506fb06fc0000fdfa
0100fefefc02fdfe0502fe0305fefc00020502fafefe0302fe02fdfffa04feff
05ff040301fbfd00fbfe06020200fc02fc01fafd050601faff0301feff00fe00
03fdfffffc02040101ff0201fdfbfd050205fffffe00fbfdffff02ffff0301ff
00ff01fb0504fdfdfefc0401000602fcfb01f9fffeff00ffff04fcfc06fe04fd
04fe01fa0401010102fd02050601fc0404ff02fdfcff01fd0206fffcfbff04ff
fe04f9fefcfef9fefcfe03fc02feff050004fbfdfb01fdfb0500040504fb0004
01fdfd0200fafdfb04fc02ff06fd0105fe0306fffc05010504fa00fffdf9fdfd
04fffd0503fcfffc0203fc0003fd0303030305fd06030205fefafc0300000202
fffc05020002020303fbfb06fe03fd000303030006030507ff0006fcfb020200
020202f905fe02fdfdfe03010200fffb0105ff0107fafb04ff01fb03030200fc
0204fcfb03fc02fdfa0402fe04fef9fd03fc0400fbfc00fafc02fb05fe0202fb
00fc00fe02fd0003fbfefdfe0100fd0001fc010704fc00ff040405fcfd02ff00
fafbfc04010502fefb01fffe03fe0305fffd03fbfafa04ff02fffdfd04ff0401
fc01fd02040102fd04020105040102030401fcfefc01fb0207fc0200fefefeff
010203fbfefa010402fb04fa000300fc030002fe0200fcff0202010505fe0300
fffcfbfbfbfe01fc02fffbfefbfc0406fffefcfe03010304fc02040106030200
fc0503fefb020406fd02fcfa04fefc04fd01fc03fbfefe03fc03fd05fd04fdfc
050005fb0405fb0005fd04ff05fe02030003fc03010406fffcfffc01fdfdfefd
fafe02fffb0404fd03fafa03ffff0404fbfdfefbfffefbfefdfa0005fbfbfc00
06fffd0104040301fefc0302040405feff02fffcfe05fffd00fe0004fe000101
fbfffc0405fb0402fdfc05f9fbfd0504fbfdfe05fcfb0404fc01fafe030403fb
0403fc05fbfbfffdfd0406fe050703fb0202fcfbfbfd00000002fbfbfefd01fe
ff00fcfafcfd01fc0006fffffc01020104fcfefffbfd00020006fcffff0501fe
fc03010507fefd030102fe040000f90706020006fefaff06fd01fbff0305fd02
0201fe05020100fe0103040603ff03fefd03fe000301fe02f900fe0402fd01fb
0402030406fd00fa0402fa04fcfdff030106fdff02f9fa070405fc00fefcfdfb
fdfdfefe03fefd03fefa060000fe000002fbfdfefe0101fa01fcffff0303fd00
fefc01020104fb020004fdff02030705000400fbfd04fbfc010601020002ff00
05feff030500ff06f9fffa010100fe02fdfeff04f9fbfd05fbfc0404fafef9fc
06fdff0505fb00fefe05fa01fdfc05fc01fe0404fd05fd050002030004050305
fc04fe0600fbfc07fdff07fffd0104fb01fbfffa05fcfcfb0105fb03fffffffd
fd020204020502fffffdfefffffd040100fcfb050400fb07fb05ff0201fffffb
fefc03fffefffd01fdff06fd01fbfffafefc00fffd0603fd02fc02fa0400fc02
03fd000503fcfe05fefbfe0300ff05fbfe0102faf904fc04fbfa05fcfffe02fa
fbfffc0602fc0105fd04fffefcff03fafe07fe00fafb00fb01fef904fffffe01
04fc03fefdfdfd010400fd04fcfe0404ff0403fefa040000010403020100fc05
fe040600fefdfd05ff03fa02fffc0306fb060403fd0302fd0102fc01050604fc
fcff040400fbfbfd02fcfe01fffe03fdfd0404fb0300fef9010406fe0704fc04
fdfefdfc00fdfd05ff0504fe000102000202fefc04fc01fbfa06fefffd0004fe
fefb0502fcfbfe020102ff01fdfb0202010201fdfffdfe0301fe02ff01020201
040103fd0003fb030403fafcfe03f906fefe0502fbfe00f902fe04fdfafffd01
0000fcfc060003feff01fd05fb01fffcfbfb0100fe0405030203fe0202fc0302
000103000104fc0003fdfa02fa06fbfb020000fff9fdfc06020505070006fd02
fefe0101fb030302fe04ff0101fffffcfcfcfdfefcfffeff00ff020405fcfdfd
040105fcfd00fffb010204fbfa06fefd01000103fc0401fefd06040106050003
0100ff01020605fef9fffc000501040504fbfcfefb04050302ff0000fe00fdff
fdfdfef9fe04fffbfcfa0300050203fb050203040002fd050502040302fc0105
02fcfefcfd04fefd03f9fd0402fe06fcfdfc010404fafb06ffff04fa00fbfdff
00010506010002030000fd02fbfb020401fd05050401fc0304fb0601fa020103
0004fc0502060400fd0506fd0104040501fc0403fe0003fd03fe0204fc040302
fdff020500ff05fbfb02fa050203fbff05fe05fef9ff04fd04fd06fefdfeffff
02050401fbfd0406fcfc07fb00fe0000fc03fe02fe04fcff020704010104fdfe
03fdff020201fd060604fd00020504fefff90203fb07fdfcff04070405030504
0503fffb0003fd0202fffafbfc02fdfa0406fcfd0105fffdfd01fcfd000104fd
0400fd02fc00fc0403fcfe0600fefdfeff05fc02fe04fd03fffbfffd00010004
0303fdfcfe03fd010505ff020502faff04fcfefc060604fefefe050302fb02fb
03fe0202fc040203fcfc0602fefd000403fffb0205fefc01fb0303ff0504fc04
0103fdfcfc03010502fbfd00fe0403fc01fc04fffffc0402fdfcfd00fc0000f9
fafaff0404fd0106fe0206020503f9ff0204fcfe04040302ff05040304fbff01
07fefd03ff01fe0101fd02fc020305ff05fcfeff03fd0404fe000605fd020404
0400ff0402030301fbff04fc04010106fc020300050200fcfdfb0201050104ff
fd02030504fd04fd0304fbfbfeffff03fefb02010503fc0003fb020103ffff01
0300ff00ff070501fdfd00fd0401fd000606040503fffdfffff902ffffff0004
02fa05fa07fb06fcfb01fdfffcfbfc04020304fffdfb02fbf9000407fefe0507
050205ff05fc01fdfcfeff03f9fb00030404030500fc07010601fefdfbfbfefb
05fe03fc0102fcfc0002fefffb0501fafc00fe03fe01ff03030002fcfcff0606
010200fb03fb02050205f903fcfc0200fffc040100feff04fd02fa04030601fa
f9010207fdfdf90303fdff030600fd04ff06fb03fc0402fe050203fefbfbff03
02fafd0602fdfcff04ff020304fefefd01ff000603fefffefafa00fe04fc0302
fdfcff00fcfc02fefb02fe02fd03020002fefd000101030003fffe01fe0202fe
0004fffcfd0400010505ff0603fc01010500fffcfefffc03fdfe00ff0301fefd
fa030305ff03fd0604ff01070303fdfdfd04fd05ff01ff07fc0203fcfa0405fa
fafbfd0203fffefa03ffff03fdfbfffffffefd02020200fefaff00fe06fe0304
0200fc01fffb0304fdfbfd05fffc010202050502050201fd0400fc0203000503
fbfb030602fbfb07fe0204000201000302fc0102fbfe02fcfe010600fd01fffe
0206fefdfb0002faff05fe0102fcfefd04fafc020203fe03fffb0002fe03fc01
05ff0203020300fbfb030203ff01fefb020505fc040204fc06fefe03030305fe
00fe01fc00fe0601fc00fffb040400020403fd01fbfe0000fe0007ff06030105
fbfbfc01000101ffff0406fbfe010105ffff07fe02fc00fa0500fc0403fdff01
fe0700fc01fefb030301fefc01050001020304fefafefc02ff0300fffffb0501
050402fffcfb04040501ff0304fd03fffdfbfe0206fc03fffc0005fbfc05fe03
fe0107fe02fdfefb0102fdfd05fb0000050303fcfc020102fb0307fe02fefd01
fc020105020101fd00020401fcfb0404fcfbfbf9fcfefcff04000001f9fb0402
fefffb0004040107fe02fafffefffdfcfffffe04ff0304fdfc04fe00fe040001
00fefbfbfe01f9fc05faff0200fd07040503fcfaf900ff020502fffbff0304fc
fd010401fefd000606040000ff01ff000300fdff02010103fe0200fe05fffd02
fb0604fbfcfbfcf9fdfd02fb0000fcfefdff01fcfcfe05fffc01fd01fefdff00
fb0304050506fe0505fb02fafe0204030000fbfbfefe0204fefbfafffbfcfc02
02030107fe000400ff03050202fffe010402fc05fe02fffe0100f9fc0502fa04
0400000303fcfcfa02ff030101fe0006fe00fd0203fffcfd010205ff00fbfb00
0002fcfdfbfb05fb020701fcfe0300fc02fa02fffefefcfb01ff0203fefffc01
fc0502fb0100ff0200000105fffc02fafcfc05fefc02fd0002fefe01fd02fdfe
fcfb0401ff030003fd02fcfe04000203fdfcfe0303fcfc03fdfd0404fdfbfdfc
03fdfe01ff06fdff04fafcfb02000006ff03fb03030604050001ff00fc00feff
01fffe0001fe00fc0501fe02fd060205fd0104fdff050202fe02fefefe03fa03
0204fb020206fe0602fcfdfc0202030004fffe00fc02ff02fe00fb02fcfe0501
030106fdfffc00fffcfffa05ff0403f90601030102fc030103fdf9fefafffdfd
fdff0001fefffc02fe02fcfcfd02fe00fefdfd000602fefb00ff03000001fffe
03ff0102ff03fbfefffffe00fe01fefe00fbfb0101020303fc0206fd06fc04fe
ff00040300fefbff00fcfbfb0404fffefcfafdfd020003fc040403fdfb0001fc
01ff0404fe03fd02fd03060003fdff020202fd0501fffffd01fc030400020304
030102fd010603fd0300fcff050600020606fffe03060203fbfe03ffff05fefd
02fdfcfd000206fdff020304fd03fefcfc0204fb04fe000402fbff0104fe0203
00010200ff00010404ff00fe05fc04010203fbfaff01fffe02fcfeff050504fe
0400060100030300030402ff0000feff04fb02fe0301ff00ff0506fd06060103
0503000103020304030703040500fffd0204fc00ff01ff030400fe02fc02fcfe
03fdfb05fe06fc03fbfa02ff01fc00fc0302010004fefefd04fbfeff0400fefc
ff0303fb01fa0207fc00fe0501fe0201030402fffefdfe05fefcfdfdfffbfffc
fdfefeff00fc0303fbff03fefd05fe01ff06000102fcfb0303fe01ff0301fdfb
fe0302fd030201f9fafe01f9fcfafe0000050401fafffc05010205030204fd01
02fffdfe040105fdfbfc01020200fffe02010205fd03fefb01fefa030003faff
fcfe0401ff01fc0104fc0404fffcfb0502fd00fb0101feff03ff05040105ff03
0006ff040002ff030006fe03ff0301050400020405fdfdfffffc0104fcfef9fb
06060304fbfd0004fdfc00fafffc0002020101fc0403fefc0305fc0404040104
0404fcfc01fcfd04040204fffbfdfe000100fffe01040202fb0203fe0001fcfc
04020404fa010101ff04000404fc05fd01fcfbff0203fcfb03020201fffb00fa
0104fe030101ff0101fe0004000203fefeff010300fe01fd0505fa0004fefffb
01fc0700fffe05fc01fd0305fb01fdfe01fe0501ff01fcfe010402fd05fe04fd
02f9040101fffffb01020000ff02fc050101030400020201ff01fd0101fa0305
0502010201fd03fa0303fc0605fcfffd04fcfe02fd03000301fbff0406030101
fffcff0404fbfcfe030107fc0603010601050405ff01fffd03fe03030000fb02
fffbfcfe03fa040200fdfc04fb040304fcfa03fffdfefc01fd02fe030107fd02
00fdff070204fefc01fd010104fb000207fdfb040002fb01ff0407ff0101fbfb
0001fafefefffb04fcff0102010401010506fa04040501fefdfbfd00fbfbff02
fa04fd0505fdfdfafdfd01050302fffdfffd03fc030400fe01f9030002010304
ff0401010103fafffafb01fa00fffe06ff000103fffefe0400fe04fefffc0405
fdfc05fdfe0405fefd04fd01fefbfcf900fe0505fafa02f903fa000002010400
fb03fefc01fdfdff0105fe03fe0201050303040603fd040204fd05fdff01fd06
ff04fd01fc050003fbfeff0001fb01fc01fdfcfc04060304fb020100ff01fb02
fcfc04fdfe04000202fd05fb00fc02070106fd00fb00fd00000002fd00020300
ff00ff0400fe0401020302fe020002fefbfbff0100fe00fe05fc02020306fdff
fd03fdfbfa0003fa04fbfe04020304ff0503fffefb04fd0303fd05fd0602fdfe
fc02fcfcfefa04000303ff02fbfffd04fa00fdfe04fffcfc0505fd00fc0201fb
03fffe00fa0004fb02fd000400fe0000ff0603000601fb000102ff00f900fdfe
01fffc0403fc010601fcfefb04fe0201020305010200ff0200fe01fd01fefe01
fbfd0300fffefe00ffff0402ff00fd02040105fbfe0100040101000002fdfc05
03fd0602fd05feff0100fd03fffffefc03030402ff04fd00010506fdfdfdfd04
03fe0500fffbff01fefe01fcfb00fd01fffffe00030104010302010004fdfcfb
fc050204fc0202fafd060000fcff01fdfdfd00fe0003fe04fbfd06ff0103fc00
06fd05fdfffc0500fd0401fb0104ff02040406fc01fffafdfafcfa04fbfcfe03
03040604fc0302ffff06020102fcfbfcfffe02fe05fc04030204ff0100fdfd03
fa04fefe0003fcfdfffb0104fdfd02020207fbfe00060102fd01fb0100ff0404
000304fefdfcfd01020203fdfefd01fc02fc00fe0002fd01fffffe01fffdfe03
faff02feff030206040000fafb03000202fdfefdfefc00fcfc01fe0302030404
00fffcfc0002fd04000400fdfdf9fe0601010103040204fcfa05fd02fe0105fe
020405fe020304fe04020100fefdff07fe03fe01fff901fafd03fe02fffffdfd
010004ff01fe00020402fa0100fcfeffff05fc00ff05fd01fdfe07000101fdfd
fafd05fdfe04fd02fc0501fd0001fbfc040605ff03fc02fefffdfa02fbfcfc04
fefffcff0002fffbfbfb000405fc02fd03fcfb01fefffdfe00fe0501050200ff
0401fc05fc0201030702fcff010703fd04fcfa000004fffa020004fb0202fdfa
0302fcfbfdfe0200fbfe0300030601fefb01fb0502fe0306fefefcfd05010501
fbfffd01fa0203040706fb0103060302fdfa00fbfcfc0202fe0403fe03fb02fa
fefc0303fefcfbfb0406feff04030004fc0004fdfcf9fc01fc0206fd020103fc
050004ff00fe07fcfe01fc05fe01fefefd04fdfffe030406fbfcfb00070305fb
04fcfefdfe0202ff01fe04030000fb02fc0600fe00fb0404fd00030102fcfc05
fc0002030101fdfffef9fd0404fc0102ff0005fcfdfefffcfd0301ff00040502
01ff01fdff0104fa03fc0202fa00fdfc02fc000402ff01000004fd0304000403
03ffff01fd050503070603ff010303030101000200050301fd000403fb040400
fd01fffd04fe05fdfb00fcfe0401fdfb04ff030105030005fbfdfb00fcfd04fe
fd01fe01fefd0007fc04fbfffe0205fa000202fbfd04fefe00fe03feff03fdfb
02fe0403fffc0201ff0701fffb0102fb0105fffdfdfdfdfefbfdfa0004040100
fffcfdfefdfd03fafdff040100fcfa00fefcff00fdff0103fafe040400fcfffd
fb05fb0000fd01fa01fe0006ff05020306fcff0004fe050404fbfffe03fdfb02
fc0004ff040601040604010103fd00fe000303fd03fcff00ff0600ff0001fc06
ff02050106fe02fdfffafc03ff0104fb00fdfefd030202fbfefefefe03f907ff
f9fc0000fd07fffafe0500fcfeff00fd010103fc01030005fc04f9fc01ff0104
0105fdfd01ff0106fb0100ffff01fffc01fdfcfdfd0000fb050106fdfafefefc
fffe04fd0104fe0302000003fdfefdfefd0402fbfdfc0102fffcff03fefdfd01
05fefdfffe04ff0502020405fcfbfcfc040001fffe03fc02ff030501fc01fe01
02fcff0104fe0005fefe01fe0100030602fcfe00fffe05fc02fb030306ffff00
0501fdfb0100fafc0600ff01fd0403fffefafbfdf906ff0402f9fefefffb0403
03ff02fc00fdfdfdfa0005ff0100fd0403fe02fd02fbfbff03fbfd04030003fe
03fefa04fb04fe06fefc03fb000504ff03fdfd060004020005fe03fe03000202
fcfffcfdfdfefe03050300fd0504000503fd02ff040701010103050104fe00ff
fdfafd000302040400fa05fe04fcfb0300fefe020200fdfbfc01000305fd0203
fc0200030004ff0303fdfd0201fcfe01fef9000000fd0403060003040006fffb
ff0006fd02fffe00ff0001fdf9fdfdfb0203fdff05fe02fffc01ff02fd0406ff
fb050102fcfdfafa0001fcfd02010000030403ff04ff0404fcfdfeff01fb05fa
04fbfd050203fffc00fcfffbfbfbfefd0401030506020001fcfffc00fc04fc04
ff0100040403ff05fa0202000500fefffdfdff01ff0303fb050106feff03fcfe
fe02fb000404fd04fa000002030103fe0402fb0503040303fe00000302fc04fd
03fe03ff0405fffd0101fd01fefd02fefe05fe07fdfdfdfb02fcfc04fffd02ff
fefafd00fe0204fafc0505fe04fc0104ff0102010302fffcfb000503fb04fffd
000105fa01ff02fb00fffcfffefdfefb04ff020406f9040402030101fc02fc02
04fd050100fc00000301fe03fefbfefbfb02fffd02fe00fd0402fdff02020301
fdfbfd02010204fa00fa03fb0404fefefc05fb020105ff02fcfd06fef9fdff02
fefa0504fc0002fffdfc0003fcfb00fefb0102ff01020001fcfefcfb06000004
060504fb00fe01fc03ff0401fe01fffbfcfcff05fc03fe0201010101fe0505fd
fd05faff00fd02fffefd0400fe02fefcfb0001fc04fc01fefcfffbfff902fbfb
0501fb0203fffdfefc0103fcfbfa00050002fcfefc01fe040201fcfbfc0000fd
fffd02fffe000303f9fc04ffff05ff0303ff06fc050301fdff00fc03fb0402fb
06060303fc03fefdfefdfdfdfc05fffcfefe05040402fa04fcfdff02fb03fffe
0003fffe00fd01fe000706ff040301fbfe0100fd03fcfcfe0004fffa04fdfe04
fa01fefffbfcfc0502fb00050001fff90401fc0203fdfdfd0302fdfefd0104ff
ff03feff03030004ff02040403fdfc04fcfafd00fb05020405010406fe05fc01
fffcfefefd0002fa000501fefc06fcfdff00fe05fb0301fbfc0703fffeffff06
03040003fffd02fd04fc0104fb01010204fe0004ff03000100020103fefafe02
03fd04fdfc00ff0004fbfc0202fcfd00fcfafd020401fefefcfc03fcfc02fb04
00040403fe030303fcfe020403050305fd010000fdfffbff04fefe0300ff03ff
fffafa0002ff04030702fffa000006fb01fcfe03fcfefd01fc00ff05fefdff06
06fe0002ff02fdfe05fd03fe01000405030201fa02fdfc01fb040402ff05fdfe
0405fc0004fd020001fd06040503fff9030102000304fdfe01fe02f9030202ff
fc0401010002fe04fefe06fffe04feff03ff0200fdfe06fc0500fefc03fefb01
fc05fe0302fe00fefa00010400fe010403fcfe06fe0301fe00fafc010404fefe
05040301fb020100fb04fdfbfc0503ff03fd02fd03fd00fe07fc020005fcfc00
fd02fc04fc0502fd0403020003fd01fbfeff030403fe01ffff04fbfa02fb0100
fd0601fd020102fffd0001fffffd00fcfd06fdfefcfb06fffcffffff000207fd
fe07fafffd03fdfe060405fc04fc03fb02000303fc02fe00fe02faf901fdff01
0202fffffc0206fcfe000502fb04fefe03fdfb07fefdfefd0405ff02fe0102fd
00fb030301ff01fcfff9fd02fbfd010203060203f90301ff0200fb00fff9fa04
06fe030300fd05fdfdff00fd03000504010403fcfb0204ff03000206fe0100fc
050403fdff02fb02f90102fe01fd0402fe0102040403fa04fefe05fe0001fe01
04ff040403fdff020001ff0205fd01fe000101fb050103fd060003fcfc01fbff
00000506fffd0403fbfafd04fc03fefb02fd070201fb0604fc04fc030404fe03
06faff05ff01030501ff0600fffe0304fffd01fa04ff0007030606fe02fe02fc
fc02fd06fc01010103fefbfb0201fbfc020406fcff0401fc04fdff03ff060504
05fcfb00ff0101fa0202fd0304fdfe0000ff01fcfa01fdff06fdfa0000fb0606
0005fffefffe04fe03fd02fef9fd010701fcfefa04ff0202fc0105feff03fdff
ff0202fd0106020003fdfdfffefffd0000fffbfcfdfdfe01fd02ff05010100fe
fefe02fc04010502fd02020001000102000400fbfe0104fe01fb00fd00fbfdff
fe0101fdfdfd03040002fcfdfe030302fefdfbfe05fcfe0202fbfc000503fffd
ff0301fefffefdfb01fd000500fc03fdfdff0101fdfc030500fefcfdfefd0200
0403050501fdfe0402fff90303010701fffc04fe0303fc02fcfd0405fd04ff03
05fe070201fb02fd02fbfa03fbfd030503010002fb0202030101fefefdff0103
05fd05fb01fe0001ff03fc0005fd00fcfbfb03fd0003fe04fbfefefb0200fa00
04f9ff0303000403fefb00020003fc0002fe04fbfd0205fdfbff0103030402fe
fefc01fe04fffd00fdff0105fcfbfcfffcfbfe01fd0100fe0305fe05fc03fcfd
0000fefe0200fb050006fe060205fcfeff00fd05fe0204fe050304fefd04fb01
fcfdfb0403fefefcfbfefe0104000200fffc05fdfd010200fa02040401fcfbfc
05fd02fe01fe02fafffafd02fd0206020501fc01ff05fffb03fa0403fbfefefa
fcfefffd00fd02fe00fb010500fefcfb0305fe04fdfefd0001fd000202fdfefd
0503050202feff02040504ff05fcfe020206fbfffc06faff020604fb0404fcfb
fc0300fdfd0403ff05fb02f9ffff06ff010404fbfefe0203fd03ff01fdfbfc04
fcfffbfe0201030405fc000002010100030301fb04fbfdfffffbfe0204fffafa
fafbfb03fd0202fe01000303fd06020500fb000301010100fffdff0405010300
fd0201feff000501fd0000fe000301fefe03040303fe04fc05fafdfd00fb05fd
fcfd0201020303fffe0002fafe02fdfbfc040304ff05ff0205ff02fffd0103fd
0702fff90403010604fc0003020705fe0504ff0200fe05feff02000003fdfdff
0201fe020202020103fdfe0202fc010302050403fdfdff03fcfe01fe0004ff00
fd02fafbfd04fffdff030004fc0003060300fafefefc0501fe01fcfdfffc04fd
fd02000203ff000401fbfb04ff050604fd060401fd06fc000306ff0105ff06fc
020001fd03fffefd04050402ff0403fefffc00fa01fe0004fd010000fe0006ff
fc00fe00010400fd040007fc07fd05fb01fb030303feff0300fefdfd01fcfc04
fcfbfefa010201050003fcff020602fbfefa06020403fafdfe0400010300ff01
fafcff02fefdfc040105030504ff0305ff0003010203fb0102fbff0302010205
04fe01fefe03ff01fcfcfd03fdfbfffb000101fe0305fefefb02010000fc0001
00030300fd02fcff01fbfd01fd030303fffe050000020400ff0302020204ff03
02fdfafd00fcfd02fc02fc060303fffffe00fe03fc06fdfd0100fc00fcfe0603
06feff0203fd00fb0200060002ff04fd02fb0001fc02ffff000402ff030305fb
fc020002010103fbfc07fe00ff020303fb0202fcfefd01ff0105fffe0002fefd
fa0100fdfe03fffafafcfd00fefd0506fdfe02fd0303030305010003fe0101fe
fffdfd0402fe0203fdfefc0602fe03fcfffb00fc040503fd0206fcfdfcfffffd
f9040401ff00fd01fcfd0104fc00ff03fd0604fefe06fa01fcffff060103ff00
fdfb03fc02fd03fcfc0506fcfd0104fdfbfdfa04fffc03fd0404000100fcfb05
feff02f9fffefefffcfffb0504fdfefdff03fcff040201fc010300faff020404
0602ff01fdfbfd0001fefafc02fdfd02fc0101020402fcfd00fb0102fcfff904
0502ff05fcfe04fefd0206fb0505fffdfffb0500fefcff0402fc04fc0402fcfe
01f90501000000fd06fffbfb0304fd04ff04fbff03fc06ff0003000400fefc01
02050302020403fb02fa05fdfc0402fbfefdfcfbfcfb04ff03fe00ffff0002fb
050304fc04fafcfcfc00fefd03fdfafc00fcfa0202fefafffefcfe05ff05fb04
010301fffd010001fffd05fffbfa0101ff0401fffe0105030604fd04fdff04fd
f900050101fffe0201fc01fcff00fdfffd0002fb02fd04fd0306fefc01020002
06fe07ff02fb01ff06fbfeff04fffc0000050700ff00fc040205fffffffcfb01
fc0304fffafe00000105ff02fc03030401ff02010404fbfc00fb03fc06ff0200
05010500fc03fd00ff0301fffdfdfbfe040004010204fc020502fdfe04fc00fe
fefc00030200fe020301fc0400fefcfcfefefefdfefc05fefbfdfefc00000404
04fffb01040602fffe010103fffbfe03000203ff03fb04fefdfc0003fc03fefe
00010500000000fcff0404040302020002fe01fdfefc0501ff06fe020200fbfe
0101fe0202fdff04fafcfdfdff03fefc0002000102fffd00fc020304fdfd00fe
07000204ff040101fc0102fe010306fb040405fcfcfe0504fa02fcfffeff0503
020304030103050200ff020703ff05fd0403050504fe0100fd0101fe0405fe04
fffffafdff02fe06020100fe03fe02fb00ff03ff00fd03fe00000300ffffff02
0200ff0303ff0702fbfe05fb0303fefb00fefffcfc0201fffefafe01fffc01fd
00fb04fc0503fdff00fe05ff0505ff06fcfdfe01fc01ff030504030001fefd03
0204f90001010401060105ff04010202fefd01060101fb0305fd0100fcffff03
05030402fe010003fe03fd04fdfefc000300ff04fffffd00fafcfc02ff0405fc
fb04fbfffbfefffbfe010206fd030500fcfffdfd00fffb03fefdfdf90400fdfb
05fffffb0502fefb0503fa06fb04020600fdfc02ff01000006f901fd04030304
fa03fcf90004f90202ff03fffe000402f9fa00fcff01000106fb0101f905fe05
fc01030503fbfb020106fa00fefefbfffefbfffb0202fa00fffffc00fcff02ff
ff020607fdfc0206fb02fefefc05ff01ff00fc02fe040202fefe01fa0102fcfd
0100fc05fd01fe00fd0500040204fcff00fefe01060104fd01000101fbfc05fc
0204fd05ff03fefd01fe05fdff00ffff0206fcff00fd07fffcfffb02fffb04fe
0102fe0002fd0203fefd040102ff00fc000303fefe0003ff06fcfffafdfb01fb
0200040205fe000705030101ff0104fdff010301fffafc06010402fbff03fd02
01fd0505fefefcfc0103fa01ff010507fefffdfc06fc040301040401fffc04fc
040401faff0102fa02ff03fefd00fbfcfbfdff050001010403fe0205ff010503
03fe0003ffff00fb03f9fdfefffefdfe0600fe05ff07f9fefcff02fd000503f9
05fbfb02ff03fdfefdff0000fe04fc06ff04f9fa0505fdfffffd05fbfe06fefd
0400fffcfd00fbfb0200f9fe04ff0501fcf9fcfb03040202faff0203fefd04fe
fc0402010202fffd00ffffff0603fffe0503ff0504fefb0402fefffcfd0402fd
0102fefbfd030105fe00040201fbfe0201030205fd03ff02fe06fdfe05fd04fb
030000fffffdfefb000403fb03010100fffc000304fefa02fc01fc03fefcfefe
02040105fc03040002ff0100fcfffa03fdfeff010304fbff01fefffd0501fcfb
02fcfefd0104fffe04fdfefd010302fb020202fafb0102f90103f9fefdfdfc01
fbff0403fd0104020403ff010303fcfafc0204fbff020102ff00fe06fb030301
fa0203ff0400040404fffffe04fe03ffff02fefffbfe05fcfefe03fffffffa03
fb020000fffd04fbfbfc03fdfeff020604feffff04fe05020502040104fcfe00
fcfe04fe0201fefaff0003060103fb0501ff0106fd000201f905020205fd0301
020100fefcfa01fefc00fcfd00fdfd0201fdfe0404010503f903030406fe0704
fafcfc020206fefbfd0404030203fefe00fd01fb0402feff05fffc03fe05fbfa
fdfa04000702fc03fd0203fcfdfd00fefcfafafefdfc030100ff01fe00030102
00fafdff04ff03fcfcfefefd05fb0505fcff0202fbfd00fdfc05fd02fe060601
0202fc0100fefcfffbfd00040404ff0003fafe0302030402030201fefc0204fa
fc0603fe030504060202fcfe01fdfeff0200fcfcfb0204fc01fcfc0102fa02fc
ff02030600f9fe0002fcfc03fafffbfe02fbfe04fe05000501ff0001fd04fffc
0705fc030304fd0502fefe00fdfd02fc03010401fffc02fd01fdfdff00fe0303
fc00fd0400fbfc00fd01fb000002fcfdfffffafd0303fc030206020203fffbff
f90404fd00fc02fcfcff01fdfeff00fbfdfc040700fe0103020103fefcffff05
040402020005fe0603fc0004040404040406fcfc05ff00fcff0001fefc00fbff
f9ff05050000fdfcfffd0002fcffff03ff030105000203ffff0302fb03fd00ff
01ff00fd04050200fffffc04fefdfdf9ff0503fffffefe03fd00fc03fbfd05fd
0302fefd010100020201fb00040004fc02fd05000400fd02fb03fd05fcff01fe
fa04fbfffb06fcfb0404010103fd00fff905fffbfefcfe0207fa020000020004
020503fdfd0503fffefbfe05fc040205040404fd0003fdfdfc030103ffff0402
01030605fe00fdfe0403fc02fffa00fb020403050102fc0306fbfc030401ff03
0402030004ff00fdfc02ff010201ff00fc02fe06fc0005fffc0205020403fbfc
0004fd06020100fdfefa00fbfdff040403fc03fdfefcfb02fe01040405040604
